.text:08000000 ;
.text:08000000 ; +-------------------------------------------------------------------------+
.text:08000000 ; |   This file has been generated by The Interactive Disassembler (IDA)    |
.text:08000000 ; |           Copyright (c) 2018 Hex-Rays, <support@hex-rays.com>           |
.text:08000000 ; |                            Freeware version                             |
.text:08000000 ; +-------------------------------------------------------------------------+
.text:08000000 ;
.text:08000000 ; Input SHA256 : 0F6604BA1DD1371ABE79C2511174632479F50CF0250EB1AA53D4EE706C66126E
.text:08000000 ; Input MD5    : E28576DF77D583B0C42A16BEF12641F2
.text:08000000 ; Input CRC32  : 98E77F6D
.text:08000000
.text:08000000 ; File Name   : C:\Users\90542\OneDrive\Masaüstü\nasm_214_c_o\insnsn.o
.text:08000000 ; Format      : ELF for Intel 386 (Relocatable)
.text:08000000 ;
.text:08000000 ; Source File : 'insnsn.c'
.text:08000000
.text:08000000                 .686p
.text:08000000                 .mmx
.text:08000000                 .model flat
.text:08000000 .intel_syntax noprefix
.text:08000000
.text:08000000 ; ===========================================================================
.text:08000000
.text:08000000 ; Segment type: Zero-length
.text:08000000 ; Segment permissions: Read/Execute
.text:08000000 _text           segment dword public 'CODE' use32
.text:08000000 _text           ends
.text:08000000
.data:08000004 ; ===========================================================================
.data:08000004
.data:08000004 ; Segment type: Pure data
.data:08000004 ; Segment permissions: Read/Write
.data:08000004 _data           segment dword public 'DATA' use32
.data:08000004                 assume cs:_data
.data:08000004                 ;org 8000004h
.data:08000004                 public nasm_insn_names
.data:08000004 nasm_insn_names dd offset L_0           ; "db"
.data:08000008                 dd offset L_1           ; "dw"
.data:0800000C                 dd offset L_2           ; "dd"
.data:08000010                 dd offset L_3           ; "dq"
.data:08000014                 dd offset L_4           ; "dt"
.data:08000018                 dd offset L_5           ; "do"
.data:0800001C                 dd offset L_6           ; "dy"
.data:08000020                 dd offset L_7           ; "dz"
.data:08000024                 dd offset L_8           ; "resb"
.data:08000028                 dd offset L_9           ; "resw"
.data:0800002C                 dd offset L_10          ; "resd"
.data:08000030                 dd offset L_11          ; "resq"
.data:08000034                 dd offset L_12          ; "rest"
.data:08000038                 dd offset L_13          ; "reso"
.data:0800003C                 dd offset L_14          ; "resy"
.data:08000040                 dd offset L_15          ; "resz"
.data:08000044                 dd offset L_16          ; "incbin"
.data:08000048                 dd offset L_17          ; "aaa"
.data:0800004C                 dd offset L_18          ; "aad"
.data:08000050                 dd offset L_19          ; "aam"
.data:08000054                 dd offset L_20          ; "aas"
.data:08000058                 dd offset L_21          ; "adc"
.data:0800005C                 dd offset L_22          ; "add"
.data:08000060                 dd offset L_23          ; "and"
.data:08000064                 dd offset L_24          ; "arpl"
.data:08000068                 dd offset L_25          ; "bb0_reset"
.data:0800006C                 dd offset L_26          ; "bb1_reset"
.data:08000070                 dd offset L_27          ; "bound"
.data:08000074                 dd offset L_28          ; "bsf"
.data:08000078                 dd offset L_29          ; "bsr"
.data:0800007C                 dd offset L_30          ; "bswap"
.data:08000080                 dd offset L_31          ; "bt"
.data:08000084                 dd offset L_32          ; "btc"
.data:08000088                 dd offset L_33          ; "btr"
.data:0800008C                 dd offset L_34          ; "bts"
.data:08000090                 dd offset L_35          ; "call"
.data:08000094                 dd offset L_36          ; "cbw"
.data:08000098                 dd offset L_37          ; "cdq"
.data:0800009C                 dd offset L_38          ; "cdqe"
.data:080000A0                 dd offset L_39          ; "clc"
.data:080000A4                 dd offset L_40          ; "cld"
.data:080000A8                 dd offset L_41          ; "cli"
.data:080000AC                 dd offset L_42          ; "clts"
.data:080000B0                 dd offset L_43          ; "cmc"
.data:080000B4                 dd offset L_44          ; "cmp"
.data:080000B8                 dd offset L_45          ; "cmpsb"
.data:080000BC                 dd offset L_46          ; "cmpsd"
.data:080000C0                 dd offset L_47          ; "cmpsq"
.data:080000C4                 dd offset L_48          ; "cmpsw"
.data:080000C8                 dd offset L_49          ; "cmpxchg"
.data:080000CC                 dd offset L_50          ; "cmpxchg486"
.data:080000D0                 dd offset L_51          ; "cmpxchg8b"
.data:080000D4                 dd offset L_52          ; "cmpxchg16b"
.data:080000D8                 dd offset L_53          ; "cpuid"
.data:080000DC                 dd offset L_54          ; "cpu_read"
.data:080000E0                 dd offset L_55          ; "cpu_write"
.data:080000E4                 dd offset L_56          ; "cqo"
.data:080000E8                 dd offset L_57          ; "cwd"
.data:080000EC                 dd offset L_58          ; "cwde"
.data:080000F0                 dd offset L_59          ; "daa"
.data:080000F4                 dd offset L_60          ; "das"
.data:080000F8                 dd offset L_61          ; "dec"
.data:080000FC                 dd offset L_62          ; "div"
.data:08000100                 dd offset L_63          ; "dmint"
.data:08000104                 dd offset L_64          ; "emms"
.data:08000108                 dd offset L_65          ; "enter"
.data:0800010C                 dd offset L_66          ; "equ"
.data:08000110                 dd offset L_67          ; "f2xm1"
.data:08000114                 dd offset L_68          ; "fabs"
.data:08000118                 dd offset L_69          ; "fadd"
.data:0800011C                 dd offset L_70          ; "faddp"
.data:08000120                 dd offset L_71          ; "fbld"
.data:08000124                 dd offset L_72          ; "fbstp"
.data:08000128                 dd offset L_73          ; "fchs"
.data:0800012C                 dd offset L_74          ; "fclex"
.data:08000130                 dd offset L_75          ; "fcmovb"
.data:08000134                 dd offset L_76          ; "fcmovbe"
.data:08000138                 dd offset L_77          ; "fcmove"
.data:0800013C                 dd offset L_78          ; "fcmovnb"
.data:08000140                 dd offset L_79          ; "fcmovnbe"
.data:08000144                 dd offset L_80          ; "fcmovne"
.data:08000148                 dd offset L_81          ; "fcmovnu"
.data:0800014C                 dd offset L_82          ; "fcmovu"
.data:08000150                 dd offset L_83          ; "fcom"
.data:08000154                 dd offset L_84          ; "fcomi"
.data:08000158                 dd offset L_85          ; "fcomip"
.data:0800015C                 dd offset L_86          ; "fcomp"
.data:08000160                 dd offset L_87          ; "fcompp"
.data:08000164                 dd offset L_88          ; "fcos"
.data:08000168                 dd offset L_89          ; "fdecstp"
.data:0800016C                 dd offset L_90          ; "fdisi"
.data:08000170                 dd offset L_91          ; "fdiv"
.data:08000174                 dd offset L_92          ; "fdivp"
.data:08000178                 dd offset L_93          ; "fdivr"
.data:0800017C                 dd offset L_94          ; "fdivrp"
.data:08000180                 dd offset L_95          ; "femms"
.data:08000184                 dd offset L_96          ; "feni"
.data:08000188                 dd offset L_97          ; "ffree"
.data:0800018C                 dd offset L_98          ; "ffreep"
.data:08000190                 dd offset L_99          ; "fiadd"
.data:08000194                 dd offset L_100         ; "ficom"
.data:08000198                 dd offset L_101         ; "ficomp"
.data:0800019C                 dd offset L_102         ; "fidiv"
.data:080001A0                 dd offset L_103         ; "fidivr"
.data:080001A4                 dd offset L_104         ; "fild"
.data:080001A8                 dd offset L_105         ; "fimul"
.data:080001AC                 dd offset L_106         ; "fincstp"
.data:080001B0                 dd offset L_107         ; "finit"
.data:080001B4                 dd offset L_108         ; "fist"
.data:080001B8                 dd offset L_109         ; "fistp"
.data:080001BC                 dd offset L_110         ; "fisttp"
.data:080001C0                 dd offset L_111         ; "fisub"
.data:080001C4                 dd offset L_112         ; "fisubr"
.data:080001C8                 dd offset L_113         ; "fld"
.data:080001CC                 dd offset L_114         ; "fld1"
.data:080001D0                 dd offset L_115         ; "fldcw"
.data:080001D4                 dd offset L_116         ; "fldenv"
.data:080001D8                 dd offset L_117         ; "fldl2e"
.data:080001DC                 dd offset L_118         ; "fldl2t"
.data:080001E0                 dd offset L_119         ; "fldlg2"
.data:080001E4                 dd offset L_120         ; "fldln2"
.data:080001E8                 dd offset L_121         ; "fldpi"
.data:080001EC                 dd offset L_122         ; "fldz"
.data:080001F0                 dd offset L_123         ; "fmul"
.data:080001F4                 dd offset L_124         ; "fmulp"
.data:080001F8                 dd offset L_125         ; "fnclex"
.data:080001FC                 dd offset L_126         ; "fndisi"
.data:08000200                 dd offset L_127         ; "fneni"
.data:08000204                 dd offset L_128         ; "fninit"
.data:08000208                 dd offset L_129         ; "fnop"
.data:0800020C                 dd offset L_130         ; "fnsave"
.data:08000210                 dd offset L_131         ; "fnstcw"
.data:08000214                 dd offset L_132         ; "fnstenv"
.data:08000218                 dd offset L_133         ; "fnstsw"
.data:0800021C                 dd offset L_134         ; "fpatan"
.data:08000220                 dd offset L_135         ; "fprem"
.data:08000224                 dd offset L_136         ; "fprem1"
.data:08000228                 dd offset L_137         ; "fptan"
.data:0800022C                 dd offset L_138         ; "frndint"
.data:08000230                 dd offset L_139         ; "frstor"
.data:08000234                 dd offset L_140         ; "fsave"
.data:08000238                 dd offset L_141         ; "fscale"
.data:0800023C                 dd offset L_142         ; "fsetpm"
.data:08000240                 dd offset L_143         ; "fsin"
.data:08000244                 dd offset L_144         ; "fsincos"
.data:08000248                 dd offset L_145         ; "fsqrt"
.data:0800024C                 dd offset L_146         ; "fst"
.data:08000250                 dd offset L_147         ; "fstcw"
.data:08000254                 dd offset L_148         ; "fstenv"
.data:08000258                 dd offset L_149         ; "fstp"
.data:0800025C                 dd offset L_150         ; "fstsw"
.data:08000260                 dd offset L_151         ; "fsub"
.data:08000264                 dd offset L_152         ; "fsubp"
.data:08000268                 dd offset L_153         ; "fsubr"
.data:0800026C                 dd offset L_154         ; "fsubrp"
.data:08000270                 dd offset L_155         ; "ftst"
.data:08000274                 dd offset L_156         ; "fucom"
.data:08000278                 dd offset L_157         ; "fucomi"
.data:0800027C                 dd offset L_158         ; "fucomip"
.data:08000280                 dd offset L_159         ; "fucomp"
.data:08000284                 dd offset L_160         ; "fucompp"
.data:08000288                 dd offset L_161         ; "fxam"
.data:0800028C                 dd offset L_162         ; "fxch"
.data:08000290                 dd offset L_163         ; "fxtract"
.data:08000294                 dd offset L_164         ; "fyl2x"
.data:08000298                 dd offset L_165         ; "fyl2xp1"
.data:0800029C                 dd offset L_166         ; "hlt"
.data:080002A0                 dd offset L_167         ; "ibts"
.data:080002A4                 dd offset L_168         ; "icebp"
.data:080002A8                 dd offset L_169         ; "idiv"
.data:080002AC                 dd offset L_170         ; "imul"
.data:080002B0                 dd offset L_171         ; "in"
.data:080002B4                 dd offset L_172         ; "inc"
.data:080002B8                 dd offset L_173         ; "insb"
.data:080002BC                 dd offset L_174         ; "insd"
.data:080002C0                 dd offset L_175         ; "insw"
.data:080002C4                 dd offset L_176         ; "int"
.data:080002C8                 dd offset L_177         ; "int01"
.data:080002CC                 dd offset L_178         ; "int1"
.data:080002D0                 dd offset L_179         ; "int03"
.data:080002D4                 dd offset L_180         ; "int3"
.data:080002D8                 dd offset L_181         ; "into"
.data:080002DC                 dd offset L_182         ; "invd"
.data:080002E0                 dd offset L_183         ; "invpcid"
.data:080002E4                 dd offset L_184         ; "invlpg"
.data:080002E8                 dd offset L_185         ; "invlpga"
.data:080002EC                 dd offset L_186         ; "iret"
.data:080002F0                 dd offset L_187         ; "iretd"
.data:080002F4                 dd offset L_188         ; "iretq"
.data:080002F8                 dd offset L_189         ; "iretw"
.data:080002FC                 dd offset L_190         ; "jcxz"
.data:08000300                 dd offset L_191         ; "jecxz"
.data:08000304                 dd offset L_192         ; "jrcxz"
.data:08000308                 dd offset L_193         ; "jmp"
.data:0800030C                 dd offset L_194         ; "jmpe"
.data:08000310                 dd offset L_195         ; "lahf"
.data:08000314                 dd offset L_196         ; "lar"
.data:08000318                 dd offset L_197         ; "lds"
.data:0800031C                 dd offset L_198         ; "lea"
.data:08000320                 dd offset L_199         ; "leave"
.data:08000324                 dd offset L_200         ; "les"
.data:08000328                 dd offset L_201         ; "lfence"
.data:0800032C                 dd offset L_202         ; "lfs"
.data:08000330                 dd offset L_203         ; "lgdt"
.data:08000334                 dd offset L_204         ; "lgs"
.data:08000338                 dd offset L_205         ; "lidt"
.data:0800033C                 dd offset L_206         ; "lldt"
.data:08000340                 dd offset L_207         ; "lmsw"
.data:08000344                 dd offset L_208         ; "loadall"
.data:08000348                 dd offset L_209         ; "loadall286"
.data:0800034C                 dd offset L_210         ; "lodsb"
.data:08000350                 dd offset L_211         ; "lodsd"
.data:08000354                 dd offset L_212         ; "lodsq"
.data:08000358                 dd offset L_213         ; "lodsw"
.data:0800035C                 dd offset L_214         ; "loop"
.data:08000360                 dd offset L_215         ; "loope"
.data:08000364                 dd offset L_216         ; "loopne"
.data:08000368                 dd offset L_217         ; "loopnz"
.data:0800036C                 dd offset L_218         ; "loopz"
.data:08000370                 dd offset L_219         ; "lsl"
.data:08000374                 dd offset L_220         ; "lss"
.data:08000378                 dd offset L_221         ; "ltr"
.data:0800037C                 dd offset L_222         ; "mfence"
.data:08000380                 dd offset L_223         ; "monitor"
.data:08000384                 dd offset L_224         ; "monitorx"
.data:08000388                 dd offset L_225         ; "mov"
.data:0800038C                 dd offset L_226         ; "movd"
.data:08000390                 dd offset L_227         ; "movq"
.data:08000394                 dd offset L_228         ; "movsb"
.data:08000398                 dd offset L_229         ; "movsd"
.data:0800039C                 dd offset L_230         ; "movsq"
.data:080003A0                 dd offset L_231         ; "movsw"
.data:080003A4                 dd offset L_232         ; "movsx"
.data:080003A8                 dd offset L_233         ; "movsxd"
.data:080003AC                 dd offset L_234         ; "movzx"
.data:080003B0                 dd offset L_235         ; "mul"
.data:080003B4                 dd offset L_236         ; "mwait"
.data:080003B8                 dd offset L_237         ; "mwaitx"
.data:080003BC                 dd offset L_238         ; "neg"
.data:080003C0                 dd offset L_239         ; "nop"
.data:080003C4                 dd offset L_240         ; "not"
.data:080003C8                 dd offset L_241         ; "or"
.data:080003CC                 dd offset L_242         ; "out"
.data:080003D0                 dd offset L_243         ; "outsb"
.data:080003D4                 dd offset L_244         ; "outsd"
.data:080003D8                 dd offset L_245         ; "outsw"
.data:080003DC                 dd offset L_246         ; "packssdw"
.data:080003E0                 dd offset L_247         ; "packsswb"
.data:080003E4                 dd offset L_248         ; "packuswb"
.data:080003E8                 dd offset L_249         ; "paddb"
.data:080003EC                 dd offset L_250         ; "paddd"
.data:080003F0                 dd offset L_251         ; "paddsb"
.data:080003F4                 dd offset L_252         ; "paddsiw"
.data:080003F8                 dd offset L_253         ; "paddsw"
.data:080003FC                 dd offset L_254         ; "paddusb"
.data:08000400                 dd offset L_255         ; "paddusw"
.data:08000404                 dd offset L_256         ; "paddw"
.data:08000408                 dd offset L_257         ; "pand"
.data:0800040C                 dd offset L_258         ; "pandn"
.data:08000410                 dd offset L_259         ; "pause"
.data:08000414                 dd offset L_260         ; "paveb"
.data:08000418                 dd offset L_261         ; "pavgusb"
.data:0800041C                 dd offset L_262         ; "pcmpeqb"
.data:08000420                 dd offset L_263         ; "pcmpeqd"
.data:08000424                 dd offset L_264         ; "pcmpeqw"
.data:08000428                 dd offset L_265         ; "pcmpgtb"
.data:0800042C                 dd offset L_266         ; "pcmpgtd"
.data:08000430                 dd offset L_267         ; "pcmpgtw"
.data:08000434                 dd offset L_268         ; "pdistib"
.data:08000438                 dd offset L_269         ; "pf2id"
.data:0800043C                 dd offset L_270         ; "pfacc"
.data:08000440                 dd offset L_271         ; "pfadd"
.data:08000444                 dd offset L_272         ; "pfcmpeq"
.data:08000448                 dd offset L_273         ; "pfcmpge"
.data:0800044C                 dd offset L_274         ; "pfcmpgt"
.data:08000450                 dd offset L_275         ; "pfmax"
.data:08000454                 dd offset L_276         ; "pfmin"
.data:08000458                 dd offset L_277         ; "pfmul"
.data:0800045C                 dd offset L_278         ; "pfrcp"
.data:08000460                 dd offset L_279         ; "pfrcpit1"
.data:08000464                 dd offset L_280         ; "pfrcpit2"
.data:08000468                 dd offset L_281         ; "pfrsqit1"
.data:0800046C                 dd offset L_282         ; "pfrsqrt"
.data:08000470                 dd offset L_283         ; "pfsub"
.data:08000474                 dd offset L_284         ; "pfsubr"
.data:08000478                 dd offset L_285         ; "pi2fd"
.data:0800047C                 dd offset L_286         ; "pmachriw"
.data:08000480                 dd offset L_287         ; "pmaddwd"
.data:08000484                 dd offset L_288         ; "pmagw"
.data:08000488                 dd offset L_289         ; "pmulhriw"
.data:0800048C                 dd offset L_290         ; "pmulhrwa"
.data:08000490                 dd offset L_291         ; "pmulhrwc"
.data:08000494                 dd offset L_292         ; "pmulhw"
.data:08000498                 dd offset L_293         ; "pmullw"
.data:0800049C                 dd offset L_294         ; "pmvgezb"
.data:080004A0                 dd offset L_295         ; "pmvlzb"
.data:080004A4                 dd offset L_296         ; "pmvnzb"
.data:080004A8                 dd offset L_297         ; "pmvzb"
.data:080004AC                 dd offset L_298         ; "pop"
.data:080004B0                 dd offset L_299         ; "popa"
.data:080004B4                 dd offset L_300         ; "popad"
.data:080004B8                 dd offset L_301         ; "popaw"
.data:080004BC                 dd offset L_302         ; "popf"
.data:080004C0                 dd offset L_303         ; "popfd"
.data:080004C4                 dd offset L_304         ; "popfq"
.data:080004C8                 dd offset L_305         ; "popfw"
.data:080004CC                 dd offset L_306         ; "por"
.data:080004D0                 dd offset L_307         ; "prefetch"
.data:080004D4                 dd offset L_308         ; "prefetchw"
.data:080004D8                 dd offset L_309         ; "pslld"
.data:080004DC                 dd offset L_310         ; "psllq"
.data:080004E0                 dd offset L_311         ; "psllw"
.data:080004E4                 dd offset L_312         ; "psrad"
.data:080004E8                 dd offset L_313         ; "psraw"
.data:080004EC                 dd offset L_314         ; "psrld"
.data:080004F0                 dd offset L_315         ; "psrlq"
.data:080004F4                 dd offset L_316         ; "psrlw"
.data:080004F8                 dd offset L_317         ; "psubb"
.data:080004FC                 dd offset L_318         ; "psubd"
.data:08000500                 dd offset L_319         ; "psubsb"
.data:08000504                 dd offset L_320         ; "psubsiw"
.data:08000508                 dd offset L_321         ; "psubsw"
.data:0800050C                 dd offset L_322         ; "psubusb"
.data:08000510                 dd offset L_323         ; "psubusw"
.data:08000514                 dd offset L_324         ; "psubw"
.data:08000518                 dd offset L_325         ; "punpckhbw"
.data:0800051C                 dd offset L_326         ; "punpckhdq"
.data:08000520                 dd offset L_327         ; "punpckhwd"
.data:08000524                 dd offset L_328         ; "punpcklbw"
.data:08000528                 dd offset L_329         ; "punpckldq"
.data:0800052C                 dd offset L_330         ; "punpcklwd"
.data:08000530                 dd offset L_331         ; "push"
.data:08000534                 dd offset L_332         ; "pusha"
.data:08000538                 dd offset L_333         ; "pushad"
.data:0800053C                 dd offset L_334         ; "pushaw"
.data:08000540                 dd offset L_335         ; "pushf"
.data:08000544                 dd offset L_336         ; "pushfd"
.data:08000548                 dd offset L_337         ; "pushfq"
.data:0800054C                 dd offset L_338         ; "pushfw"
.data:08000550                 dd offset L_339         ; "pxor"
.data:08000554                 dd offset L_340         ; "rcl"
.data:08000558                 dd offset L_341         ; "rcr"
.data:0800055C                 dd offset L_342         ; "rdshr"
.data:08000560                 dd offset L_343         ; "rdmsr"
.data:08000564                 dd offset L_344         ; "rdpmc"
.data:08000568                 dd offset L_345         ; "rdtsc"
.data:0800056C                 dd offset L_346         ; "rdtscp"
.data:08000570                 dd offset L_347         ; "ret"
.data:08000574                 dd offset L_348         ; "retf"
.data:08000578                 dd offset L_349         ; "retn"
.data:0800057C                 dd offset L_350         ; "retw"
.data:08000580                 dd offset L_351         ; "retfw"
.data:08000584                 dd offset L_352         ; "retnw"
.data:08000588                 dd offset L_353         ; "retd"
.data:0800058C                 dd offset L_354         ; "retfd"
.data:08000590                 dd offset L_355         ; "retnd"
.data:08000594                 dd offset L_356         ; "retq"
.data:08000598                 dd offset L_357         ; "retfq"
.data:0800059C                 dd offset L_358         ; "retnq"
.data:080005A0                 dd offset L_359         ; "rol"
.data:080005A4                 dd offset L_360         ; "ror"
.data:080005A8                 dd offset L_361         ; "rdm"
.data:080005AC                 dd offset L_362         ; "rsdc"
.data:080005B0                 dd offset L_363         ; "rsldt"
.data:080005B4                 dd offset L_364         ; "rsm"
.data:080005B8                 dd offset L_365         ; "rsts"
.data:080005BC                 dd offset L_366         ; "sahf"
.data:080005C0                 dd offset L_367         ; "sal"
.data:080005C4                 dd offset L_368         ; "salc"
.data:080005C8                 dd offset L_369         ; "sar"
.data:080005CC                 dd offset L_370         ; "sbb"
.data:080005D0                 dd offset L_371         ; "scasb"
.data:080005D4                 dd offset L_372         ; "scasd"
.data:080005D8                 dd offset L_373         ; "scasq"
.data:080005DC                 dd offset L_374         ; "scasw"
.data:080005E0                 dd offset L_375         ; "sfence"
.data:080005E4                 dd offset L_376         ; "sgdt"
.data:080005E8                 dd offset L_377         ; "shl"
.data:080005EC                 dd offset L_378         ; "shld"
.data:080005F0                 dd offset L_379         ; "shr"
.data:080005F4                 dd offset L_380         ; "shrd"
.data:080005F8                 dd offset L_381         ; "sidt"
.data:080005FC                 dd offset L_382         ; "sldt"
.data:08000600                 dd offset L_383         ; "skinit"
.data:08000604                 dd offset L_384         ; "smi"
.data:08000608                 dd offset L_385         ; "smint"
.data:0800060C                 dd offset L_386         ; "smintold"
.data:08000610                 dd offset L_387         ; "smsw"
.data:08000614                 dd offset L_388         ; "stc"
.data:08000618                 dd offset L_389         ; "std"
.data:0800061C                 dd offset L_390         ; "sti"
.data:08000620                 dd offset L_391         ; "stosb"
.data:08000624                 dd offset L_392         ; "stosd"
.data:08000628                 dd offset L_393         ; "stosq"
.data:0800062C                 dd offset L_394         ; "stosw"
.data:08000630                 dd offset L_395         ; "str"
.data:08000634                 dd offset L_396         ; "sub"
.data:08000638                 dd offset L_397         ; "svdc"
.data:0800063C                 dd offset L_398         ; "svldt"
.data:08000640                 dd offset L_399         ; "svts"
.data:08000644                 dd offset L_400         ; "swapgs"
.data:08000648                 dd offset L_401         ; "syscall"
.data:0800064C                 dd offset L_402         ; "sysenter"
.data:08000650                 dd offset L_403         ; "sysexit"
.data:08000654                 dd offset L_404         ; "sysret"
.data:08000658                 dd offset L_405         ; "test"
.data:0800065C                 dd offset L_406         ; "ud0"
.data:08000660                 dd offset L_407         ; "ud1"
.data:08000664                 dd offset L_408         ; "ud2b"
.data:08000668                 dd offset L_409         ; "ud2"
.data:0800066C                 dd offset L_410         ; "ud2a"
.data:08000670                 dd offset L_411         ; "umov"
.data:08000674                 dd offset L_412         ; "verr"
.data:08000678                 dd offset L_413         ; "verw"
.data:0800067C                 dd offset L_414         ; "fwait"
.data:08000680                 dd offset L_415         ; "wbinvd"
.data:08000684                 dd offset L_416         ; "wrshr"
.data:08000688                 dd offset L_417         ; "wrmsr"
.data:0800068C                 dd offset L_418         ; "xadd"
.data:08000690                 dd offset L_419         ; "xbts"
.data:08000694                 dd offset L_420         ; "xchg"
.data:08000698                 dd offset L_421         ; "xlatb"
.data:0800069C                 dd offset L_422         ; "xlat"
.data:080006A0                 dd offset L_423         ; "xor"
.data:080006A4                 dd offset L_424         ; "addps"
.data:080006A8                 dd offset L_425         ; "addss"
.data:080006AC                 dd offset L_426         ; "andnps"
.data:080006B0                 dd offset L_427         ; "andps"
.data:080006B4                 dd offset L_428         ; "cmpeqps"
.data:080006B8                 dd offset L_429         ; "cmpeqss"
.data:080006BC                 dd offset L_430         ; "cmpleps"
.data:080006C0                 dd offset L_431         ; "cmpless"
.data:080006C4                 dd offset L_432         ; "cmpltps"
.data:080006C8                 dd offset L_433         ; "cmpltss"
.data:080006CC                 dd offset L_434         ; "cmpneqps"
.data:080006D0                 dd offset L_435         ; "cmpneqss"
.data:080006D4                 dd offset L_436         ; "cmpnleps"
.data:080006D8                 dd offset L_437         ; "cmpnless"
.data:080006DC                 dd offset L_438         ; "cmpnltps"
.data:080006E0                 dd offset L_439         ; "cmpnltss"
.data:080006E4                 dd offset L_440         ; "cmpordps"
.data:080006E8                 dd offset L_441         ; "cmpordss"
.data:080006EC                 dd offset L_442         ; "cmpunordps"
.data:080006F0                 dd offset L_443         ; "cmpunordss"
.data:080006F4                 dd offset L_444         ; "cmpps"
.data:080006F8                 dd offset L_445         ; "cmpss"
.data:080006FC                 dd offset L_446         ; "comiss"
.data:08000700                 dd offset L_447         ; "cvtpi2ps"
.data:08000704                 dd offset L_448         ; "cvtps2pi"
.data:08000708                 dd offset L_449         ; "cvtsi2ss"
.data:0800070C                 dd offset L_450         ; "cvtss2si"
.data:08000710                 dd offset L_451         ; "cvttps2pi"
.data:08000714                 dd offset L_452         ; "cvttss2si"
.data:08000718                 dd offset L_453         ; "divps"
.data:0800071C                 dd offset L_454         ; "divss"
.data:08000720                 dd offset L_455         ; "ldmxcsr"
.data:08000724                 dd offset L_456         ; "maxps"
.data:08000728                 dd offset L_457         ; "maxss"
.data:0800072C                 dd offset L_458         ; "minps"
.data:08000730                 dd offset L_459         ; "minss"
.data:08000734                 dd offset L_460         ; "movaps"
.data:08000738                 dd offset L_461         ; "movhps"
.data:0800073C                 dd offset L_462         ; "movlhps"
.data:08000740                 dd offset L_463         ; "movlps"
.data:08000744                 dd offset L_464         ; "movhlps"
.data:08000748                 dd offset L_465         ; "movmskps"
.data:0800074C                 dd offset L_466         ; "movntps"
.data:08000750                 dd offset L_467         ; "movss"
.data:08000754                 dd offset L_468         ; "movups"
.data:08000758                 dd offset L_469         ; "mulps"
.data:0800075C                 dd offset L_470         ; "mulss"
.data:08000760                 dd offset L_471         ; "orps"
.data:08000764                 dd offset L_472         ; "rcpps"
.data:08000768                 dd offset L_473         ; "rcpss"
.data:0800076C                 dd offset L_474         ; "rsqrtps"
.data:08000770                 dd offset L_475         ; "rsqrtss"
.data:08000774                 dd offset L_476         ; "shufps"
.data:08000778                 dd offset L_477         ; "sqrtps"
.data:0800077C                 dd offset L_478         ; "sqrtss"
.data:08000780                 dd offset L_479         ; "stmxcsr"
.data:08000784                 dd offset L_480         ; "subps"
.data:08000788                 dd offset L_481         ; "subss"
.data:0800078C                 dd offset L_482         ; "ucomiss"
.data:08000790                 dd offset L_483         ; "unpckhps"
.data:08000794                 dd offset L_484         ; "unpcklps"
.data:08000798                 dd offset L_485         ; "xorps"
.data:0800079C                 dd offset L_486         ; "fxrstor"
.data:080007A0                 dd offset L_487         ; "fxrstor64"
.data:080007A4                 dd offset L_488         ; "fxsave"
.data:080007A8                 dd offset L_489         ; "fxsave64"
.data:080007AC                 dd offset L_490         ; "xgetbv"
.data:080007B0                 dd offset L_491         ; "xsetbv"
.data:080007B4                 dd offset L_492         ; "xsave"
.data:080007B8                 dd offset L_493         ; "xsave64"
.data:080007BC                 dd offset L_494         ; "xsavec"
.data:080007C0                 dd offset L_495         ; "xsavec64"
.data:080007C4                 dd offset L_496         ; "xsaveopt"
.data:080007C8                 dd offset L_497         ; "xsaveopt64"
.data:080007CC                 dd offset L_498         ; "xsaves"
.data:080007D0                 dd offset L_499         ; "xsaves64"
.data:080007D4                 dd offset L_500         ; "xrstor"
.data:080007D8                 dd offset L_501         ; "xrstor64"
.data:080007DC                 dd offset L_502         ; "xrstors"
.data:080007E0                 dd offset L_503         ; "xrstors64"
.data:080007E4                 dd offset L_504         ; "prefetchnta"
.data:080007E8                 dd offset L_505         ; "prefetcht0"
.data:080007EC                 dd offset L_506         ; "prefetcht1"
.data:080007F0                 dd offset L_507         ; "prefetcht2"
.data:080007F4                 dd offset L_508         ; "maskmovq"
.data:080007F8                 dd offset L_509         ; "movntq"
.data:080007FC                 dd offset L_510         ; "pavgb"
.data:08000800                 dd offset L_511         ; "pavgw"
.data:08000804                 dd offset L_512         ; "pextrw"
.data:08000808                 dd offset L_513         ; "pinsrw"
.data:0800080C                 dd offset L_514         ; "pmaxsw"
.data:08000810                 dd offset L_515         ; "pmaxub"
.data:08000814                 dd offset L_516         ; "pminsw"
.data:08000818                 dd offset L_517         ; "pminub"
.data:0800081C                 dd offset L_518         ; "pmovmskb"
.data:08000820                 dd offset L_519         ; "pmulhuw"
.data:08000824                 dd offset L_520         ; "psadbw"
.data:08000828                 dd offset L_521         ; "pshufw"
.data:0800082C                 dd offset L_522         ; "pf2iw"
.data:08000830                 dd offset L_523         ; "pfnacc"
.data:08000834                 dd offset L_524         ; "pfpnacc"
.data:08000838                 dd offset L_525         ; "pi2fw"
.data:0800083C                 dd offset L_526         ; "pswapd"
.data:08000840                 dd offset L_527         ; "maskmovdqu"
.data:08000844                 dd offset L_528         ; "clflush"
.data:08000848                 dd offset L_529         ; "movntdq"
.data:0800084C                 dd offset L_530         ; "movnti"
.data:08000850                 dd offset L_531         ; "movntpd"
.data:08000854                 dd offset L_532         ; "movdqa"
.data:08000858                 dd offset L_533         ; "movdqu"
.data:0800085C                 dd offset L_534         ; "movdq2q"
.data:08000860                 dd offset L_535         ; "movq2dq"
.data:08000864                 dd offset L_536         ; "paddq"
.data:08000868                 dd offset L_537         ; "pmuludq"
.data:0800086C                 dd offset L_538         ; "pshufd"
.data:08000870                 dd offset L_539         ; "pshufhw"
.data:08000874                 dd offset L_540         ; "pshuflw"
.data:08000878                 dd offset L_541         ; "pslldq"
.data:0800087C                 dd offset L_542         ; "psrldq"
.data:08000880                 dd offset L_543         ; "psubq"
.data:08000884                 dd offset L_544         ; "punpckhqdq"
.data:08000888                 dd offset L_545         ; "punpcklqdq"
.data:0800088C                 dd offset L_546         ; "addpd"
.data:08000890                 dd offset L_547         ; "addsd"
.data:08000894                 dd offset L_548         ; "andnpd"
.data:08000898                 dd offset L_549         ; "andpd"
.data:0800089C                 dd offset L_550         ; "cmpeqpd"
.data:080008A0                 dd offset L_551         ; "cmpeqsd"
.data:080008A4                 dd offset L_552         ; "cmplepd"
.data:080008A8                 dd offset L_553         ; "cmplesd"
.data:080008AC                 dd offset L_554         ; "cmpltpd"
.data:080008B0                 dd offset L_555         ; "cmpltsd"
.data:080008B4                 dd offset L_556         ; "cmpneqpd"
.data:080008B8                 dd offset L_557         ; "cmpneqsd"
.data:080008BC                 dd offset L_558         ; "cmpnlepd"
.data:080008C0                 dd offset L_559         ; "cmpnlesd"
.data:080008C4                 dd offset L_560         ; "cmpnltpd"
.data:080008C8                 dd offset L_561         ; "cmpnltsd"
.data:080008CC                 dd offset L_562         ; "cmpordpd"
.data:080008D0                 dd offset L_563         ; "cmpordsd"
.data:080008D4                 dd offset L_564         ; "cmpunordpd"
.data:080008D8                 dd offset L_565         ; "cmpunordsd"
.data:080008DC                 dd offset L_566         ; "cmppd"
.data:080008E0                 dd offset L_567         ; "comisd"
.data:080008E4                 dd offset L_568         ; "cvtdq2pd"
.data:080008E8                 dd offset L_569         ; "cvtdq2ps"
.data:080008EC                 dd offset L_570         ; "cvtpd2dq"
.data:080008F0                 dd offset L_571         ; "cvtpd2pi"
.data:080008F4                 dd offset L_572         ; "cvtpd2ps"
.data:080008F8                 dd offset L_573         ; "cvtpi2pd"
.data:080008FC                 dd offset L_574         ; "cvtps2dq"
.data:08000900                 dd offset L_575         ; "cvtps2pd"
.data:08000904                 dd offset L_576         ; "cvtsd2si"
.data:08000908                 dd offset L_577         ; "cvtsd2ss"
.data:0800090C                 dd offset L_578         ; "cvtsi2sd"
.data:08000910                 dd offset L_579         ; "cvtss2sd"
.data:08000914                 dd offset L_580         ; "cvttpd2pi"
.data:08000918                 dd offset L_581         ; "cvttpd2dq"
.data:0800091C                 dd offset L_582         ; "cvttps2dq"
.data:08000920                 dd offset L_583         ; "cvttsd2si"
.data:08000924                 dd offset L_584         ; "divpd"
.data:08000928                 dd offset L_585         ; "divsd"
.data:0800092C                 dd offset L_586         ; "maxpd"
.data:08000930                 dd offset L_587         ; "maxsd"
.data:08000934                 dd offset L_588         ; "minpd"
.data:08000938                 dd offset L_589         ; "minsd"
.data:0800093C                 dd offset L_590         ; "movapd"
.data:08000940                 dd offset L_591         ; "movhpd"
.data:08000944                 dd offset L_592         ; "movlpd"
.data:08000948                 dd offset L_593         ; "movmskpd"
.data:0800094C                 dd offset L_594         ; "movupd"
.data:08000950                 dd offset L_595         ; "mulpd"
.data:08000954                 dd offset L_596         ; "mulsd"
.data:08000958                 dd offset L_597         ; "orpd"
.data:0800095C                 dd offset L_598         ; "shufpd"
.data:08000960                 dd offset L_599         ; "sqrtpd"
.data:08000964                 dd offset L_600         ; "sqrtsd"
.data:08000968                 dd offset L_601         ; "subpd"
.data:0800096C                 dd offset L_602         ; "subsd"
.data:08000970                 dd offset L_603         ; "ucomisd"
.data:08000974                 dd offset L_604         ; "unpckhpd"
.data:08000978                 dd offset L_605         ; "unpcklpd"
.data:0800097C                 dd offset L_606         ; "xorpd"
.data:08000980                 dd offset L_607         ; "addsubpd"
.data:08000984                 dd offset L_608         ; "addsubps"
.data:08000988                 dd offset L_609         ; "haddpd"
.data:0800098C                 dd offset L_610         ; "haddps"
.data:08000990                 dd offset L_611         ; "hsubpd"
.data:08000994                 dd offset L_612         ; "hsubps"
.data:08000998                 dd offset L_613         ; "lddqu"
.data:0800099C                 dd offset L_614         ; "movddup"
.data:080009A0                 dd offset L_615         ; "movshdup"
.data:080009A4                 dd offset L_616         ; "movsldup"
.data:080009A8                 dd offset L_617         ; "clgi"
.data:080009AC                 dd offset L_618         ; "stgi"
.data:080009B0                 dd offset L_619         ; "vmcall"
.data:080009B4                 dd offset L_620         ; "vmclear"
.data:080009B8                 dd offset L_621         ; "vmfunc"
.data:080009BC                 dd offset L_622         ; "vmlaunch"
.data:080009C0                 dd offset L_623         ; "vmload"
.data:080009C4                 dd offset L_624         ; "vmmcall"
.data:080009C8                 dd offset L_625         ; "vmptrld"
.data:080009CC                 dd offset L_626         ; "vmptrst"
.data:080009D0                 dd offset L_627         ; "vmread"
.data:080009D4                 dd offset L_628         ; "vmresume"
.data:080009D8                 dd offset L_629         ; "vmrun"
.data:080009DC                 dd offset L_630         ; "vmsave"
.data:080009E0                 dd offset L_631         ; "vmwrite"
.data:080009E4                 dd offset L_632         ; "vmxoff"
.data:080009E8                 dd offset L_633         ; "vmxon"
.data:080009EC                 dd offset L_634         ; "invept"
.data:080009F0                 dd offset L_635         ; "invvpid"
.data:080009F4                 dd offset L_636         ; "pabsb"
.data:080009F8                 dd offset L_637         ; "pabsw"
.data:080009FC                 dd offset L_638         ; "pabsd"
.data:08000A00                 dd offset L_639         ; "palignr"
.data:08000A04                 dd offset L_640         ; "phaddw"
.data:08000A08                 dd offset L_641         ; "phaddd"
.data:08000A0C                 dd offset L_642         ; "phaddsw"
.data:08000A10                 dd offset L_643         ; "phsubw"
.data:08000A14                 dd offset L_644         ; "phsubd"
.data:08000A18                 dd offset L_645         ; "phsubsw"
.data:08000A1C                 dd offset L_646         ; "pmaddubsw"
.data:08000A20                 dd offset L_647         ; "pmulhrsw"
.data:08000A24                 dd offset L_648         ; "pshufb"
.data:08000A28                 dd offset L_649         ; "psignb"
.data:08000A2C                 dd offset L_650         ; "psignw"
.data:08000A30                 dd offset L_651         ; "psignd"
.data:08000A34                 dd offset L_652         ; "extrq"
.data:08000A38                 dd offset L_653         ; "insertq"
.data:08000A3C                 dd offset L_654         ; "movntsd"
.data:08000A40                 dd offset L_655         ; "movntss"
.data:08000A44                 dd offset L_656         ; "lzcnt"
.data:08000A48                 dd offset L_657         ; "blendpd"
.data:08000A4C                 dd offset L_658         ; "blendps"
.data:08000A50                 dd offset L_659         ; "blendvpd"
.data:08000A54                 dd offset L_660         ; "blendvps"
.data:08000A58                 dd offset L_661         ; "dppd"
.data:08000A5C                 dd offset L_662         ; "dpps"
.data:08000A60                 dd offset L_663         ; "extractps"
.data:08000A64                 dd offset L_664         ; "insertps"
.data:08000A68                 dd offset L_665         ; "movntdqa"
.data:08000A6C                 dd offset L_666         ; "mpsadbw"
.data:08000A70                 dd offset L_667         ; "packusdw"
.data:08000A74                 dd offset L_668         ; "pblendvb"
.data:08000A78                 dd offset L_669         ; "pblendw"
.data:08000A7C                 dd offset L_670         ; "pcmpeqq"
.data:08000A80                 dd offset L_671         ; "pextrb"
.data:08000A84                 dd offset L_672         ; "pextrd"
.data:08000A88                 dd offset L_673         ; "pextrq"
.data:08000A8C                 dd offset L_674         ; "phminposuw"
.data:08000A90                 dd offset L_675         ; "pinsrb"
.data:08000A94                 dd offset L_676         ; "pinsrd"
.data:08000A98                 dd offset L_677         ; "pinsrq"
.data:08000A9C                 dd offset L_678         ; "pmaxsb"
.data:08000AA0                 dd offset L_679         ; "pmaxsd"
.data:08000AA4                 dd offset L_680         ; "pmaxud"
.data:08000AA8                 dd offset L_681         ; "pmaxuw"
.data:08000AAC                 dd offset L_682         ; "pminsb"
.data:08000AB0                 dd offset L_683         ; "pminsd"
.data:08000AB4                 dd offset L_684         ; "pminud"
.data:08000AB8                 dd offset L_685         ; "pminuw"
.data:08000ABC                 dd offset L_686         ; "pmovsxbw"
.data:08000AC0                 dd offset L_687         ; "pmovsxbd"
.data:08000AC4                 dd offset L_688         ; "pmovsxbq"
.data:08000AC8                 dd offset L_689         ; "pmovsxwd"
.data:08000ACC                 dd offset L_690         ; "pmovsxwq"
.data:08000AD0                 dd offset L_691         ; "pmovsxdq"
.data:08000AD4                 dd offset L_692         ; "pmovzxbw"
.data:08000AD8                 dd offset L_693         ; "pmovzxbd"
.data:08000ADC                 dd offset L_694         ; "pmovzxbq"
.data:08000AE0                 dd offset L_695         ; "pmovzxwd"
.data:08000AE4                 dd offset L_696         ; "pmovzxwq"
.data:08000AE8                 dd offset L_697         ; "pmovzxdq"
.data:08000AEC                 dd offset L_698         ; "pmuldq"
.data:08000AF0                 dd offset L_699         ; "pmulld"
.data:08000AF4                 dd offset L_700         ; "ptest"
.data:08000AF8                 dd offset L_701         ; "roundpd"
.data:08000AFC                 dd offset L_702         ; "roundps"
.data:08000B00                 dd offset L_703         ; "roundsd"
.data:08000B04                 dd offset L_704         ; "roundss"
.data:08000B08                 dd offset L_705         ; "crc32"
.data:08000B0C                 dd offset L_706         ; "pcmpestri"
.data:08000B10                 dd offset L_707         ; "pcmpestrm"
.data:08000B14                 dd offset L_708         ; "pcmpistri"
.data:08000B18                 dd offset L_709         ; "pcmpistrm"
.data:08000B1C                 dd offset L_710         ; "pcmpgtq"
.data:08000B20                 dd offset L_711         ; "popcnt"
.data:08000B24                 dd offset L_712         ; "getsec"
.data:08000B28                 dd offset L_713         ; "pfrcpv"
.data:08000B2C                 dd offset L_714         ; "pfrsqrtv"
.data:08000B30                 dd offset L_715         ; "movbe"
.data:08000B34                 dd offset L_716         ; "aesenc"
.data:08000B38                 dd offset L_717         ; "aesenclast"
.data:08000B3C                 dd offset L_718         ; "aesdec"
.data:08000B40                 dd offset L_719         ; "aesdeclast"
.data:08000B44                 dd offset L_720         ; "aesimc"
.data:08000B48                 dd offset L_721         ; "aeskeygenassist"
.data:08000B4C                 dd offset L_722         ; "vaesenc"
.data:08000B50                 dd offset L_723         ; "vaesenclast"
.data:08000B54                 dd offset L_724         ; "vaesdec"
.data:08000B58                 dd offset L_725         ; "vaesdeclast"
.data:08000B5C                 dd offset L_726         ; "vaesimc"
.data:08000B60                 dd offset L_727         ; "vaeskeygenassist"
.data:08000B64                 dd offset L_728         ; "vaddpd"
.data:08000B68                 dd offset L_729         ; "vaddps"
.data:08000B6C                 dd offset L_730         ; "vaddsd"
.data:08000B70                 dd offset L_731         ; "vaddss"
.data:08000B74                 dd offset L_732         ; "vaddsubpd"
.data:08000B78                 dd offset L_733         ; "vaddsubps"
.data:08000B7C                 dd offset L_734         ; "vandpd"
.data:08000B80                 dd offset L_735         ; "vandps"
.data:08000B84                 dd offset L_736         ; "vandnpd"
.data:08000B88                 dd offset L_737         ; "vandnps"
.data:08000B8C                 dd offset L_738         ; "vblendpd"
.data:08000B90                 dd offset L_739         ; "vblendps"
.data:08000B94                 dd offset L_740         ; "vblendvpd"
.data:08000B98                 dd offset L_741         ; "vblendvps"
.data:08000B9C                 dd offset L_742         ; "vbroadcastss"
.data:08000BA0                 dd offset L_743         ; "vbroadcastsd"
.data:08000BA4                 dd offset L_744         ; "vbroadcastf128"
.data:08000BA8                 dd offset L_745         ; "vcmpeq_ospd"
.data:08000BAC                 dd offset L_746         ; "vcmpeqpd"
.data:08000BB0                 dd offset L_747         ; "vcmplt_ospd"
.data:08000BB4                 dd offset L_748         ; "vcmpltpd"
.data:08000BB8                 dd offset L_749         ; "vcmple_ospd"
.data:08000BBC                 dd offset L_750         ; "vcmplepd"
.data:08000BC0                 dd offset L_751         ; "vcmpunord_qpd"
.data:08000BC4                 dd offset L_752         ; "vcmpunordpd"
.data:08000BC8                 dd offset L_753         ; "vcmpneq_uqpd"
.data:08000BCC                 dd offset L_754         ; "vcmpneqpd"
.data:08000BD0                 dd offset L_755         ; "vcmpnlt_uspd"
.data:08000BD4                 dd offset L_756         ; "vcmpnltpd"
.data:08000BD8                 dd offset L_757         ; "vcmpnle_uspd"
.data:08000BDC                 dd offset L_758         ; "vcmpnlepd"
.data:08000BE0                 dd offset L_759         ; "vcmpord_qpd"
.data:08000BE4                 dd offset L_760         ; "vcmpordpd"
.data:08000BE8                 dd offset L_761         ; "vcmpeq_uqpd"
.data:08000BEC                 dd offset L_762         ; "vcmpnge_uspd"
.data:08000BF0                 dd offset L_763         ; "vcmpngepd"
.data:08000BF4                 dd offset L_764         ; "vcmpngt_uspd"
.data:08000BF8                 dd offset L_765         ; "vcmpngtpd"
.data:08000BFC                 dd offset L_766         ; "vcmpfalse_oqpd"
.data:08000C00                 dd offset L_767         ; "vcmpfalsepd"
.data:08000C04                 dd offset L_768         ; "vcmpneq_oqpd"
.data:08000C08                 dd offset L_769         ; "vcmpge_ospd"
.data:08000C0C                 dd offset L_770         ; "vcmpgepd"
.data:08000C10                 dd offset L_771         ; "vcmpgt_ospd"
.data:08000C14                 dd offset L_772         ; "vcmpgtpd"
.data:08000C18                 dd offset L_773         ; "vcmptrue_uqpd"
.data:08000C1C                 dd offset L_774         ; "vcmptruepd"
.data:08000C20                 dd offset L_775         ; "vcmplt_oqpd"
.data:08000C24                 dd offset L_776         ; "vcmple_oqpd"
.data:08000C28                 dd offset L_777         ; "vcmpunord_spd"
.data:08000C2C                 dd offset L_778         ; "vcmpneq_uspd"
.data:08000C30                 dd offset L_779         ; "vcmpnlt_uqpd"
.data:08000C34                 dd offset L_780         ; "vcmpnle_uqpd"
.data:08000C38                 dd offset L_781         ; "vcmpord_spd"
.data:08000C3C                 dd offset L_782         ; "vcmpeq_uspd"
.data:08000C40                 dd offset L_783         ; "vcmpnge_uqpd"
.data:08000C44                 dd offset L_784         ; "vcmpngt_uqpd"
.data:08000C48                 dd offset L_785         ; "vcmpfalse_ospd"
.data:08000C4C                 dd offset L_786         ; "vcmpneq_ospd"
.data:08000C50                 dd offset L_787         ; "vcmpge_oqpd"
.data:08000C54                 dd offset L_788         ; "vcmpgt_oqpd"
.data:08000C58                 dd offset L_789         ; "vcmptrue_uspd"
.data:08000C5C                 dd offset L_790         ; "vcmppd"
.data:08000C60                 dd offset L_791         ; "vcmpeq_osps"
.data:08000C64                 dd offset L_792         ; "vcmpeqps"
.data:08000C68                 dd offset L_793         ; "vcmplt_osps"
.data:08000C6C                 dd offset L_794         ; "vcmpltps"
.data:08000C70                 dd offset L_795         ; "vcmple_osps"
.data:08000C74                 dd offset L_796         ; "vcmpleps"
.data:08000C78                 dd offset L_797         ; "vcmpunord_qps"
.data:08000C7C                 dd offset L_798         ; "vcmpunordps"
.data:08000C80                 dd offset L_799         ; "vcmpneq_uqps"
.data:08000C84                 dd offset L_800         ; "vcmpneqps"
.data:08000C88                 dd offset L_801         ; "vcmpnlt_usps"
.data:08000C8C                 dd offset L_802         ; "vcmpnltps"
.data:08000C90                 dd offset L_803         ; "vcmpnle_usps"
.data:08000C94                 dd offset L_804         ; "vcmpnleps"
.data:08000C98                 dd offset L_805         ; "vcmpord_qps"
.data:08000C9C                 dd offset L_806         ; "vcmpordps"
.data:08000CA0                 dd offset L_807         ; "vcmpeq_uqps"
.data:08000CA4                 dd offset L_808         ; "vcmpnge_usps"
.data:08000CA8                 dd offset L_809         ; "vcmpngeps"
.data:08000CAC                 dd offset L_810         ; "vcmpngt_usps"
.data:08000CB0                 dd offset L_811         ; "vcmpngtps"
.data:08000CB4                 dd offset L_812         ; "vcmpfalse_oqps"
.data:08000CB8                 dd offset L_813         ; "vcmpfalseps"
.data:08000CBC                 dd offset L_814         ; "vcmpneq_oqps"
.data:08000CC0                 dd offset L_815         ; "vcmpge_osps"
.data:08000CC4                 dd offset L_816         ; "vcmpgeps"
.data:08000CC8                 dd offset L_817         ; "vcmpgt_osps"
.data:08000CCC                 dd offset L_818         ; "vcmpgtps"
.data:08000CD0                 dd offset L_819         ; "vcmptrue_uqps"
.data:08000CD4                 dd offset L_820         ; "vcmptrueps"
.data:08000CD8                 dd offset L_821         ; "vcmplt_oqps"
.data:08000CDC                 dd offset L_822         ; "vcmple_oqps"
.data:08000CE0                 dd offset L_823         ; "vcmpunord_sps"
.data:08000CE4                 dd offset L_824         ; "vcmpneq_usps"
.data:08000CE8                 dd offset L_825         ; "vcmpnlt_uqps"
.data:08000CEC                 dd offset L_826         ; "vcmpnle_uqps"
.data:08000CF0                 dd offset L_827         ; "vcmpord_sps"
.data:08000CF4                 dd offset L_828         ; "vcmpeq_usps"
.data:08000CF8                 dd offset L_829         ; "vcmpnge_uqps"
.data:08000CFC                 dd offset L_830         ; "vcmpngt_uqps"
.data:08000D00                 dd offset L_831         ; "vcmpfalse_osps"
.data:08000D04                 dd offset L_832         ; "vcmpneq_osps"
.data:08000D08                 dd offset L_833         ; "vcmpge_oqps"
.data:08000D0C                 dd offset L_834         ; "vcmpgt_oqps"
.data:08000D10                 dd offset L_835         ; "vcmptrue_usps"
.data:08000D14                 dd offset L_836         ; "vcmpps"
.data:08000D18                 dd offset L_837         ; "vcmpeq_ossd"
.data:08000D1C                 dd offset L_838         ; "vcmpeqsd"
.data:08000D20                 dd offset L_839         ; "vcmplt_ossd"
.data:08000D24                 dd offset L_840         ; "vcmpltsd"
.data:08000D28                 dd offset L_841         ; "vcmple_ossd"
.data:08000D2C                 dd offset L_842         ; "vcmplesd"
.data:08000D30                 dd offset L_843         ; "vcmpunord_qsd"
.data:08000D34                 dd offset L_844         ; "vcmpunordsd"
.data:08000D38                 dd offset L_845         ; "vcmpneq_uqsd"
.data:08000D3C                 dd offset L_846         ; "vcmpneqsd"
.data:08000D40                 dd offset L_847         ; "vcmpnlt_ussd"
.data:08000D44                 dd offset L_848         ; "vcmpnltsd"
.data:08000D48                 dd offset L_849         ; "vcmpnle_ussd"
.data:08000D4C                 dd offset L_850         ; "vcmpnlesd"
.data:08000D50                 dd offset L_851         ; "vcmpord_qsd"
.data:08000D54                 dd offset L_852         ; "vcmpordsd"
.data:08000D58                 dd offset L_853         ; "vcmpeq_uqsd"
.data:08000D5C                 dd offset L_854         ; "vcmpnge_ussd"
.data:08000D60                 dd offset L_855         ; "vcmpngesd"
.data:08000D64                 dd offset L_856         ; "vcmpngt_ussd"
.data:08000D68                 dd offset L_857         ; "vcmpngtsd"
.data:08000D6C                 dd offset L_858         ; "vcmpfalse_oqsd"
.data:08000D70                 dd offset L_859         ; "vcmpfalsesd"
.data:08000D74                 dd offset L_860         ; "vcmpneq_oqsd"
.data:08000D78                 dd offset L_861         ; "vcmpge_ossd"
.data:08000D7C                 dd offset L_862         ; "vcmpgesd"
.data:08000D80                 dd offset L_863         ; "vcmpgt_ossd"
.data:08000D84                 dd offset L_864         ; "vcmpgtsd"
.data:08000D88                 dd offset L_865         ; "vcmptrue_uqsd"
.data:08000D8C                 dd offset L_866         ; "vcmptruesd"
.data:08000D90                 dd offset L_867         ; "vcmplt_oqsd"
.data:08000D94                 dd offset L_868         ; "vcmple_oqsd"
.data:08000D98                 dd offset L_869         ; "vcmpunord_ssd"
.data:08000D9C                 dd offset L_870         ; "vcmpneq_ussd"
.data:08000DA0                 dd offset L_871         ; "vcmpnlt_uqsd"
.data:08000DA4                 dd offset L_872         ; "vcmpnle_uqsd"
.data:08000DA8                 dd offset L_873         ; "vcmpord_ssd"
.data:08000DAC                 dd offset L_874         ; "vcmpeq_ussd"
.data:08000DB0                 dd offset L_875         ; "vcmpnge_uqsd"
.data:08000DB4                 dd offset L_876         ; "vcmpngt_uqsd"
.data:08000DB8                 dd offset L_877         ; "vcmpfalse_ossd"
.data:08000DBC                 dd offset L_878         ; "vcmpneq_ossd"
.data:08000DC0                 dd offset L_879         ; "vcmpge_oqsd"
.data:08000DC4                 dd offset L_880         ; "vcmpgt_oqsd"
.data:08000DC8                 dd offset L_881         ; "vcmptrue_ussd"
.data:08000DCC                 dd offset L_882         ; "vcmpsd"
.data:08000DD0                 dd offset L_883         ; "vcmpeq_osss"
.data:08000DD4                 dd offset L_884         ; "vcmpeqss"
.data:08000DD8                 dd offset L_885         ; "vcmplt_osss"
.data:08000DDC                 dd offset L_886         ; "vcmpltss"
.data:08000DE0                 dd offset L_887         ; "vcmple_osss"
.data:08000DE4                 dd offset L_888         ; "vcmpless"
.data:08000DE8                 dd offset L_889         ; "vcmpunord_qss"
.data:08000DEC                 dd offset L_890         ; "vcmpunordss"
.data:08000DF0                 dd offset L_891         ; "vcmpneq_uqss"
.data:08000DF4                 dd offset L_892         ; "vcmpneqss"
.data:08000DF8                 dd offset L_893         ; "vcmpnlt_usss"
.data:08000DFC                 dd offset L_894         ; "vcmpnltss"
.data:08000E00                 dd offset L_895         ; "vcmpnle_usss"
.data:08000E04                 dd offset L_896         ; "vcmpnless"
.data:08000E08                 dd offset L_897         ; "vcmpord_qss"
.data:08000E0C                 dd offset L_898         ; "vcmpordss"
.data:08000E10                 dd offset L_899         ; "vcmpeq_uqss"
.data:08000E14                 dd offset L_900         ; "vcmpnge_usss"
.data:08000E18                 dd offset L_901         ; "vcmpngess"
.data:08000E1C                 dd offset L_902         ; "vcmpngt_usss"
.data:08000E20                 dd offset L_903         ; "vcmpngtss"
.data:08000E24                 dd offset L_904         ; "vcmpfalse_oqss"
.data:08000E28                 dd offset L_905         ; "vcmpfalsess"
.data:08000E2C                 dd offset L_906         ; "vcmpneq_oqss"
.data:08000E30                 dd offset L_907         ; "vcmpge_osss"
.data:08000E34                 dd offset L_908         ; "vcmpgess"
.data:08000E38                 dd offset L_909         ; "vcmpgt_osss"
.data:08000E3C                 dd offset L_910         ; "vcmpgtss"
.data:08000E40                 dd offset L_911         ; "vcmptrue_uqss"
.data:08000E44                 dd offset L_912         ; "vcmptruess"
.data:08000E48                 dd offset L_913         ; "vcmplt_oqss"
.data:08000E4C                 dd offset L_914         ; "vcmple_oqss"
.data:08000E50                 dd offset L_915         ; "vcmpunord_sss"
.data:08000E54                 dd offset L_916         ; "vcmpneq_usss"
.data:08000E58                 dd offset L_917         ; "vcmpnlt_uqss"
.data:08000E5C                 dd offset L_918         ; "vcmpnle_uqss"
.data:08000E60                 dd offset L_919         ; "vcmpord_sss"
.data:08000E64                 dd offset L_920         ; "vcmpeq_usss"
.data:08000E68                 dd offset L_921         ; "vcmpnge_uqss"
.data:08000E6C                 dd offset L_922         ; "vcmpngt_uqss"
.data:08000E70                 dd offset L_923         ; "vcmpfalse_osss"
.data:08000E74                 dd offset L_924         ; "vcmpneq_osss"
.data:08000E78                 dd offset L_925         ; "vcmpge_oqss"
.data:08000E7C                 dd offset L_926         ; "vcmpgt_oqss"
.data:08000E80                 dd offset L_927         ; "vcmptrue_usss"
.data:08000E84                 dd offset L_928         ; "vcmpss"
.data:08000E88                 dd offset L_929         ; "vcomisd"
.data:08000E8C                 dd offset L_930         ; "vcomiss"
.data:08000E90                 dd offset L_931         ; "vcvtdq2pd"
.data:08000E94                 dd offset L_932         ; "vcvtdq2ps"
.data:08000E98                 dd offset L_933         ; "vcvtpd2dq"
.data:08000E9C                 dd offset L_934         ; "vcvtpd2ps"
.data:08000EA0                 dd offset L_935         ; "vcvtps2dq"
.data:08000EA4                 dd offset L_936         ; "vcvtps2pd"
.data:08000EA8                 dd offset L_937         ; "vcvtsd2si"
.data:08000EAC                 dd offset L_938         ; "vcvtsd2ss"
.data:08000EB0                 dd offset L_939         ; "vcvtsi2sd"
.data:08000EB4                 dd offset L_940         ; "vcvtsi2ss"
.data:08000EB8                 dd offset L_941         ; "vcvtss2sd"
.data:08000EBC                 dd offset L_942         ; "vcvtss2si"
.data:08000EC0                 dd offset L_943         ; "vcvttpd2dq"
.data:08000EC4                 dd offset L_944         ; "vcvttps2dq"
.data:08000EC8                 dd offset L_945         ; "vcvttsd2si"
.data:08000ECC                 dd offset L_946         ; "vcvttss2si"
.data:08000ED0                 dd offset L_947         ; "vdivpd"
.data:08000ED4                 dd offset L_948         ; "vdivps"
.data:08000ED8                 dd offset L_949         ; "vdivsd"
.data:08000EDC                 dd offset L_950         ; "vdivss"
.data:08000EE0                 dd offset L_951         ; "vdppd"
.data:08000EE4                 dd offset L_952         ; "vdpps"
.data:08000EE8                 dd offset L_953         ; "vextractf128"
.data:08000EEC                 dd offset L_954         ; "vextractps"
.data:08000EF0                 dd offset L_955         ; "vhaddpd"
.data:08000EF4                 dd offset L_956         ; "vhaddps"
.data:08000EF8                 dd offset L_957         ; "vhsubpd"
.data:08000EFC                 dd offset L_958         ; "vhsubps"
.data:08000F00                 dd offset L_959         ; "vinsertf128"
.data:08000F04                 dd offset L_960         ; "vinsertps"
.data:08000F08                 dd offset L_961         ; "vlddqu"
.data:08000F0C                 dd offset L_962         ; "vldqqu"
.data:08000F10                 dd offset L_963         ; "vldmxcsr"
.data:08000F14                 dd offset L_964         ; "vmaskmovdqu"
.data:08000F18                 dd offset L_965         ; "vmaskmovps"
.data:08000F1C                 dd offset L_966         ; "vmaskmovpd"
.data:08000F20                 dd offset L_967         ; "vmaxpd"
.data:08000F24                 dd offset L_968         ; "vmaxps"
.data:08000F28                 dd offset L_969         ; "vmaxsd"
.data:08000F2C                 dd offset L_970         ; "vmaxss"
.data:08000F30                 dd offset L_971         ; "vminpd"
.data:08000F34                 dd offset L_972         ; "vminps"
.data:08000F38                 dd offset L_973         ; "vminsd"
.data:08000F3C                 dd offset L_974         ; "vminss"
.data:08000F40                 dd offset L_975         ; "vmovapd"
.data:08000F44                 dd offset L_976         ; "vmovaps"
.data:08000F48                 dd offset L_977         ; "vmovd"
.data:08000F4C                 dd offset L_978         ; "vmovq"
.data:08000F50                 dd offset L_979         ; "vmovddup"
.data:08000F54                 dd offset L_980         ; "vmovdqa"
.data:08000F58                 dd offset L_981         ; "vmovqqa"
.data:08000F5C                 dd offset L_982         ; "vmovdqu"
.data:08000F60                 dd offset L_983         ; "vmovqqu"
.data:08000F64                 dd offset L_984         ; "vmovhlps"
.data:08000F68                 dd offset L_985         ; "vmovhpd"
.data:08000F6C                 dd offset L_986         ; "vmovhps"
.data:08000F70                 dd offset L_987         ; "vmovlhps"
.data:08000F74                 dd offset L_988         ; "vmovlpd"
.data:08000F78                 dd offset L_989         ; "vmovlps"
.data:08000F7C                 dd offset L_990         ; "vmovmskpd"
.data:08000F80                 dd offset L_991         ; "vmovmskps"
.data:08000F84                 dd offset L_992         ; "vmovntdq"
.data:08000F88                 dd offset L_993         ; "vmovntqq"
.data:08000F8C                 dd offset L_994         ; "vmovntdqa"
.data:08000F90                 dd offset L_995         ; "vmovntpd"
.data:08000F94                 dd offset L_996         ; "vmovntps"
.data:08000F98                 dd offset L_997         ; "vmovsd"
.data:08000F9C                 dd offset L_998         ; "vmovshdup"
.data:08000FA0                 dd offset L_999         ; "vmovsldup"
.data:08000FA4                 dd offset L_1000        ; "vmovss"
.data:08000FA8                 dd offset L_1001        ; "vmovupd"
.data:08000FAC                 dd offset L_1002        ; "vmovups"
.data:08000FB0                 dd offset L_1003        ; "vmpsadbw"
.data:08000FB4                 dd offset L_1004        ; "vmulpd"
.data:08000FB8                 dd offset L_1005        ; "vmulps"
.data:08000FBC                 dd offset L_1006        ; "vmulsd"
.data:08000FC0                 dd offset L_1007        ; "vmulss"
.data:08000FC4                 dd offset L_1008        ; "vorpd"
.data:08000FC8                 dd offset L_1009        ; "vorps"
.data:08000FCC                 dd offset L_1010        ; "vpabsb"
.data:08000FD0                 dd offset L_1011        ; "vpabsw"
.data:08000FD4                 dd offset L_1012        ; "vpabsd"
.data:08000FD8                 dd offset L_1013        ; "vpacksswb"
.data:08000FDC                 dd offset L_1014        ; "vpackssdw"
.data:08000FE0                 dd offset L_1015        ; "vpackuswb"
.data:08000FE4                 dd offset L_1016        ; "vpackusdw"
.data:08000FE8                 dd offset L_1017        ; "vpaddb"
.data:08000FEC                 dd offset L_1018        ; "vpaddw"
.data:08000FF0                 dd offset L_1019        ; "vpaddd"
.data:08000FF4                 dd offset L_1020        ; "vpaddq"
.data:08000FF8                 dd offset L_1021        ; "vpaddsb"
.data:08000FFC                 dd offset L_1022        ; "vpaddsw"
.data:08001000                 dd offset L_1023        ; "vpaddusb"
.data:08001004                 dd offset L_1024        ; "vpaddusw"
.data:08001008                 dd offset L_1025        ; "vpalignr"
.data:0800100C                 dd offset L_1026        ; "vpand"
.data:08001010                 dd offset L_1027        ; "vpandn"
.data:08001014                 dd offset L_1028        ; "vpavgb"
.data:08001018                 dd offset L_1029        ; "vpavgw"
.data:0800101C                 dd offset L_1030        ; "vpblendvb"
.data:08001020                 dd offset L_1031        ; "vpblendw"
.data:08001024                 dd offset L_1032        ; "vpcmpestri"
.data:08001028                 dd offset L_1033        ; "vpcmpestrm"
.data:0800102C                 dd offset L_1034        ; "vpcmpistri"
.data:08001030                 dd offset L_1035        ; "vpcmpistrm"
.data:08001034                 dd offset L_1036        ; "vpcmpeqb"
.data:08001038                 dd offset L_1037        ; "vpcmpeqw"
.data:0800103C                 dd offset L_1038        ; "vpcmpeqd"
.data:08001040                 dd offset L_1039        ; "vpcmpeqq"
.data:08001044                 dd offset L_1040        ; "vpcmpgtb"
.data:08001048                 dd offset L_1041        ; "vpcmpgtw"
.data:0800104C                 dd offset L_1042        ; "vpcmpgtd"
.data:08001050                 dd offset L_1043        ; "vpcmpgtq"
.data:08001054                 dd offset L_1044        ; "vpermilpd"
.data:08001058                 dd offset L_1045        ; "vpermilps"
.data:0800105C                 dd offset L_1046        ; "vperm2f128"
.data:08001060                 dd offset L_1047        ; "vpextrb"
.data:08001064                 dd offset L_1048        ; "vpextrw"
.data:08001068                 dd offset L_1049        ; "vpextrd"
.data:0800106C                 dd offset L_1050        ; "vpextrq"
.data:08001070                 dd offset L_1051        ; "vphaddw"
.data:08001074                 dd offset L_1052        ; "vphaddd"
.data:08001078                 dd offset L_1053        ; "vphaddsw"
.data:0800107C                 dd offset L_1054        ; "vphminposuw"
.data:08001080                 dd offset L_1055        ; "vphsubw"
.data:08001084                 dd offset L_1056        ; "vphsubd"
.data:08001088                 dd offset L_1057        ; "vphsubsw"
.data:0800108C                 dd offset L_1058        ; "vpinsrb"
.data:08001090                 dd offset L_1059        ; "vpinsrw"
.data:08001094                 dd offset L_1060        ; "vpinsrd"
.data:08001098                 dd offset L_1061        ; "vpinsrq"
.data:0800109C                 dd offset L_1062        ; "vpmaddwd"
.data:080010A0                 dd offset L_1063        ; "vpmaddubsw"
.data:080010A4                 dd offset L_1064        ; "vpmaxsb"
.data:080010A8                 dd offset L_1065        ; "vpmaxsw"
.data:080010AC                 dd offset L_1066        ; "vpmaxsd"
.data:080010B0                 dd offset L_1067        ; "vpmaxub"
.data:080010B4                 dd offset L_1068        ; "vpmaxuw"
.data:080010B8                 dd offset L_1069        ; "vpmaxud"
.data:080010BC                 dd offset L_1070        ; "vpminsb"
.data:080010C0                 dd offset L_1071        ; "vpminsw"
.data:080010C4                 dd offset L_1072        ; "vpminsd"
.data:080010C8                 dd offset L_1073        ; "vpminub"
.data:080010CC                 dd offset L_1074        ; "vpminuw"
.data:080010D0                 dd offset L_1075        ; "vpminud"
.data:080010D4                 dd offset L_1076        ; "vpmovmskb"
.data:080010D8                 dd offset L_1077        ; "vpmovsxbw"
.data:080010DC                 dd offset L_1078        ; "vpmovsxbd"
.data:080010E0                 dd offset L_1079        ; "vpmovsxbq"
.data:080010E4                 dd offset L_1080        ; "vpmovsxwd"
.data:080010E8                 dd offset L_1081        ; "vpmovsxwq"
.data:080010EC                 dd offset L_1082        ; "vpmovsxdq"
.data:080010F0                 dd offset L_1083        ; "vpmovzxbw"
.data:080010F4                 dd offset L_1084        ; "vpmovzxbd"
.data:080010F8                 dd offset L_1085        ; "vpmovzxbq"
.data:080010FC                 dd offset L_1086        ; "vpmovzxwd"
.data:08001100                 dd offset L_1087        ; "vpmovzxwq"
.data:08001104                 dd offset L_1088        ; "vpmovzxdq"
.data:08001108                 dd offset L_1089        ; "vpmulhuw"
.data:0800110C                 dd offset L_1090        ; "vpmulhrsw"
.data:08001110                 dd offset L_1091        ; "vpmulhw"
.data:08001114                 dd offset L_1092        ; "vpmullw"
.data:08001118                 dd offset L_1093        ; "vpmulld"
.data:0800111C                 dd offset L_1094        ; "vpmuludq"
.data:08001120                 dd offset L_1095        ; "vpmuldq"
.data:08001124                 dd offset L_1096        ; "vpor"
.data:08001128                 dd offset L_1097        ; "vpsadbw"
.data:0800112C                 dd offset L_1098        ; "vpshufb"
.data:08001130                 dd offset L_1099        ; "vpshufd"
.data:08001134                 dd offset L_1100        ; "vpshufhw"
.data:08001138                 dd offset L_1101        ; "vpshuflw"
.data:0800113C                 dd offset L_1102        ; "vpsignb"
.data:08001140                 dd offset L_1103        ; "vpsignw"
.data:08001144                 dd offset L_1104        ; "vpsignd"
.data:08001148                 dd offset L_1105        ; "vpslldq"
.data:0800114C                 dd offset L_1106        ; "vpsrldq"
.data:08001150                 dd offset L_1107        ; "vpsllw"
.data:08001154                 dd offset L_1108        ; "vpslld"
.data:08001158                 dd offset L_1109        ; "vpsllq"
.data:0800115C                 dd offset L_1110        ; "vpsraw"
.data:08001160                 dd offset L_1111        ; "vpsrad"
.data:08001164                 dd offset L_1112        ; "vpsrlw"
.data:08001168                 dd offset L_1113        ; "vpsrld"
.data:0800116C                 dd offset L_1114        ; "vpsrlq"
.data:08001170                 dd offset L_1115        ; "vptest"
.data:08001174                 dd offset L_1116        ; "vpsubb"
.data:08001178                 dd offset L_1117        ; "vpsubw"
.data:0800117C                 dd offset L_1118        ; "vpsubd"
.data:08001180                 dd offset L_1119        ; "vpsubq"
.data:08001184                 dd offset L_1120        ; "vpsubsb"
.data:08001188                 dd offset L_1121        ; "vpsubsw"
.data:0800118C                 dd offset L_1122        ; "vpsubusb"
.data:08001190                 dd offset L_1123        ; "vpsubusw"
.data:08001194                 dd offset L_1124        ; "vpunpckhbw"
.data:08001198                 dd offset L_1125        ; "vpunpckhwd"
.data:0800119C                 dd offset L_1126        ; "vpunpckhdq"
.data:080011A0                 dd offset L_1127        ; "vpunpckhqdq"
.data:080011A4                 dd offset L_1128        ; "vpunpcklbw"
.data:080011A8                 dd offset L_1129        ; "vpunpcklwd"
.data:080011AC                 dd offset L_1130        ; "vpunpckldq"
.data:080011B0                 dd offset L_1131        ; "vpunpcklqdq"
.data:080011B4                 dd offset L_1132        ; "vpxor"
.data:080011B8                 dd offset L_1133        ; "vrcpps"
.data:080011BC                 dd offset L_1134        ; "vrcpss"
.data:080011C0                 dd offset L_1135        ; "vrsqrtps"
.data:080011C4                 dd offset L_1136        ; "vrsqrtss"
.data:080011C8                 dd offset L_1137        ; "vroundpd"
.data:080011CC                 dd offset L_1138        ; "vroundps"
.data:080011D0                 dd offset L_1139        ; "vroundsd"
.data:080011D4                 dd offset L_1140        ; "vroundss"
.data:080011D8                 dd offset L_1141        ; "vshufpd"
.data:080011DC                 dd offset L_1142        ; "vshufps"
.data:080011E0                 dd offset L_1143        ; "vsqrtpd"
.data:080011E4                 dd offset L_1144        ; "vsqrtps"
.data:080011E8                 dd offset L_1145        ; "vsqrtsd"
.data:080011EC                 dd offset L_1146        ; "vsqrtss"
.data:080011F0                 dd offset L_1147        ; "vstmxcsr"
.data:080011F4                 dd offset L_1148        ; "vsubpd"
.data:080011F8                 dd offset L_1149        ; "vsubps"
.data:080011FC                 dd offset L_1150        ; "vsubsd"
.data:08001200                 dd offset L_1151        ; "vsubss"
.data:08001204                 dd offset L_1152        ; "vtestps"
.data:08001208                 dd offset L_1153        ; "vtestpd"
.data:0800120C                 dd offset L_1154        ; "vucomisd"
.data:08001210                 dd offset L_1155        ; "vucomiss"
.data:08001214                 dd offset L_1156        ; "vunpckhpd"
.data:08001218                 dd offset L_1157        ; "vunpckhps"
.data:0800121C                 dd offset L_1158        ; "vunpcklpd"
.data:08001220                 dd offset L_1159        ; "vunpcklps"
.data:08001224                 dd offset L_1160        ; "vxorpd"
.data:08001228                 dd offset L_1161        ; "vxorps"
.data:0800122C                 dd offset L_1162        ; "vzeroall"
.data:08001230                 dd offset L_1163        ; "vzeroupper"
.data:08001234                 dd offset L_1164        ; "pclmullqlqdq"
.data:08001238                 dd offset L_1165        ; "pclmulhqlqdq"
.data:0800123C                 dd offset L_1166        ; "pclmullqhqdq"
.data:08001240                 dd offset L_1167        ; "pclmulhqhqdq"
.data:08001244                 dd offset L_1168        ; "pclmulqdq"
.data:08001248                 dd offset L_1169        ; "vpclmullqlqdq"
.data:0800124C                 dd offset L_1170        ; "vpclmulhqlqdq"
.data:08001250                 dd offset L_1171        ; "vpclmullqhqdq"
.data:08001254                 dd offset L_1172        ; "vpclmulhqhqdq"
.data:08001258                 dd offset L_1173        ; "vpclmulqdq"
.data:0800125C                 dd offset L_1174        ; "vfmadd132ps"
.data:08001260                 dd offset L_1175        ; "vfmadd132pd"
.data:08001264                 dd offset L_1176        ; "vfmadd312ps"
.data:08001268                 dd offset L_1177        ; "vfmadd312pd"
.data:0800126C                 dd offset L_1178        ; "vfmadd213ps"
.data:08001270                 dd offset L_1179        ; "vfmadd213pd"
.data:08001274                 dd offset L_1180        ; "vfmadd123ps"
.data:08001278                 dd offset L_1181        ; "vfmadd123pd"
.data:0800127C                 dd offset L_1182        ; "vfmadd231ps"
.data:08001280                 dd offset L_1183        ; "vfmadd231pd"
.data:08001284                 dd offset L_1184        ; "vfmadd321ps"
.data:08001288                 dd offset L_1185        ; "vfmadd321pd"
.data:0800128C                 dd offset L_1186        ; "vfmaddsub132ps"
.data:08001290                 dd offset L_1187        ; "vfmaddsub132pd"
.data:08001294                 dd offset L_1188        ; "vfmaddsub312ps"
.data:08001298                 dd offset L_1189        ; "vfmaddsub312pd"
.data:0800129C                 dd offset L_1190        ; "vfmaddsub213ps"
.data:080012A0                 dd offset L_1191        ; "vfmaddsub213pd"
.data:080012A4                 dd offset L_1192        ; "vfmaddsub123ps"
.data:080012A8                 dd offset L_1193        ; "vfmaddsub123pd"
.data:080012AC                 dd offset L_1194        ; "vfmaddsub231ps"
.data:080012B0                 dd offset L_1195        ; "vfmaddsub231pd"
.data:080012B4                 dd offset L_1196        ; "vfmaddsub321ps"
.data:080012B8                 dd offset L_1197        ; "vfmaddsub321pd"
.data:080012BC                 dd offset L_1198        ; "vfmsub132ps"
.data:080012C0                 dd offset L_1199        ; "vfmsub132pd"
.data:080012C4                 dd offset L_1200        ; "vfmsub312ps"
.data:080012C8                 dd offset L_1201        ; "vfmsub312pd"
.data:080012CC                 dd offset L_1202        ; "vfmsub213ps"
.data:080012D0                 dd offset L_1203        ; "vfmsub213pd"
.data:080012D4                 dd offset L_1204        ; "vfmsub123ps"
.data:080012D8                 dd offset L_1205        ; "vfmsub123pd"
.data:080012DC                 dd offset L_1206        ; "vfmsub231ps"
.data:080012E0                 dd offset L_1207        ; "vfmsub231pd"
.data:080012E4                 dd offset L_1208        ; "vfmsub321ps"
.data:080012E8                 dd offset L_1209        ; "vfmsub321pd"
.data:080012EC                 dd offset L_1210        ; "vfmsubadd132ps"
.data:080012F0                 dd offset L_1211        ; "vfmsubadd132pd"
.data:080012F4                 dd offset L_1212        ; "vfmsubadd312ps"
.data:080012F8                 dd offset L_1213        ; "vfmsubadd312pd"
.data:080012FC                 dd offset L_1214        ; "vfmsubadd213ps"
.data:08001300                 dd offset L_1215        ; "vfmsubadd213pd"
.data:08001304                 dd offset L_1216        ; "vfmsubadd123ps"
.data:08001308                 dd offset L_1217        ; "vfmsubadd123pd"
.data:0800130C                 dd offset L_1218        ; "vfmsubadd231ps"
.data:08001310                 dd offset L_1219        ; "vfmsubadd231pd"
.data:08001314                 dd offset L_1220        ; "vfmsubadd321ps"
.data:08001318                 dd offset L_1221        ; "vfmsubadd321pd"
.data:0800131C                 dd offset L_1222        ; "vfnmadd132ps"
.data:08001320                 dd offset L_1223        ; "vfnmadd132pd"
.data:08001324                 dd offset L_1224        ; "vfnmadd312ps"
.data:08001328                 dd offset L_1225        ; "vfnmadd312pd"
.data:0800132C                 dd offset L_1226        ; "vfnmadd213ps"
.data:08001330                 dd offset L_1227        ; "vfnmadd213pd"
.data:08001334                 dd offset L_1228        ; "vfnmadd123ps"
.data:08001338                 dd offset L_1229        ; "vfnmadd123pd"
.data:0800133C                 dd offset L_1230        ; "vfnmadd231ps"
.data:08001340                 dd offset L_1231        ; "vfnmadd231pd"
.data:08001344                 dd offset L_1232        ; "vfnmadd321ps"
.data:08001348                 dd offset L_1233        ; "vfnmadd321pd"
.data:0800134C                 dd offset L_1234        ; "vfnmsub132ps"
.data:08001350                 dd offset L_1235        ; "vfnmsub132pd"
.data:08001354                 dd offset L_1236        ; "vfnmsub312ps"
.data:08001358                 dd offset L_1237        ; "vfnmsub312pd"
.data:0800135C                 dd offset L_1238        ; "vfnmsub213ps"
.data:08001360                 dd offset L_1239        ; "vfnmsub213pd"
.data:08001364                 dd offset L_1240        ; "vfnmsub123ps"
.data:08001368                 dd offset L_1241        ; "vfnmsub123pd"
.data:0800136C                 dd offset L_1242        ; "vfnmsub231ps"
.data:08001370                 dd offset L_1243        ; "vfnmsub231pd"
.data:08001374                 dd offset L_1244        ; "vfnmsub321ps"
.data:08001378                 dd offset L_1245        ; "vfnmsub321pd"
.data:0800137C                 dd offset L_1246        ; "vfmadd132ss"
.data:08001380                 dd offset L_1247        ; "vfmadd132sd"
.data:08001384                 dd offset L_1248        ; "vfmadd312ss"
.data:08001388                 dd offset L_1249        ; "vfmadd312sd"
.data:0800138C                 dd offset L_1250        ; "vfmadd213ss"
.data:08001390                 dd offset L_1251        ; "vfmadd213sd"
.data:08001394                 dd offset L_1252        ; "vfmadd123ss"
.data:08001398                 dd offset L_1253        ; "vfmadd123sd"
.data:0800139C                 dd offset L_1254        ; "vfmadd231ss"
.data:080013A0                 dd offset L_1255        ; "vfmadd231sd"
.data:080013A4                 dd offset L_1256        ; "vfmadd321ss"
.data:080013A8                 dd offset L_1257        ; "vfmadd321sd"
.data:080013AC                 dd offset L_1258        ; "vfmsub132ss"
.data:080013B0                 dd offset L_1259        ; "vfmsub132sd"
.data:080013B4                 dd offset L_1260        ; "vfmsub312ss"
.data:080013B8                 dd offset L_1261        ; "vfmsub312sd"
.data:080013BC                 dd offset L_1262        ; "vfmsub213ss"
.data:080013C0                 dd offset L_1263        ; "vfmsub213sd"
.data:080013C4                 dd offset L_1264        ; "vfmsub123ss"
.data:080013C8                 dd offset L_1265        ; "vfmsub123sd"
.data:080013CC                 dd offset L_1266        ; "vfmsub231ss"
.data:080013D0                 dd offset L_1267        ; "vfmsub231sd"
.data:080013D4                 dd offset L_1268        ; "vfmsub321ss"
.data:080013D8                 dd offset L_1269        ; "vfmsub321sd"
.data:080013DC                 dd offset L_1270        ; "vfnmadd132ss"
.data:080013E0                 dd offset L_1271        ; "vfnmadd132sd"
.data:080013E4                 dd offset L_1272        ; "vfnmadd312ss"
.data:080013E8                 dd offset L_1273        ; "vfnmadd312sd"
.data:080013EC                 dd offset L_1274        ; "vfnmadd213ss"
.data:080013F0                 dd offset L_1275        ; "vfnmadd213sd"
.data:080013F4                 dd offset L_1276        ; "vfnmadd123ss"
.data:080013F8                 dd offset L_1277        ; "vfnmadd123sd"
.data:080013FC                 dd offset L_1278        ; "vfnmadd231ss"
.data:08001400                 dd offset L_1279        ; "vfnmadd231sd"
.data:08001404                 dd offset L_1280        ; "vfnmadd321ss"
.data:08001408                 dd offset L_1281        ; "vfnmadd321sd"
.data:0800140C                 dd offset L_1282        ; "vfnmsub132ss"
.data:08001410                 dd offset L_1283        ; "vfnmsub132sd"
.data:08001414                 dd offset L_1284        ; "vfnmsub312ss"
.data:08001418                 dd offset L_1285        ; "vfnmsub312sd"
.data:0800141C                 dd offset L_1286        ; "vfnmsub213ss"
.data:08001420                 dd offset L_1287        ; "vfnmsub213sd"
.data:08001424                 dd offset L_1288        ; "vfnmsub123ss"
.data:08001428                 dd offset L_1289        ; "vfnmsub123sd"
.data:0800142C                 dd offset L_1290        ; "vfnmsub231ss"
.data:08001430                 dd offset L_1291        ; "vfnmsub231sd"
.data:08001434                 dd offset L_1292        ; "vfnmsub321ss"
.data:08001438                 dd offset L_1293        ; "vfnmsub321sd"
.data:0800143C                 dd offset L_1294        ; "rdfsbase"
.data:08001440                 dd offset L_1295        ; "rdgsbase"
.data:08001444                 dd offset L_1296        ; "rdrand"
.data:08001448                 dd offset L_1297        ; "wrfsbase"
.data:0800144C                 dd offset L_1298        ; "wrgsbase"
.data:08001450                 dd offset L_1299        ; "vcvtph2ps"
.data:08001454                 dd offset L_1300        ; "vcvtps2ph"
.data:08001458                 dd offset L_1301        ; "adcx"
.data:0800145C                 dd offset L_1302        ; "adox"
.data:08001460                 dd offset L_1303        ; "rdseed"
.data:08001464                 dd offset L_1304        ; "clac"
.data:08001468                 dd offset L_1305        ; "stac"
.data:0800146C                 dd offset L_1306        ; "xstore"
.data:08001470                 dd offset L_1307        ; "xcryptecb"
.data:08001474                 dd offset L_1308        ; "xcryptcbc"
.data:08001478                 dd offset L_1309        ; "xcryptctr"
.data:0800147C                 dd offset L_1310        ; "xcryptcfb"
.data:08001480                 dd offset L_1311        ; "xcryptofb"
.data:08001484                 dd offset L_1312        ; "montmul"
.data:08001488                 dd offset L_1313        ; "xsha1"
.data:0800148C                 dd offset L_1314        ; "xsha256"
.data:08001490                 dd offset L_1315        ; "llwpcb"
.data:08001494                 dd offset L_1316        ; "slwpcb"
.data:08001498                 dd offset L_1317        ; "lwpval"
.data:0800149C                 dd offset L_1318        ; "lwpins"
.data:080014A0                 dd offset L_1319        ; "vfmaddpd"
.data:080014A4                 dd offset L_1320        ; "vfmaddps"
.data:080014A8                 dd offset L_1321        ; "vfmaddsd"
.data:080014AC                 dd offset L_1322        ; "vfmaddss"
.data:080014B0                 dd offset L_1323        ; "vfmaddsubpd"
.data:080014B4                 dd offset L_1324        ; "vfmaddsubps"
.data:080014B8                 dd offset L_1325        ; "vfmsubaddpd"
.data:080014BC                 dd offset L_1326        ; "vfmsubaddps"
.data:080014C0                 dd offset L_1327        ; "vfmsubpd"
.data:080014C4                 dd offset L_1328        ; "vfmsubps"
.data:080014C8                 dd offset L_1329        ; "vfmsubsd"
.data:080014CC                 dd offset L_1330        ; "vfmsubss"
.data:080014D0                 dd offset L_1331        ; "vfnmaddpd"
.data:080014D4                 dd offset L_1332        ; "vfnmaddps"
.data:080014D8                 dd offset L_1333        ; "vfnmaddsd"
.data:080014DC                 dd offset L_1334        ; "vfnmaddss"
.data:080014E0                 dd offset L_1335        ; "vfnmsubpd"
.data:080014E4                 dd offset L_1336        ; "vfnmsubps"
.data:080014E8                 dd offset L_1337        ; "vfnmsubsd"
.data:080014EC                 dd offset L_1338        ; "vfnmsubss"
.data:080014F0                 dd offset L_1339        ; "vfrczpd"
.data:080014F4                 dd offset L_1340        ; "vfrczps"
.data:080014F8                 dd offset L_1341        ; "vfrczsd"
.data:080014FC                 dd offset L_1342        ; "vfrczss"
.data:08001500                 dd offset L_1343        ; "vpcmov"
.data:08001504                 dd offset L_1344        ; "vpcomb"
.data:08001508                 dd offset L_1345        ; "vpcomd"
.data:0800150C                 dd offset L_1346        ; "vpcomq"
.data:08001510                 dd offset L_1347        ; "vpcomub"
.data:08001514                 dd offset L_1348        ; "vpcomud"
.data:08001518                 dd offset L_1349        ; "vpcomuq"
.data:0800151C                 dd offset L_1350        ; "vpcomuw"
.data:08001520                 dd offset L_1351        ; "vpcomw"
.data:08001524                 dd offset L_1352        ; "vphaddbd"
.data:08001528                 dd offset L_1353        ; "vphaddbq"
.data:0800152C                 dd offset L_1354        ; "vphaddbw"
.data:08001530                 dd offset L_1355        ; "vphadddq"
.data:08001534                 dd offset L_1356        ; "vphaddubd"
.data:08001538                 dd offset L_1357        ; "vphaddubq"
.data:0800153C                 dd offset L_1358        ; "vphaddubw"
.data:08001540                 dd offset L_1359        ; "vphaddudq"
.data:08001544                 dd offset L_1360        ; "vphadduwd"
.data:08001548                 dd offset L_1361        ; "vphadduwq"
.data:0800154C                 dd offset L_1362        ; "vphaddwd"
.data:08001550                 dd offset L_1363        ; "vphaddwq"
.data:08001554                 dd offset L_1364        ; "vphsubbw"
.data:08001558                 dd offset L_1365        ; "vphsubdq"
.data:0800155C                 dd offset L_1366        ; "vphsubwd"
.data:08001560                 dd offset L_1367        ; "vpmacsdd"
.data:08001564                 dd offset L_1368        ; "vpmacsdqh"
.data:08001568                 dd offset L_1369        ; "vpmacsdql"
.data:0800156C                 dd offset L_1370        ; "vpmacssdd"
.data:08001570                 dd offset L_1371        ; "vpmacssdqh"
.data:08001574                 dd offset L_1372        ; "vpmacssdql"
.data:08001578                 dd offset L_1373        ; "vpmacsswd"
.data:0800157C                 dd offset L_1374        ; "vpmacssww"
.data:08001580                 dd offset L_1375        ; "vpmacswd"
.data:08001584                 dd offset L_1376        ; "vpmacsww"
.data:08001588                 dd offset L_1377        ; "vpmadcsswd"
.data:0800158C                 dd offset L_1378        ; "vpmadcswd"
.data:08001590                 dd offset L_1379        ; "vpperm"
.data:08001594                 dd offset L_1380        ; "vprotb"
.data:08001598                 dd offset L_1381        ; "vprotd"
.data:0800159C                 dd offset L_1382        ; "vprotq"
.data:080015A0                 dd offset L_1383        ; "vprotw"
.data:080015A4                 dd offset L_1384        ; "vpshab"
.data:080015A8                 dd offset L_1385        ; "vpshad"
.data:080015AC                 dd offset L_1386        ; "vpshaq"
.data:080015B0                 dd offset L_1387        ; "vpshaw"
.data:080015B4                 dd offset L_1388        ; "vpshlb"
.data:080015B8                 dd offset L_1389        ; "vpshld"
.data:080015BC                 dd offset L_1390        ; "vpshlq"
.data:080015C0                 dd offset L_1391        ; "vpshlw"
.data:080015C4                 dd offset L_1392        ; "vbroadcasti128"
.data:080015C8                 dd offset L_1393        ; "vpblendd"
.data:080015CC                 dd offset L_1394        ; "vpbroadcastb"
.data:080015D0                 dd offset L_1395        ; "vpbroadcastw"
.data:080015D4                 dd offset L_1396        ; "vpbroadcastd"
.data:080015D8                 dd offset L_1397        ; "vpbroadcastq"
.data:080015DC                 dd offset L_1398        ; "vpermd"
.data:080015E0                 dd offset L_1399        ; "vpermpd"
.data:080015E4                 dd offset L_1400        ; "vpermps"
.data:080015E8                 dd offset L_1401        ; "vpermq"
.data:080015EC                 dd offset L_1402        ; "vperm2i128"
.data:080015F0                 dd offset L_1403        ; "vextracti128"
.data:080015F4                 dd offset L_1404        ; "vinserti128"
.data:080015F8                 dd offset L_1405        ; "vpmaskmovd"
.data:080015FC                 dd offset L_1406        ; "vpmaskmovq"
.data:08001600                 dd offset L_1407        ; "vpsllvd"
.data:08001604                 dd offset L_1408        ; "vpsllvq"
.data:08001608                 dd offset L_1409        ; "vpsravd"
.data:0800160C                 dd offset L_1410        ; "vpsrlvd"
.data:08001610                 dd offset L_1411        ; "vpsrlvq"
.data:08001614                 dd offset L_1412        ; "vgatherdpd"
.data:08001618                 dd offset L_1413        ; "vgatherqpd"
.data:0800161C                 dd offset L_1414        ; "vgatherdps"
.data:08001620                 dd offset L_1415        ; "vgatherqps"
.data:08001624                 dd offset L_1416        ; "vpgatherdd"
.data:08001628                 dd offset L_1417        ; "vpgatherqd"
.data:0800162C                 dd offset L_1418        ; "vpgatherdq"
.data:08001630                 dd offset L_1419        ; "vpgatherqq"
.data:08001634                 dd offset L_1420        ; "xabort"
.data:08001638                 dd offset L_1421        ; "xbegin"
.data:0800163C                 dd offset L_1422        ; "xend"
.data:08001640                 dd offset L_1423        ; "xtest"
.data:08001644                 dd offset L_1424        ; "andn"
.data:08001648                 dd offset L_1425        ; "bextr"
.data:0800164C                 dd offset L_1426        ; "blci"
.data:08001650                 dd offset L_1427        ; "blcic"
.data:08001654                 dd offset L_1428        ; "blsi"
.data:08001658                 dd offset L_1429        ; "blsic"
.data:0800165C                 dd offset L_1430        ; "blcfill"
.data:08001660                 dd offset L_1431        ; "blsfill"
.data:08001664                 dd offset L_1432        ; "blcmsk"
.data:08001668                 dd offset L_1433        ; "blsmsk"
.data:0800166C                 dd offset L_1434        ; "blsr"
.data:08001670                 dd offset L_1435        ; "blcs"
.data:08001674                 dd offset L_1436        ; "bzhi"
.data:08001678                 dd offset L_1437        ; "mulx"
.data:0800167C                 dd offset L_1438        ; "pdep"
.data:08001680                 dd offset L_1439        ; "pext"
.data:08001684                 dd offset L_1440        ; "rorx"
.data:08001688                 dd offset L_1441        ; "sarx"
.data:0800168C                 dd offset L_1442        ; "shlx"
.data:08001690                 dd offset L_1443        ; "shrx"
.data:08001694                 dd offset L_1444        ; "tzcnt"
.data:08001698                 dd offset L_1445        ; "tzmsk"
.data:0800169C                 dd offset L_1446        ; "t1mskc"
.data:080016A0                 dd offset L_1447        ; "prefetchwt1"
.data:080016A4                 dd offset L_1448        ; "bndmk"
.data:080016A8                 dd offset L_1449        ; "bndcl"
.data:080016AC                 dd offset L_1450        ; "bndcu"
.data:080016B0                 dd offset L_1451        ; "bndcn"
.data:080016B4                 dd offset L_1452        ; "bndmov"
.data:080016B8                 dd offset L_1453        ; "bndldx"
.data:080016BC                 dd offset L_1454        ; "bndstx"
.data:080016C0                 dd offset L_1455        ; "sha1msg1"
.data:080016C4                 dd offset L_1456        ; "sha1msg2"
.data:080016C8                 dd offset L_1457        ; "sha1nexte"
.data:080016CC                 dd offset L_1458        ; "sha1rnds4"
.data:080016D0                 dd offset L_1459        ; "sha256msg1"
.data:080016D4                 dd offset L_1460        ; "sha256msg2"
.data:080016D8                 dd offset L_1461        ; "sha256rnds2"
.data:080016DC                 dd offset L_1462        ; "kaddb"
.data:080016E0                 dd offset L_1463        ; "kaddd"
.data:080016E4                 dd offset L_1464        ; "kaddq"
.data:080016E8                 dd offset L_1465        ; "kaddw"
.data:080016EC                 dd offset L_1466        ; "kandb"
.data:080016F0                 dd offset L_1467        ; "kandd"
.data:080016F4                 dd offset L_1468        ; "kandnb"
.data:080016F8                 dd offset L_1469        ; "kandnd"
.data:080016FC                 dd offset L_1470        ; "kandnq"
.data:08001700                 dd offset L_1471        ; "kandnw"
.data:08001704                 dd offset L_1472        ; "kandq"
.data:08001708                 dd offset L_1473        ; "kandw"
.data:0800170C                 dd offset L_1474        ; "kmovb"
.data:08001710                 dd offset L_1475        ; "kmovd"
.data:08001714                 dd offset L_1476        ; "kmovq"
.data:08001718                 dd offset L_1477        ; "kmovw"
.data:0800171C                 dd offset L_1478        ; "knotb"
.data:08001720                 dd offset L_1479        ; "knotd"
.data:08001724                 dd offset L_1480        ; "knotq"
.data:08001728                 dd offset L_1481        ; "knotw"
.data:0800172C                 dd offset L_1482        ; "korb"
.data:08001730                 dd offset L_1483        ; "kord"
.data:08001734                 dd offset L_1484        ; "korq"
.data:08001738                 dd offset L_1485        ; "kortestb"
.data:0800173C                 dd offset L_1486        ; "kortestd"
.data:08001740                 dd offset L_1487        ; "kortestq"
.data:08001744                 dd offset L_1488        ; "kortestw"
.data:08001748                 dd offset L_1489        ; "korw"
.data:0800174C                 dd offset L_1490        ; "kshiftlb"
.data:08001750                 dd offset L_1491        ; "kshiftld"
.data:08001754                 dd offset L_1492        ; "kshiftlq"
.data:08001758                 dd offset L_1493        ; "kshiftlw"
.data:0800175C                 dd offset L_1494        ; "kshiftrb"
.data:08001760                 dd offset L_1495        ; "kshiftrd"
.data:08001764                 dd offset L_1496        ; "kshiftrq"
.data:08001768                 dd offset L_1497        ; "kshiftrw"
.data:0800176C                 dd offset L_1498        ; "ktestb"
.data:08001770                 dd offset L_1499        ; "ktestd"
.data:08001774                 dd offset L_1500        ; "ktestq"
.data:08001778                 dd offset L_1501        ; "ktestw"
.data:0800177C                 dd offset L_1502        ; "kunpckbw"
.data:08001780                 dd offset L_1503        ; "kunpckdq"
.data:08001784                 dd offset L_1504        ; "kunpckwd"
.data:08001788                 dd offset L_1505        ; "kxnorb"
.data:0800178C                 dd offset L_1506        ; "kxnord"
.data:08001790                 dd offset L_1507        ; "kxnorq"
.data:08001794                 dd offset L_1508        ; "kxnorw"
.data:08001798                 dd offset L_1509        ; "kxorb"
.data:0800179C                 dd offset L_1510        ; "kxord"
.data:080017A0                 dd offset L_1511        ; "kxorq"
.data:080017A4                 dd offset L_1512        ; "kxorw"
.data:080017A8                 dd offset L_1513        ; "valignd"
.data:080017AC                 dd offset L_1514        ; "valignq"
.data:080017B0                 dd offset L_1515        ; "vblendmpd"
.data:080017B4                 dd offset L_1516        ; "vblendmps"
.data:080017B8                 dd offset L_1517        ; "vbroadcastf32x2"
.data:080017BC                 dd offset L_1518        ; "vbroadcastf32x4"
.data:080017C0                 dd offset L_1519        ; "vbroadcastf32x8"
.data:080017C4                 dd offset L_1520        ; "vbroadcastf64x2"
.data:080017C8                 dd offset L_1521        ; "vbroadcastf64x4"
.data:080017CC                 dd offset L_1522        ; "vbroadcasti32x2"
.data:080017D0                 dd offset L_1523        ; "vbroadcasti32x4"
.data:080017D4                 dd offset L_1524        ; "vbroadcasti32x8"
.data:080017D8                 dd offset L_1525        ; "vbroadcasti64x2"
.data:080017DC                 dd offset L_1526        ; "vbroadcasti64x4"
.data:080017E0                 dd offset L_1527        ; "vcompresspd"
.data:080017E4                 dd offset L_1528        ; "vcompressps"
.data:080017E8                 dd offset L_1529        ; "vcvtpd2qq"
.data:080017EC                 dd offset L_1530        ; "vcvtpd2udq"
.data:080017F0                 dd offset L_1531        ; "vcvtpd2uqq"
.data:080017F4                 dd offset L_1532        ; "vcvtps2qq"
.data:080017F8                 dd offset L_1533        ; "vcvtps2udq"
.data:080017FC                 dd offset L_1534        ; "vcvtps2uqq"
.data:08001800                 dd offset L_1535        ; "vcvtqq2pd"
.data:08001804                 dd offset L_1536        ; "vcvtqq2ps"
.data:08001808                 dd offset L_1537        ; "vcvtsd2usi"
.data:0800180C                 dd offset L_1538        ; "vcvtss2usi"
.data:08001810                 dd offset L_1539        ; "vcvttpd2qq"
.data:08001814                 dd offset L_1540        ; "vcvttpd2udq"
.data:08001818                 dd offset L_1541        ; "vcvttpd2uqq"
.data:0800181C                 dd offset L_1542        ; "vcvttps2qq"
.data:08001820                 dd offset L_1543        ; "vcvttps2udq"
.data:08001824                 dd offset L_1544        ; "vcvttps2uqq"
.data:08001828                 dd offset L_1545        ; "vcvttsd2usi"
.data:0800182C                 dd offset L_1546        ; "vcvttss2usi"
.data:08001830                 dd offset L_1547        ; "vcvtudq2pd"
.data:08001834                 dd offset L_1548        ; "vcvtudq2ps"
.data:08001838                 dd offset L_1549        ; "vcvtuqq2pd"
.data:0800183C                 dd offset L_1550        ; "vcvtuqq2ps"
.data:08001840                 dd offset L_1551        ; "vcvtusi2sd"
.data:08001844                 dd offset L_1552        ; "vcvtusi2ss"
.data:08001848                 dd offset L_1553        ; "vdbpsadbw"
.data:0800184C                 dd offset L_1554        ; "vexp2pd"
.data:08001850                 dd offset L_1555        ; "vexp2ps"
.data:08001854                 dd offset L_1556        ; "vexpandpd"
.data:08001858                 dd offset L_1557        ; "vexpandps"
.data:0800185C                 dd offset L_1558        ; "vextractf32x4"
.data:08001860                 dd offset L_1559        ; "vextractf32x8"
.data:08001864                 dd offset L_1560        ; "vextractf64x2"
.data:08001868                 dd offset L_1561        ; "vextractf64x4"
.data:0800186C                 dd offset L_1562        ; "vextracti32x4"
.data:08001870                 dd offset L_1563        ; "vextracti32x8"
.data:08001874                 dd offset L_1564        ; "vextracti64x2"
.data:08001878                 dd offset L_1565        ; "vextracti64x4"
.data:0800187C                 dd offset L_1566        ; "vfixupimmpd"
.data:08001880                 dd offset L_1567        ; "vfixupimmps"
.data:08001884                 dd offset L_1568        ; "vfixupimmsd"
.data:08001888                 dd offset L_1569        ; "vfixupimmss"
.data:0800188C                 dd offset L_1570        ; "vfpclasspd"
.data:08001890                 dd offset L_1571        ; "vfpclassps"
.data:08001894                 dd offset L_1572        ; "vfpclasssd"
.data:08001898                 dd offset L_1573        ; "vfpclassss"
.data:0800189C                 dd offset L_1574        ; "vgatherpf0dpd"
.data:080018A0                 dd offset L_1575        ; "vgatherpf0dps"
.data:080018A4                 dd offset L_1576        ; "vgatherpf0qpd"
.data:080018A8                 dd offset L_1577        ; "vgatherpf0qps"
.data:080018AC                 dd offset L_1578        ; "vgatherpf1dpd"
.data:080018B0                 dd offset L_1579        ; "vgatherpf1dps"
.data:080018B4                 dd offset L_1580        ; "vgatherpf1qpd"
.data:080018B8                 dd offset L_1581        ; "vgatherpf1qps"
.data:080018BC                 dd offset L_1582        ; "vgetexppd"
.data:080018C0                 dd offset L_1583        ; "vgetexpps"
.data:080018C4                 dd offset L_1584        ; "vgetexpsd"
.data:080018C8                 dd offset L_1585        ; "vgetexpss"
.data:080018CC                 dd offset L_1586        ; "vgetmantpd"
.data:080018D0                 dd offset L_1587        ; "vgetmantps"
.data:080018D4                 dd offset L_1588        ; "vgetmantsd"
.data:080018D8                 dd offset L_1589        ; "vgetmantss"
.data:080018DC                 dd offset L_1590        ; "vinsertf32x4"
.data:080018E0                 dd offset L_1591        ; "vinsertf32x8"
.data:080018E4                 dd offset L_1592        ; "vinsertf64x2"
.data:080018E8                 dd offset L_1593        ; "vinsertf64x4"
.data:080018EC                 dd offset L_1594        ; "vinserti32x4"
.data:080018F0                 dd offset L_1595        ; "vinserti32x8"
.data:080018F4                 dd offset L_1596        ; "vinserti64x2"
.data:080018F8                 dd offset L_1597        ; "vinserti64x4"
.data:080018FC                 dd offset L_1598        ; "vmovdqa32"
.data:08001900                 dd offset L_1599        ; "vmovdqa64"
.data:08001904                 dd offset L_1600        ; "vmovdqu16"
.data:08001908                 dd offset L_1601        ; "vmovdqu32"
.data:0800190C                 dd offset L_1602        ; "vmovdqu64"
.data:08001910                 dd offset L_1603        ; "vmovdqu8"
.data:08001914                 dd offset L_1604        ; "vpabsq"
.data:08001918                 dd offset L_1605        ; "vpandd"
.data:0800191C                 dd offset L_1606        ; "vpandnd"
.data:08001920                 dd offset L_1607        ; "vpandnq"
.data:08001924                 dd offset L_1608        ; "vpandq"
.data:08001928                 dd offset L_1609        ; "vpblendmb"
.data:0800192C                 dd offset L_1610        ; "vpblendmd"
.data:08001930                 dd offset L_1611        ; "vpblendmq"
.data:08001934                 dd offset L_1612        ; "vpblendmw"
.data:08001938                 dd offset L_1613        ; "vpbroadcastmb2q"
.data:0800193C                 dd offset L_1614        ; "vpbroadcastmw2d"
.data:08001940                 dd offset L_1615        ; "vpcmpb"
.data:08001944                 dd offset L_1616        ; "vpcmpd"
.data:08001948                 dd offset L_1617        ; "vpcmpq"
.data:0800194C                 dd offset L_1618        ; "vpcmpub"
.data:08001950                 dd offset L_1619        ; "vpcmpud"
.data:08001954                 dd offset L_1620        ; "vpcmpuq"
.data:08001958                 dd offset L_1621        ; "vpcmpuw"
.data:0800195C                 dd offset L_1622        ; "vpcmpw"
.data:08001960                 dd offset L_1623        ; "vpcompressd"
.data:08001964                 dd offset L_1624        ; "vpcompressq"
.data:08001968                 dd offset L_1625        ; "vpconflictd"
.data:0800196C                 dd offset L_1626        ; "vpconflictq"
.data:08001970                 dd offset L_1627        ; "vpermb"
.data:08001974                 dd offset L_1628        ; "vpermi2b"
.data:08001978                 dd offset L_1629        ; "vpermi2d"
.data:0800197C                 dd offset L_1630        ; "vpermi2pd"
.data:08001980                 dd offset L_1631        ; "vpermi2ps"
.data:08001984                 dd offset L_1632        ; "vpermi2q"
.data:08001988                 dd offset L_1633        ; "vpermi2w"
.data:0800198C                 dd offset L_1634        ; "vpermt2b"
.data:08001990                 dd offset L_1635        ; "vpermt2d"
.data:08001994                 dd offset L_1636        ; "vpermt2pd"
.data:08001998                 dd offset L_1637        ; "vpermt2ps"
.data:0800199C                 dd offset L_1638        ; "vpermt2q"
.data:080019A0                 dd offset L_1639        ; "vpermt2w"
.data:080019A4                 dd offset L_1640        ; "vpermw"
.data:080019A8                 dd offset L_1641        ; "vpexpandd"
.data:080019AC                 dd offset L_1642        ; "vpexpandq"
.data:080019B0                 dd offset L_1643        ; "vplzcntd"
.data:080019B4                 dd offset L_1644        ; "vplzcntq"
.data:080019B8                 dd offset L_1645        ; "vpmadd52huq"
.data:080019BC                 dd offset L_1646        ; "vpmadd52luq"
.data:080019C0                 dd offset L_1647        ; "vpmaxsq"
.data:080019C4                 dd offset L_1648        ; "vpmaxuq"
.data:080019C8                 dd offset L_1649        ; "vpminsq"
.data:080019CC                 dd offset L_1650        ; "vpminuq"
.data:080019D0                 dd offset L_1651        ; "vpmovb2m"
.data:080019D4                 dd offset L_1652        ; "vpmovd2m"
.data:080019D8                 dd offset L_1653        ; "vpmovdb"
.data:080019DC                 dd offset L_1654        ; "vpmovdw"
.data:080019E0                 dd offset L_1655        ; "vpmovm2b"
.data:080019E4                 dd offset L_1656        ; "vpmovm2d"
.data:080019E8                 dd offset L_1657        ; "vpmovm2q"
.data:080019EC                 dd offset L_1658        ; "vpmovm2w"
.data:080019F0                 dd offset L_1659        ; "vpmovq2m"
.data:080019F4                 dd offset L_1660        ; "vpmovqb"
.data:080019F8                 dd offset L_1661        ; "vpmovqd"
.data:080019FC                 dd offset L_1662        ; "vpmovqw"
.data:08001A00                 dd offset L_1663        ; "vpmovsdb"
.data:08001A04                 dd offset L_1664        ; "vpmovsdw"
.data:08001A08                 dd offset L_1665        ; "vpmovsqb"
.data:08001A0C                 dd offset L_1666        ; "vpmovsqd"
.data:08001A10                 dd offset L_1667        ; "vpmovsqw"
.data:08001A14                 dd offset L_1668        ; "vpmovswb"
.data:08001A18                 dd offset L_1669        ; "vpmovusdb"
.data:08001A1C                 dd offset L_1670        ; "vpmovusdw"
.data:08001A20                 dd offset L_1671        ; "vpmovusqb"
.data:08001A24                 dd offset L_1672        ; "vpmovusqd"
.data:08001A28                 dd offset L_1673        ; "vpmovusqw"
.data:08001A2C                 dd offset L_1674        ; "vpmovuswb"
.data:08001A30                 dd offset L_1675        ; "vpmovw2m"
.data:08001A34                 dd offset L_1676        ; "vpmovwb"
.data:08001A38                 dd offset L_1677        ; "vpmullq"
.data:08001A3C                 dd offset L_1678        ; "vpmultishiftqb"
.data:08001A40                 dd offset L_1679        ; "vpord"
.data:08001A44                 dd offset L_1680        ; "vporq"
.data:08001A48                 dd offset L_1681        ; "vprold"
.data:08001A4C                 dd offset L_1682        ; "vprolq"
.data:08001A50                 dd offset L_1683        ; "vprolvd"
.data:08001A54                 dd offset L_1684        ; "vprolvq"
.data:08001A58                 dd offset L_1685        ; "vprord"
.data:08001A5C                 dd offset L_1686        ; "vprorq"
.data:08001A60                 dd offset L_1687        ; "vprorvd"
.data:08001A64                 dd offset L_1688        ; "vprorvq"
.data:08001A68                 dd offset L_1689        ; "vpscatterdd"
.data:08001A6C                 dd offset L_1690        ; "vpscatterdq"
.data:08001A70                 dd offset L_1691        ; "vpscatterqd"
.data:08001A74                 dd offset L_1692        ; "vpscatterqq"
.data:08001A78                 dd offset L_1693        ; "vpsllvw"
.data:08001A7C                 dd offset L_1694        ; "vpsraq"
.data:08001A80                 dd offset L_1695        ; "vpsravq"
.data:08001A84                 dd offset L_1696        ; "vpsravw"
.data:08001A88                 dd offset L_1697        ; "vpsrlvw"
.data:08001A8C                 dd offset L_1698        ; "vpternlogd"
.data:08001A90                 dd offset L_1699        ; "vpternlogq"
.data:08001A94                 dd offset L_1700        ; "vptestmb"
.data:08001A98                 dd offset L_1701        ; "vptestmd"
.data:08001A9C                 dd offset L_1702        ; "vptestmq"
.data:08001AA0                 dd offset L_1703        ; "vptestmw"
.data:08001AA4                 dd offset L_1704        ; "vptestnmb"
.data:08001AA8                 dd offset L_1705        ; "vptestnmd"
.data:08001AAC                 dd offset L_1706        ; "vptestnmq"
.data:08001AB0                 dd offset L_1707        ; "vptestnmw"
.data:08001AB4                 dd offset L_1708        ; "vpxord"
.data:08001AB8                 dd offset L_1709        ; "vpxorq"
.data:08001ABC                 dd offset L_1710        ; "vrangepd"
.data:08001AC0                 dd offset L_1711        ; "vrangeps"
.data:08001AC4                 dd offset L_1712        ; "vrangesd"
.data:08001AC8                 dd offset L_1713        ; "vrangess"
.data:08001ACC                 dd offset L_1714        ; "vrcp14pd"
.data:08001AD0                 dd offset L_1715        ; "vrcp14ps"
.data:08001AD4                 dd offset L_1716        ; "vrcp14sd"
.data:08001AD8                 dd offset L_1717        ; "vrcp14ss"
.data:08001ADC                 dd offset L_1718        ; "vrcp28pd"
.data:08001AE0                 dd offset L_1719        ; "vrcp28ps"
.data:08001AE4                 dd offset L_1720        ; "vrcp28sd"
.data:08001AE8                 dd offset L_1721        ; "vrcp28ss"
.data:08001AEC                 dd offset L_1722        ; "vreducepd"
.data:08001AF0                 dd offset L_1723        ; "vreduceps"
.data:08001AF4                 dd offset L_1724        ; "vreducesd"
.data:08001AF8                 dd offset L_1725        ; "vreducess"
.data:08001AFC                 dd offset L_1726        ; "vrndscalepd"
.data:08001B00                 dd offset L_1727        ; "vrndscaleps"
.data:08001B04                 dd offset L_1728        ; "vrndscalesd"
.data:08001B08                 dd offset L_1729        ; "vrndscaless"
.data:08001B0C                 dd offset L_1730        ; "vrsqrt14pd"
.data:08001B10                 dd offset L_1731        ; "vrsqrt14ps"
.data:08001B14                 dd offset L_1732        ; "vrsqrt14sd"
.data:08001B18                 dd offset L_1733        ; "vrsqrt14ss"
.data:08001B1C                 dd offset L_1734        ; "vrsqrt28pd"
.data:08001B20                 dd offset L_1735        ; "vrsqrt28ps"
.data:08001B24                 dd offset L_1736        ; "vrsqrt28sd"
.data:08001B28                 dd offset L_1737        ; "vrsqrt28ss"
.data:08001B2C                 dd offset L_1738        ; "vscalefpd"
.data:08001B30                 dd offset L_1739        ; "vscalefps"
.data:08001B34                 dd offset L_1740        ; "vscalefsd"
.data:08001B38                 dd offset L_1741        ; "vscalefss"
.data:08001B3C                 dd offset L_1742        ; "vscatterdpd"
.data:08001B40                 dd offset L_1743        ; "vscatterdps"
.data:08001B44                 dd offset L_1744        ; "vscatterpf0dpd"
.data:08001B48                 dd offset L_1745        ; "vscatterpf0dps"
.data:08001B4C                 dd offset L_1746        ; "vscatterpf0qpd"
.data:08001B50                 dd offset L_1747        ; "vscatterpf0qps"
.data:08001B54                 dd offset L_1748        ; "vscatterpf1dpd"
.data:08001B58                 dd offset L_1749        ; "vscatterpf1dps"
.data:08001B5C                 dd offset L_1750        ; "vscatterpf1qpd"
.data:08001B60                 dd offset L_1751        ; "vscatterpf1qps"
.data:08001B64                 dd offset L_1752        ; "vscatterqpd"
.data:08001B68                 dd offset L_1753        ; "vscatterqps"
.data:08001B6C                 dd offset L_1754        ; "vshuff32x4"
.data:08001B70                 dd offset L_1755        ; "vshuff64x2"
.data:08001B74                 dd offset L_1756        ; "vshufi32x4"
.data:08001B78                 dd offset L_1757        ; "vshufi64x2"
.data:08001B7C                 dd offset L_1758        ; "rdpkru"
.data:08001B80                 dd offset L_1759        ; "wrpkru"
.data:08001B84                 dd offset L_1760        ; "rdpid"
.data:08001B88                 dd offset L_1761        ; "clflushopt"
.data:08001B8C                 dd offset L_1762        ; "clwb"
.data:08001B90                 dd offset L_1763        ; "pcommit"
.data:08001B94                 dd offset L_1764        ; "clzero"
.data:08001B98                 dd offset L_1765        ; "ptwrite"
.data:08001B9C                 dd offset L_1766        ; "cldemote"
.data:08001BA0                 dd offset L_1767        ; "movdiri"
.data:08001BA4                 dd offset L_1768        ; "movdir64b"
.data:08001BA8                 dd offset L_1769        ; "pconfig"
.data:08001BAC                 dd offset L_1770        ; "tpause"
.data:08001BB0                 dd offset L_1771        ; "umonitor"
.data:08001BB4                 dd offset L_1772        ; "umwait"
.data:08001BB8                 dd offset L_1773        ; "wbnoinvd"
.data:08001BBC                 dd offset L_1774        ; "gf2p8affineinvqb"
.data:08001BC0                 dd offset L_1775        ; "vgf2p8affineinvqb"
.data:08001BC4                 dd offset L_1776        ; "gf2p8affineqb"
.data:08001BC8                 dd offset L_1777        ; "vgf2p8affineqb"
.data:08001BCC                 dd offset L_1778        ; "gf2p8mulb"
.data:08001BD0                 dd offset L_1779        ; "vgf2p8mulb"
.data:08001BD4                 dd offset L_1780        ; "vpcompressb"
.data:08001BD8                 dd offset L_1781        ; "vpcompressw"
.data:08001BDC                 dd offset L_1782        ; "vpexpandb"
.data:08001BE0                 dd offset L_1783        ; "vpexpandw"
.data:08001BE4                 dd offset L_1784        ; "vpshldw"
.data:08001BE8                 dd offset L_1785        ; "vpshldd"
.data:08001BEC                 dd offset L_1786        ; "vpshldq"
.data:08001BF0                 dd offset L_1787        ; "vpshldvw"
.data:08001BF4                 dd offset L_1788        ; "vpshldvd"
.data:08001BF8                 dd offset L_1789        ; "vpshldvq"
.data:08001BFC                 dd offset L_1790        ; "vpshrdw"
.data:08001C00                 dd offset L_1791        ; "vpshrdd"
.data:08001C04                 dd offset L_1792        ; "vpshrdq"
.data:08001C08                 dd offset L_1793        ; "vpshrdvw"
.data:08001C0C                 dd offset L_1794        ; "vpshrdvd"
.data:08001C10                 dd offset L_1795        ; "vpshrdvq"
.data:08001C14                 dd offset L_1796        ; "vpdpbusd"
.data:08001C18                 dd offset L_1797        ; "vpdpbusds"
.data:08001C1C                 dd offset L_1798        ; "vpdpwssd"
.data:08001C20                 dd offset L_1799        ; "vpdpwssds"
.data:08001C24                 dd offset L_1800        ; "vpopcntb"
.data:08001C28                 dd offset L_1801        ; "vpopcntw"
.data:08001C2C                 dd offset L_1802        ; "vpopcntd"
.data:08001C30                 dd offset L_1803        ; "vpopcntq"
.data:08001C34                 dd offset L_1804        ; "vpshufbitqmb"
.data:08001C38                 dd offset L_1805        ; "v4fmaddps"
.data:08001C3C                 dd offset L_1806        ; "v4fnmaddps"
.data:08001C40                 dd offset L_1807        ; "v4fmaddss"
.data:08001C44                 dd offset L_1808        ; "v4fnmaddss"
.data:08001C48                 dd offset L_1809        ; "v4dpwssds"
.data:08001C4C                 dd offset L_1810        ; "v4dpwssd"
.data:08001C50                 dd offset L_1811        ; "encls"
.data:08001C54                 dd offset L_1812        ; "enclu"
.data:08001C58                 dd offset L_1813        ; "enclv"
.data:08001C5C                 dd offset L_1814        ; "hint_nop0"
.data:08001C60                 dd offset L_1815        ; "hint_nop1"
.data:08001C64                 dd offset L_1816        ; "hint_nop2"
.data:08001C68                 dd offset L_1817        ; "hint_nop3"
.data:08001C6C                 dd offset L_1818        ; "hint_nop4"
.data:08001C70                 dd offset L_1819        ; "hint_nop5"
.data:08001C74                 dd offset L_1820        ; "hint_nop6"
.data:08001C78                 dd offset L_1821        ; "hint_nop7"
.data:08001C7C                 dd offset L_1822        ; "hint_nop8"
.data:08001C80                 dd offset L_1823        ; "hint_nop9"
.data:08001C84                 dd offset L_1824        ; "hint_nop10"
.data:08001C88                 dd offset L_1825        ; "hint_nop11"
.data:08001C8C                 dd offset L_1826        ; "hint_nop12"
.data:08001C90                 dd offset L_1827        ; "hint_nop13"
.data:08001C94                 dd offset L_1828        ; "hint_nop14"
.data:08001C98                 dd offset L_1829        ; "hint_nop15"
.data:08001C9C                 dd offset L_1830        ; "hint_nop16"
.data:08001CA0                 dd offset L_1831        ; "hint_nop17"
.data:08001CA4                 dd offset L_1832        ; "hint_nop18"
.data:08001CA8                 dd offset L_1833        ; "hint_nop19"
.data:08001CAC                 dd offset L_1834        ; "hint_nop20"
.data:08001CB0                 dd offset L_1835        ; "hint_nop21"
.data:08001CB4                 dd offset L_1836        ; "hint_nop22"
.data:08001CB8                 dd offset L_1837        ; "hint_nop23"
.data:08001CBC                 dd offset L_1838        ; "hint_nop24"
.data:08001CC0                 dd offset L_1839        ; "hint_nop25"
.data:08001CC4                 dd offset L_1840        ; "hint_nop26"
.data:08001CC8                 dd offset L_1841        ; "hint_nop27"
.data:08001CCC                 dd offset L_1842        ; "hint_nop28"
.data:08001CD0                 dd offset L_1843        ; "hint_nop29"
.data:08001CD4                 dd offset L_1844        ; "hint_nop30"
.data:08001CD8                 dd offset L_1845        ; "hint_nop31"
.data:08001CDC                 dd offset L_1846        ; "hint_nop32"
.data:08001CE0                 dd offset L_1847        ; "hint_nop33"
.data:08001CE4                 dd offset L_1848        ; "hint_nop34"
.data:08001CE8                 dd offset L_1849        ; "hint_nop35"
.data:08001CEC                 dd offset L_1850        ; "hint_nop36"
.data:08001CF0                 dd offset L_1851        ; "hint_nop37"
.data:08001CF4                 dd offset L_1852        ; "hint_nop38"
.data:08001CF8                 dd offset L_1853        ; "hint_nop39"
.data:08001CFC                 dd offset L_1854        ; "hint_nop40"
.data:08001D00                 dd offset L_1855        ; "hint_nop41"
.data:08001D04                 dd offset L_1856        ; "hint_nop42"
.data:08001D08                 dd offset L_1857        ; "hint_nop43"
.data:08001D0C                 dd offset L_1858        ; "hint_nop44"
.data:08001D10                 dd offset L_1859        ; "hint_nop45"
.data:08001D14                 dd offset L_1860        ; "hint_nop46"
.data:08001D18                 dd offset L_1861        ; "hint_nop47"
.data:08001D1C                 dd offset L_1862        ; "hint_nop48"
.data:08001D20                 dd offset L_1863        ; "hint_nop49"
.data:08001D24                 dd offset L_1864        ; "hint_nop50"
.data:08001D28                 dd offset L_1865        ; "hint_nop51"
.data:08001D2C                 dd offset L_1866        ; "hint_nop52"
.data:08001D30                 dd offset L_1867        ; "hint_nop53"
.data:08001D34                 dd offset L_1868        ; "hint_nop54"
.data:08001D38                 dd offset L_1869        ; "hint_nop55"
.data:08001D3C                 dd offset L_1870        ; "hint_nop56"
.data:08001D40                 dd offset L_1871        ; "hint_nop57"
.data:08001D44                 dd offset L_1872        ; "hint_nop58"
.data:08001D48                 dd offset L_1873        ; "hint_nop59"
.data:08001D4C                 dd offset L_1874        ; "hint_nop60"
.data:08001D50                 dd offset L_1875        ; "hint_nop61"
.data:08001D54                 dd offset L_1876        ; "hint_nop62"
.data:08001D58                 dd offset L_1877        ; "hint_nop63"
.data:08001D5C                 dd offset L_1878        ; "cmov"
.data:08001D60                 dd offset L_1879        ; "j"
.data:08001D64                 dd offset L_1880        ; "set"
.data:08001D68 L_0             db 'db',0               ; ...
.data:08001D6B L_1             db 'dw',0               ; ...
.data:08001D6E L_2             db 'dd',0               ; ...
.data:08001D71 L_3             db 'dq',0               ; ...
.data:08001D74 L_4             db 'dt',0               ; ...
.data:08001D77 L_5             db 'do',0               ; ...
.data:08001D7A L_6             db 'dy',0               ; ...
.data:08001D7D L_7             db 'dz',0               ; ...
.data:08001D80 L_8             db 'resb',0             ; ...
.data:08001D85 L_9             db 'resw',0             ; ...
.data:08001D8A L_10            db 'resd',0             ; ...
.data:08001D8F L_11            db 'resq',0             ; ...
.data:08001D94 L_12            db 'rest',0             ; ...
.data:08001D99 L_13            db 'reso',0             ; ...
.data:08001D9E L_14            db 'resy',0             ; ...
.data:08001DA3 L_15            db 'resz',0             ; ...
.data:08001DA8 L_16            db 'incbin',0           ; ...
.data:08001DAF L_17            db 'aaa',0              ; ...
.data:08001DB3 L_18            db 'aad',0              ; ...
.data:08001DB7 L_19            db 'aam',0              ; ...
.data:08001DBB L_20            db 'aas',0              ; ...
.data:08001DBF L_21            db 'adc',0              ; ...
.data:08001DC3 L_22            db 'add',0              ; ...
.data:08001DC7 L_23            db 'and',0              ; ...
.data:08001DCB L_24            db 'arpl',0             ; ...
.data:08001DD0 L_25            db 'bb0_reset',0        ; ...
.data:08001DDA L_26            db 'bb1_reset',0        ; ...
.data:08001DE4 L_27            db 'bound',0            ; ...
.data:08001DEA L_28            db 'bsf',0              ; ...
.data:08001DEE L_29            db 'bsr',0              ; ...
.data:08001DF2 L_30            db 'bswap',0            ; ...
.data:08001DF8 L_31            db 'bt',0               ; ...
.data:08001DFB L_32            db 'btc',0              ; ...
.data:08001DFF L_33            db 'btr',0              ; ...
.data:08001E03 L_34            db 'bts',0              ; ...
.data:08001E07 L_35            db 'call',0             ; ...
.data:08001E0C L_36            db 'cbw',0              ; ...
.data:08001E10 L_37            db 'cdq',0              ; ...
.data:08001E14 L_38            db 'cdqe',0             ; ...
.data:08001E19 L_39            db 'clc',0              ; ...
.data:08001E1D L_40            db 'cld',0              ; ...
.data:08001E21 L_41            db 'cli',0              ; ...
.data:08001E25 L_42            db 'clts',0             ; ...
.data:08001E2A L_43            db 'cmc',0              ; ...
.data:08001E2E L_44            db 'cmp',0              ; ...
.data:08001E32 L_45            db 'cmpsb',0            ; ...
.data:08001E38 L_46            db 'cmpsd',0            ; ...
.data:08001E3E L_47            db 'cmpsq',0            ; ...
.data:08001E44 L_48            db 'cmpsw',0            ; ...
.data:08001E4A L_49            db 'cmpxchg',0          ; ...
.data:08001E52 L_50            db 'cmpxchg486',0       ; ...
.data:08001E5D L_51            db 'cmpxchg8b',0        ; ...
.data:08001E67 L_52            db 'cmpxchg16b',0       ; ...
.data:08001E72 L_53            db 'cpuid',0            ; ...
.data:08001E78 L_54            db 'cpu_read',0         ; ...
.data:08001E81 L_55            db 'cpu_write',0        ; ...
.data:08001E8B L_56            db 'cqo',0              ; ...
.data:08001E8F L_57            db 'cwd',0              ; ...
.data:08001E93 L_58            db 'cwde',0             ; ...
.data:08001E98 L_59            db 'daa',0              ; ...
.data:08001E9C L_60            db 'das',0              ; ...
.data:08001EA0 L_61            db 'dec',0              ; ...
.data:08001EA4 L_62            db 'div',0              ; ...
.data:08001EA8 L_63            db 'dmint',0            ; ...
.data:08001EAE L_64            db 'emms',0             ; ...
.data:08001EB3 L_65            db 'enter',0            ; ...
.data:08001EB9 L_66            db 'equ',0              ; ...
.data:08001EBD L_67            db 'f2xm1',0            ; ...
.data:08001EC3 L_68            db 'fabs',0             ; ...
.data:08001EC8 L_69            db 'fadd',0             ; ...
.data:08001ECD L_70            db 'faddp',0            ; ...
.data:08001ED3 L_71            db 'fbld',0             ; ...
.data:08001ED8 L_72            db 'fbstp',0            ; ...
.data:08001EDE L_73            db 'fchs',0             ; ...
.data:08001EE3 L_74            db 'fclex',0            ; ...
.data:08001EE9 L_75            db 'fcmovb',0           ; ...
.data:08001EF0 L_76            db 'fcmovbe',0          ; ...
.data:08001EF8 L_77            db 'fcmove',0           ; ...
.data:08001EFF L_78            db 'fcmovnb',0          ; ...
.data:08001F07 L_79            db 'fcmovnbe',0         ; ...
.data:08001F10 L_80            db 'fcmovne',0          ; ...
.data:08001F18 L_81            db 'fcmovnu',0          ; ...
.data:08001F20 L_82            db 'fcmovu',0           ; ...
.data:08001F27 L_83            db 'fcom',0             ; ...
.data:08001F2C L_84            db 'fcomi',0            ; ...
.data:08001F32 L_85            db 'fcomip',0           ; ...
.data:08001F39 L_86            db 'fcomp',0            ; ...
.data:08001F3F L_87            db 'fcompp',0           ; ...
.data:08001F46 L_88            db 'fcos',0             ; ...
.data:08001F4B L_89            db 'fdecstp',0          ; ...
.data:08001F53 L_90            db 'fdisi',0            ; ...
.data:08001F59 L_91            db 'fdiv',0             ; ...
.data:08001F5E L_92            db 'fdivp',0            ; ...
.data:08001F64 L_93            db 'fdivr',0            ; ...
.data:08001F6A L_94            db 'fdivrp',0           ; ...
.data:08001F71 L_95            db 'femms',0            ; ...
.data:08001F77 L_96            db 'feni',0             ; ...
.data:08001F7C L_97            db 'ffree',0            ; ...
.data:08001F82 L_98            db 'ffreep',0           ; ...
.data:08001F89 L_99            db 'fiadd',0            ; ...
.data:08001F8F L_100           db 'ficom',0            ; ...
.data:08001F95 L_101           db 'ficomp',0           ; ...
.data:08001F9C L_102           db 'fidiv',0            ; ...
.data:08001FA2 L_103           db 'fidivr',0           ; ...
.data:08001FA9 L_104           db 'fild',0             ; ...
.data:08001FAE L_105           db 'fimul',0            ; ...
.data:08001FB4 L_106           db 'fincstp',0          ; ...
.data:08001FBC L_107           db 'finit',0            ; ...
.data:08001FC2 L_108           db 'fist',0             ; ...
.data:08001FC7 L_109           db 'fistp',0            ; ...
.data:08001FCD L_110           db 'fisttp',0           ; ...
.data:08001FD4 L_111           db 'fisub',0            ; ...
.data:08001FDA L_112           db 'fisubr',0           ; ...
.data:08001FE1 L_113           db 'fld',0              ; ...
.data:08001FE5 L_114           db 'fld1',0             ; ...
.data:08001FEA L_115           db 'fldcw',0            ; ...
.data:08001FF0 L_116           db 'fldenv',0           ; ...
.data:08001FF7 L_117           db 'fldl2e',0           ; ...
.data:08001FFE L_118           db 'fldl2t',0           ; ...
.data:08002005 L_119           db 'fldlg2',0           ; ...
.data:0800200C L_120           db 'fldln2',0           ; ...
.data:08002013 L_121           db 'fldpi',0            ; ...
.data:08002019 L_122           db 'fldz',0             ; ...
.data:0800201E L_123           db 'fmul',0             ; ...
.data:08002023 L_124           db 'fmulp',0            ; ...
.data:08002029 L_125           db 'fnclex',0           ; ...
.data:08002030 L_126           db 'fndisi',0           ; ...
.data:08002037 L_127           db 'fneni',0            ; ...
.data:0800203D L_128           db 'fninit',0           ; ...
.data:08002044 L_129           db 'fnop',0             ; ...
.data:08002049 L_130           db 'fnsave',0           ; ...
.data:08002050 L_131           db 'fnstcw',0           ; ...
.data:08002057 L_132           db 'fnstenv',0          ; ...
.data:0800205F L_133           db 'fnstsw',0           ; ...
.data:08002066 L_134           db 'fpatan',0           ; ...
.data:0800206D L_135           db 'fprem',0            ; ...
.data:08002073 L_136           db 'fprem1',0           ; ...
.data:0800207A L_137           db 'fptan',0            ; ...
.data:08002080 L_138           db 'frndint',0          ; ...
.data:08002088 L_139           db 'frstor',0           ; ...
.data:0800208F L_140           db 'fsave',0            ; ...
.data:08002095 L_141           db 'fscale',0           ; ...
.data:0800209C L_142           db 'fsetpm',0           ; ...
.data:080020A3 L_143           db 'fsin',0             ; ...
.data:080020A8 L_144           db 'fsincos',0          ; ...
.data:080020B0 L_145           db 'fsqrt',0            ; ...
.data:080020B6 L_146           db 'fst',0              ; ...
.data:080020BA L_147           db 'fstcw',0            ; ...
.data:080020C0 L_148           db 'fstenv',0           ; ...
.data:080020C7 L_149           db 'fstp',0             ; ...
.data:080020CC L_150           db 'fstsw',0            ; ...
.data:080020D2 L_151           db 'fsub',0             ; ...
.data:080020D7 L_152           db 'fsubp',0            ; ...
.data:080020DD L_153           db 'fsubr',0            ; ...
.data:080020E3 L_154           db 'fsubrp',0           ; ...
.data:080020EA L_155           db 'ftst',0             ; ...
.data:080020EF L_156           db 'fucom',0            ; ...
.data:080020F5 L_157           db 'fucomi',0           ; ...
.data:080020FC L_158           db 'fucomip',0          ; ...
.data:08002104 L_159           db 'fucomp',0           ; ...
.data:0800210B L_160           db 'fucompp',0          ; ...
.data:08002113 L_161           db 'fxam',0             ; ...
.data:08002118 L_162           db 'fxch',0             ; ...
.data:0800211D L_163           db 'fxtract',0          ; ...
.data:08002125 L_164           db 'fyl2x',0            ; ...
.data:0800212B L_165           db 'fyl2xp1',0          ; ...
.data:08002133 L_166           db 'hlt',0              ; ...
.data:08002137 L_167           db 'ibts',0             ; ...
.data:0800213C L_168           db 'icebp',0            ; ...
.data:08002142 L_169           db 'idiv',0             ; ...
.data:08002147 L_170           db 'imul',0             ; ...
.data:0800214C L_171           db 'in',0               ; ...
.data:0800214F L_172           db 'inc',0              ; ...
.data:08002153 L_173           db 'insb',0             ; ...
.data:08002158 L_174           db 'insd',0             ; ...
.data:0800215D L_175           db 'insw',0             ; ...
.data:08002162 L_176           db 'int',0              ; ...
.data:08002166 L_177           db 'int01',0            ; ...
.data:0800216C L_178           db 'int1',0             ; ...
.data:08002171 L_179           db 'int03',0            ; ...
.data:08002177 L_180           db 'int3',0             ; ...
.data:0800217C L_181           db 'into',0             ; ...
.data:08002181 L_182           db 'invd',0             ; ...
.data:08002186 L_183           db 'invpcid',0          ; ...
.data:0800218E L_184           db 'invlpg',0           ; ...
.data:08002195 L_185           db 'invlpga',0          ; ...
.data:0800219D L_186           db 'iret',0             ; ...
.data:080021A2 L_187           db 'iretd',0            ; ...
.data:080021A8 L_188           db 'iretq',0            ; ...
.data:080021AE L_189           db 'iretw',0            ; ...
.data:080021B4 L_190           db 'jcxz',0             ; ...
.data:080021B9 L_191           db 'jecxz',0            ; ...
.data:080021BF L_192           db 'jrcxz',0            ; ...
.data:080021C5 L_193           db 'jmp',0              ; ...
.data:080021C9 L_194           db 'jmpe',0             ; ...
.data:080021CE L_195           db 'lahf',0             ; ...
.data:080021D3 L_196           db 'lar',0              ; ...
.data:080021D7 L_197           db 'lds',0              ; ...
.data:080021DB L_198           db 'lea',0              ; ...
.data:080021DF L_199           db 'leave',0            ; ...
.data:080021E5 L_200           db 'les',0              ; ...
.data:080021E9 L_201           db 'lfence',0           ; ...
.data:080021F0 L_202           db 'lfs',0              ; ...
.data:080021F4 L_203           db 'lgdt',0             ; ...
.data:080021F9 L_204           db 'lgs',0              ; ...
.data:080021FD L_205           db 'lidt',0             ; ...
.data:08002202 L_206           db 'lldt',0             ; ...
.data:08002207 L_207           db 'lmsw',0             ; ...
.data:0800220C L_208           db 'loadall',0          ; ...
.data:08002214 L_209           db 'loadall286',0       ; ...
.data:0800221F L_210           db 'lodsb',0            ; ...
.data:08002225 L_211           db 'lodsd',0            ; ...
.data:0800222B L_212           db 'lodsq',0            ; ...
.data:08002231 L_213           db 'lodsw',0            ; ...
.data:08002237 L_214           db 'loop',0             ; ...
.data:0800223C L_215           db 'loope',0            ; ...
.data:08002242 L_216           db 'loopne',0           ; ...
.data:08002249 L_217           db 'loopnz',0           ; ...
.data:08002250 L_218           db 'loopz',0            ; ...
.data:08002256 L_219           db 'lsl',0              ; ...
.data:0800225A L_220           db 'lss',0              ; ...
.data:0800225E L_221           db 'ltr',0              ; ...
.data:08002262 L_222           db 'mfence',0           ; ...
.data:08002269 L_223           db 'monitor',0          ; ...
.data:08002271 L_224           db 'monitorx',0         ; ...
.data:0800227A L_225           db 'mov',0              ; ...
.data:0800227E L_226           db 'movd',0             ; ...
.data:08002283 L_227           db 'movq',0             ; ...
.data:08002288 L_228           db 'movsb',0            ; ...
.data:0800228E L_229           db 'movsd',0            ; ...
.data:08002294 L_230           db 'movsq',0            ; ...
.data:0800229A L_231           db 'movsw',0            ; ...
.data:080022A0 L_232           db 'movsx',0            ; ...
.data:080022A6 L_233           db 'movsxd',0           ; ...
.data:080022AD L_234           db 'movzx',0            ; ...
.data:080022B3 L_235           db 'mul',0              ; ...
.data:080022B7 L_236           db 'mwait',0            ; ...
.data:080022BD L_237           db 'mwaitx',0           ; ...
.data:080022C4 L_238           db 'neg',0              ; ...
.data:080022C8 L_239           db 'nop',0              ; ...
.data:080022CC L_240           db 'not',0              ; ...
.data:080022D0 L_241           db 'or',0               ; ...
.data:080022D3 L_242           db 'out',0              ; ...
.data:080022D7 L_243           db 'outsb',0            ; ...
.data:080022DD L_244           db 'outsd',0            ; ...
.data:080022E3 L_245           db 'outsw',0            ; ...
.data:080022E9 L_246           db 'packssdw',0         ; ...
.data:080022F2 L_247           db 'packsswb',0         ; ...
.data:080022FB L_248           db 'packuswb',0         ; ...
.data:08002304 L_249           db 'paddb',0            ; ...
.data:0800230A L_250           db 'paddd',0            ; ...
.data:08002310 L_251           db 'paddsb',0           ; ...
.data:08002317 L_252           db 'paddsiw',0          ; ...
.data:0800231F L_253           db 'paddsw',0           ; ...
.data:08002326 L_254           db 'paddusb',0          ; ...
.data:0800232E L_255           db 'paddusw',0          ; ...
.data:08002336 L_256           db 'paddw',0            ; ...
.data:0800233C L_257           db 'pand',0             ; ...
.data:08002341 L_258           db 'pandn',0            ; ...
.data:08002347 L_259           db 'pause',0            ; ...
.data:0800234D L_260           db 'paveb',0            ; ...
.data:08002353 L_261           db 'pavgusb',0          ; ...
.data:0800235B L_262           db 'pcmpeqb',0          ; ...
.data:08002363 L_263           db 'pcmpeqd',0          ; ...
.data:0800236B L_264           db 'pcmpeqw',0          ; ...
.data:08002373 L_265           db 'pcmpgtb',0          ; ...
.data:0800237B L_266           db 'pcmpgtd',0          ; ...
.data:08002383 L_267           db 'pcmpgtw',0          ; ...
.data:0800238B L_268           db 'pdistib',0          ; ...
.data:08002393 L_269           db 'pf2id',0            ; ...
.data:08002399 L_270           db 'pfacc',0            ; ...
.data:0800239F L_271           db 'pfadd',0            ; ...
.data:080023A5 L_272           db 'pfcmpeq',0          ; ...
.data:080023AD L_273           db 'pfcmpge',0          ; ...
.data:080023B5 L_274           db 'pfcmpgt',0          ; ...
.data:080023BD L_275           db 'pfmax',0            ; ...
.data:080023C3 L_276           db 'pfmin',0            ; ...
.data:080023C9 L_277           db 'pfmul',0            ; ...
.data:080023CF L_278           db 'pfrcp',0            ; ...
.data:080023D5 L_279           db 'pfrcpit1',0         ; ...
.data:080023DE L_280           db 'pfrcpit2',0         ; ...
.data:080023E7 L_281           db 'pfrsqit1',0         ; ...
.data:080023F0 L_282           db 'pfrsqrt',0          ; ...
.data:080023F8 L_283           db 'pfsub',0            ; ...
.data:080023FE L_284           db 'pfsubr',0           ; ...
.data:08002405 L_285           db 'pi2fd',0            ; ...
.data:0800240B L_286           db 'pmachriw',0         ; ...
.data:08002414 L_287           db 'pmaddwd',0          ; ...
.data:0800241C L_288           db 'pmagw',0            ; ...
.data:08002422 L_289           db 'pmulhriw',0         ; ...
.data:0800242B L_290           db 'pmulhrwa',0         ; ...
.data:08002434 L_291           db 'pmulhrwc',0         ; ...
.data:0800243D L_292           db 'pmulhw',0           ; ...
.data:08002444 L_293           db 'pmullw',0           ; ...
.data:0800244B L_294           db 'pmvgezb',0          ; ...
.data:08002453 L_295           db 'pmvlzb',0           ; ...
.data:0800245A L_296           db 'pmvnzb',0           ; ...
.data:08002461 L_297           db 'pmvzb',0            ; ...
.data:08002467 L_298           db 'pop',0              ; ...
.data:0800246B L_299           db 'popa',0             ; ...
.data:08002470 L_300           db 'popad',0            ; ...
.data:08002476 L_301           db 'popaw',0            ; ...
.data:0800247C L_302           db 'popf',0             ; ...
.data:08002481 L_303           db 'popfd',0            ; ...
.data:08002487 L_304           db 'popfq',0            ; ...
.data:0800248D L_305           db 'popfw',0            ; ...
.data:08002493 L_306           db 'por',0              ; ...
.data:08002497 L_307           db 'prefetch',0         ; ...
.data:080024A0 L_308           db 'prefetchw',0        ; ...
.data:080024AA L_309           db 'pslld',0            ; ...
.data:080024B0 L_310           db 'psllq',0            ; ...
.data:080024B6 L_311           db 'psllw',0            ; ...
.data:080024BC L_312           db 'psrad',0            ; ...
.data:080024C2 L_313           db 'psraw',0            ; ...
.data:080024C8 L_314           db 'psrld',0            ; ...
.data:080024CE L_315           db 'psrlq',0            ; ...
.data:080024D4 L_316           db 'psrlw',0            ; ...
.data:080024DA L_317           db 'psubb',0            ; ...
.data:080024E0 L_318           db 'psubd',0            ; ...
.data:080024E6 L_319           db 'psubsb',0           ; ...
.data:080024ED L_320           db 'psubsiw',0          ; ...
.data:080024F5 L_321           db 'psubsw',0           ; ...
.data:080024FC L_322           db 'psubusb',0          ; ...
.data:08002504 L_323           db 'psubusw',0          ; ...
.data:0800250C L_324           db 'psubw',0            ; ...
.data:08002512 L_325           db 'punpckhbw',0        ; ...
.data:0800251C L_326           db 'punpckhdq',0        ; ...
.data:08002526 L_327           db 'punpckhwd',0        ; ...
.data:08002530 L_328           db 'punpcklbw',0        ; ...
.data:0800253A L_329           db 'punpckldq',0        ; ...
.data:08002544 L_330           db 'punpcklwd',0        ; ...
.data:0800254E L_331           db 'push',0             ; ...
.data:08002553 L_332           db 'pusha',0            ; ...
.data:08002559 L_333           db 'pushad',0           ; ...
.data:08002560 L_334           db 'pushaw',0           ; ...
.data:08002567 L_335           db 'pushf',0            ; ...
.data:0800256D L_336           db 'pushfd',0           ; ...
.data:08002574 L_337           db 'pushfq',0           ; ...
.data:0800257B L_338           db 'pushfw',0           ; ...
.data:08002582 L_339           db 'pxor',0             ; ...
.data:08002587 L_340           db 'rcl',0              ; ...
.data:0800258B L_341           db 'rcr',0              ; ...
.data:0800258F L_342           db 'rdshr',0            ; ...
.data:08002595 L_343           db 'rdmsr',0            ; ...
.data:0800259B L_344           db 'rdpmc',0            ; ...
.data:080025A1 L_345           db 'rdtsc',0            ; ...
.data:080025A7 L_346           db 'rdtscp',0           ; ...
.data:080025AE L_347           db 'ret',0              ; ...
.data:080025B2 L_348           db 'retf',0             ; ...
.data:080025B7 L_349           db 'retn',0             ; ...
.data:080025BC L_350           db 'retw',0             ; ...
.data:080025C1 L_351           db 'retfw',0            ; ...
.data:080025C7 L_352           db 'retnw',0            ; ...
.data:080025CD L_353           db 'retd',0             ; ...
.data:080025D2 L_354           db 'retfd',0            ; ...
.data:080025D8 L_355           db 'retnd',0            ; ...
.data:080025DE L_356           db 'retq',0             ; ...
.data:080025E3 L_357           db 'retfq',0            ; ...
.data:080025E9 L_358           db 'retnq',0            ; ...
.data:080025EF L_359           db 'rol',0              ; ...
.data:080025F3 L_360           db 'ror',0              ; ...
.data:080025F7 L_361           db 'rdm',0              ; ...
.data:080025FB L_362           db 'rsdc',0             ; ...
.data:08002600 L_363           db 'rsldt',0            ; ...
.data:08002606 L_364           db 'rsm',0              ; ...
.data:0800260A L_365           db 'rsts',0             ; ...
.data:0800260F L_366           db 'sahf',0             ; ...
.data:08002614 L_367           db 'sal',0              ; ...
.data:08002618 L_368           db 'salc',0             ; ...
.data:0800261D L_369           db 'sar',0              ; ...
.data:08002621 L_370           db 'sbb',0              ; ...
.data:08002625 L_371           db 'scasb',0            ; ...
.data:0800262B L_372           db 'scasd',0            ; ...
.data:08002631 L_373           db 'scasq',0            ; ...
.data:08002637 L_374           db 'scasw',0            ; ...
.data:0800263D L_375           db 'sfence',0           ; ...
.data:08002644 L_376           db 'sgdt',0             ; ...
.data:08002649 L_377           db 'shl',0              ; ...
.data:0800264D L_378           db 'shld',0             ; ...
.data:08002652 L_379           db 'shr',0              ; ...
.data:08002656 L_380           db 'shrd',0             ; ...
.data:0800265B L_381           db 'sidt',0             ; ...
.data:08002660 L_382           db 'sldt',0             ; ...
.data:08002665 L_383           db 'skinit',0           ; ...
.data:0800266C L_384           db 'smi',0              ; ...
.data:08002670 L_385           db 'smint',0            ; ...
.data:08002676 L_386           db 'smintold',0         ; ...
.data:0800267F L_387           db 'smsw',0             ; ...
.data:08002684 L_388           db 'stc',0              ; ...
.data:08002688 L_389           db 'std',0              ; ...
.data:0800268C L_390           db 'sti',0              ; ...
.data:08002690 L_391           db 'stosb',0            ; ...
.data:08002696 L_392           db 'stosd',0            ; ...
.data:0800269C L_393           db 'stosq',0            ; ...
.data:080026A2 L_394           db 'stosw',0            ; ...
.data:080026A8 L_395           db 'str',0              ; ...
.data:080026AC L_396           db 'sub',0              ; ...
.data:080026B0 L_397           db 'svdc',0             ; ...
.data:080026B5 L_398           db 'svldt',0            ; ...
.data:080026BB L_399           db 'svts',0             ; ...
.data:080026C0 L_400           db 'swapgs',0           ; ...
.data:080026C7 L_401           db 'syscall',0          ; ...
.data:080026CF L_402           db 'sysenter',0         ; ...
.data:080026D8 L_403           db 'sysexit',0          ; ...
.data:080026E0 L_404           db 'sysret',0           ; ...
.data:080026E7 L_405           db 'test',0             ; ...
.data:080026EC L_406           db 'ud0',0              ; ...
.data:080026F0 L_407           db 'ud1',0              ; ...
.data:080026F4 L_408           db 'ud2b',0             ; ...
.data:080026F9 L_409           db 'ud2',0              ; ...
.data:080026FD L_410           db 'ud2a',0             ; ...
.data:08002702 L_411           db 'umov',0             ; ...
.data:08002707 L_412           db 'verr',0             ; ...
.data:0800270C L_413           db 'verw',0             ; ...
.data:08002711 L_414           db 'fwait',0            ; ...
.data:08002717 L_415           db 'wbinvd',0           ; ...
.data:0800271E L_416           db 'wrshr',0            ; ...
.data:08002724 L_417           db 'wrmsr',0            ; ...
.data:0800272A L_418           db 'xadd',0             ; ...
.data:0800272F L_419           db 'xbts',0             ; ...
.data:08002734 L_420           db 'xchg',0             ; ...
.data:08002739 L_421           db 'xlatb',0            ; ...
.data:0800273F L_422           db 'xlat',0             ; ...
.data:08002744 L_423           db 'xor',0              ; ...
.data:08002748 L_424           db 'addps',0            ; ...
.data:0800274E L_425           db 'addss',0            ; ...
.data:08002754 L_426           db 'andnps',0           ; ...
.data:0800275B L_427           db 'andps',0            ; ...
.data:08002761 L_428           db 'cmpeqps',0          ; ...
.data:08002769 L_429           db 'cmpeqss',0          ; ...
.data:08002771 L_430           db 'cmpleps',0          ; ...
.data:08002779 L_431           db 'cmpless',0          ; ...
.data:08002781 L_432           db 'cmpltps',0          ; ...
.data:08002789 L_433           db 'cmpltss',0          ; ...
.data:08002791 L_434           db 'cmpneqps',0         ; ...
.data:0800279A L_435           db 'cmpneqss',0         ; ...
.data:080027A3 L_436           db 'cmpnleps',0         ; ...
.data:080027AC L_437           db 'cmpnless',0         ; ...
.data:080027B5 L_438           db 'cmpnltps',0         ; ...
.data:080027BE L_439           db 'cmpnltss',0         ; ...
.data:080027C7 L_440           db 'cmpordps',0         ; ...
.data:080027D0 L_441           db 'cmpordss',0         ; ...
.data:080027D9 L_442           db 'cmpunordps',0       ; ...
.data:080027E4 L_443           db 'cmpunordss',0       ; ...
.data:080027EF L_444           db 'cmpps',0            ; ...
.data:080027F5 L_445           db 'cmpss',0            ; ...
.data:080027FB L_446           db 'comiss',0           ; ...
.data:08002802 L_447           db 'cvtpi2ps',0         ; ...
.data:0800280B L_448           db 'cvtps2pi',0         ; ...
.data:08002814 L_449           db 'cvtsi2ss',0         ; ...
.data:0800281D L_450           db 'cvtss2si',0         ; ...
.data:08002826 L_451           db 'cvttps2pi',0        ; ...
.data:08002830 L_452           db 'cvttss2si',0        ; ...
.data:0800283A L_453           db 'divps',0            ; ...
.data:08002840 L_454           db 'divss',0            ; ...
.data:08002846 L_455           db 'ldmxcsr',0          ; ...
.data:0800284E L_456           db 'maxps',0            ; ...
.data:08002854 L_457           db 'maxss',0            ; ...
.data:0800285A L_458           db 'minps',0            ; ...
.data:08002860 L_459           db 'minss',0            ; ...
.data:08002866 L_460           db 'movaps',0           ; ...
.data:0800286D L_461           db 'movhps',0           ; ...
.data:08002874 L_462           db 'movlhps',0          ; ...
.data:0800287C L_463           db 'movlps',0           ; ...
.data:08002883 L_464           db 'movhlps',0          ; ...
.data:0800288B L_465           db 'movmskps',0         ; ...
.data:08002894 L_466           db 'movntps',0          ; ...
.data:0800289C L_467           db 'movss',0            ; ...
.data:080028A2 L_468           db 'movups',0           ; ...
.data:080028A9 L_469           db 'mulps',0            ; ...
.data:080028AF L_470           db 'mulss',0            ; ...
.data:080028B5 L_471           db 'orps',0             ; ...
.data:080028BA L_472           db 'rcpps',0            ; ...
.data:080028C0 L_473           db 'rcpss',0            ; ...
.data:080028C6 L_474           db 'rsqrtps',0          ; ...
.data:080028CE L_475           db 'rsqrtss',0          ; ...
.data:080028D6 L_476           db 'shufps',0           ; ...
.data:080028DD L_477           db 'sqrtps',0           ; ...
.data:080028E4 L_478           db 'sqrtss',0           ; ...
.data:080028EB L_479           db 'stmxcsr',0          ; ...
.data:080028F3 L_480           db 'subps',0            ; ...
.data:080028F9 L_481           db 'subss',0            ; ...
.data:080028FF L_482           db 'ucomiss',0          ; ...
.data:08002907 L_483           db 'unpckhps',0         ; ...
.data:08002910 L_484           db 'unpcklps',0         ; ...
.data:08002919 L_485           db 'xorps',0            ; ...
.data:0800291F L_486           db 'fxrstor',0          ; ...
.data:08002927 L_487           db 'fxrstor64',0        ; ...
.data:08002931 L_488           db 'fxsave',0           ; ...
.data:08002938 L_489           db 'fxsave64',0         ; ...
.data:08002941 L_490           db 'xgetbv',0           ; ...
.data:08002948 L_491           db 'xsetbv',0           ; ...
.data:0800294F L_492           db 'xsave',0            ; ...
.data:08002955 L_493           db 'xsave64',0          ; ...
.data:0800295D L_494           db 'xsavec',0           ; ...
.data:08002964 L_495           db 'xsavec64',0         ; ...
.data:0800296D L_496           db 'xsaveopt',0         ; ...
.data:08002976 L_497           db 'xsaveopt64',0       ; ...
.data:08002981 L_498           db 'xsaves',0           ; ...
.data:08002988 L_499           db 'xsaves64',0         ; ...
.data:08002991 L_500           db 'xrstor',0           ; ...
.data:08002998 L_501           db 'xrstor64',0         ; ...
.data:080029A1 L_502           db 'xrstors',0          ; ...
.data:080029A9 L_503           db 'xrstors64',0        ; ...
.data:080029B3 L_504           db 'prefetchnta',0      ; ...
.data:080029BF L_505           db 'prefetcht0',0       ; ...
.data:080029CA L_506           db 'prefetcht1',0       ; ...
.data:080029D5 L_507           db 'prefetcht2',0       ; ...
.data:080029E0 L_508           db 'maskmovq',0         ; ...
.data:080029E9 L_509           db 'movntq',0           ; ...
.data:080029F0 L_510           db 'pavgb',0            ; ...
.data:080029F6 L_511           db 'pavgw',0            ; ...
.data:080029FC L_512           db 'pextrw',0           ; ...
.data:08002A03 L_513           db 'pinsrw',0           ; ...
.data:08002A0A L_514           db 'pmaxsw',0           ; ...
.data:08002A11 L_515           db 'pmaxub',0           ; ...
.data:08002A18 L_516           db 'pminsw',0           ; ...
.data:08002A1F L_517           db 'pminub',0           ; ...
.data:08002A26 L_518           db 'pmovmskb',0         ; ...
.data:08002A2F L_519           db 'pmulhuw',0          ; ...
.data:08002A37 L_520           db 'psadbw',0           ; ...
.data:08002A3E L_521           db 'pshufw',0           ; ...
.data:08002A45 L_522           db 'pf2iw',0            ; ...
.data:08002A4B L_523           db 'pfnacc',0           ; ...
.data:08002A52 L_524           db 'pfpnacc',0          ; ...
.data:08002A5A L_525           db 'pi2fw',0            ; ...
.data:08002A60 L_526           db 'pswapd',0           ; ...
.data:08002A67 L_527           db 'maskmovdqu',0       ; ...
.data:08002A72 L_528           db 'clflush',0          ; ...
.data:08002A7A L_529           db 'movntdq',0          ; ...
.data:08002A82 L_530           db 'movnti',0           ; ...
.data:08002A89 L_531           db 'movntpd',0          ; ...
.data:08002A91 L_532           db 'movdqa',0           ; ...
.data:08002A98 L_533           db 'movdqu',0           ; ...
.data:08002A9F L_534           db 'movdq2q',0          ; ...
.data:08002AA7 L_535           db 'movq2dq',0          ; ...
.data:08002AAF L_536           db 'paddq',0            ; ...
.data:08002AB5 L_537           db 'pmuludq',0          ; ...
.data:08002ABD L_538           db 'pshufd',0           ; ...
.data:08002AC4 L_539           db 'pshufhw',0          ; ...
.data:08002ACC L_540           db 'pshuflw',0          ; ...
.data:08002AD4 L_541           db 'pslldq',0           ; ...
.data:08002ADB L_542           db 'psrldq',0           ; ...
.data:08002AE2 L_543           db 'psubq',0            ; ...
.data:08002AE8 L_544           db 'punpckhqdq',0       ; ...
.data:08002AF3 L_545           db 'punpcklqdq',0       ; ...
.data:08002AFE L_546           db 'addpd',0            ; ...
.data:08002B04 L_547           db 'addsd',0            ; ...
.data:08002B0A L_548           db 'andnpd',0           ; ...
.data:08002B11 L_549           db 'andpd',0            ; ...
.data:08002B17 L_550           db 'cmpeqpd',0          ; ...
.data:08002B1F L_551           db 'cmpeqsd',0          ; ...
.data:08002B27 L_552           db 'cmplepd',0          ; ...
.data:08002B2F L_553           db 'cmplesd',0          ; ...
.data:08002B37 L_554           db 'cmpltpd',0          ; ...
.data:08002B3F L_555           db 'cmpltsd',0          ; ...
.data:08002B47 L_556           db 'cmpneqpd',0         ; ...
.data:08002B50 L_557           db 'cmpneqsd',0         ; ...
.data:08002B59 L_558           db 'cmpnlepd',0         ; ...
.data:08002B62 L_559           db 'cmpnlesd',0         ; ...
.data:08002B6B L_560           db 'cmpnltpd',0         ; ...
.data:08002B74 L_561           db 'cmpnltsd',0         ; ...
.data:08002B7D L_562           db 'cmpordpd',0         ; ...
.data:08002B86 L_563           db 'cmpordsd',0         ; ...
.data:08002B8F L_564           db 'cmpunordpd',0       ; ...
.data:08002B9A L_565           db 'cmpunordsd',0       ; ...
.data:08002BA5 L_566           db 'cmppd',0            ; ...
.data:08002BAB L_567           db 'comisd',0           ; ...
.data:08002BB2 L_568           db 'cvtdq2pd',0         ; ...
.data:08002BBB L_569           db 'cvtdq2ps',0         ; ...
.data:08002BC4 L_570           db 'cvtpd2dq',0         ; ...
.data:08002BCD L_571           db 'cvtpd2pi',0         ; ...
.data:08002BD6 L_572           db 'cvtpd2ps',0         ; ...
.data:08002BDF L_573           db 'cvtpi2pd',0         ; ...
.data:08002BE8 L_574           db 'cvtps2dq',0         ; ...
.data:08002BF1 L_575           db 'cvtps2pd',0         ; ...
.data:08002BFA L_576           db 'cvtsd2si',0         ; ...
.data:08002C03 L_577           db 'cvtsd2ss',0         ; ...
.data:08002C0C L_578           db 'cvtsi2sd',0         ; ...
.data:08002C15 L_579           db 'cvtss2sd',0         ; ...
.data:08002C1E L_580           db 'cvttpd2pi',0        ; ...
.data:08002C28 L_581           db 'cvttpd2dq',0        ; ...
.data:08002C32 L_582           db 'cvttps2dq',0        ; ...
.data:08002C3C L_583           db 'cvttsd2si',0        ; ...
.data:08002C46 L_584           db 'divpd',0            ; ...
.data:08002C4C L_585           db 'divsd',0            ; ...
.data:08002C52 L_586           db 'maxpd',0            ; ...
.data:08002C58 L_587           db 'maxsd',0            ; ...
.data:08002C5E L_588           db 'minpd',0            ; ...
.data:08002C64 L_589           db 'minsd',0            ; ...
.data:08002C6A L_590           db 'movapd',0           ; ...
.data:08002C71 L_591           db 'movhpd',0           ; ...
.data:08002C78 L_592           db 'movlpd',0           ; ...
.data:08002C7F L_593           db 'movmskpd',0         ; ...
.data:08002C88 L_594           db 'movupd',0           ; ...
.data:08002C8F L_595           db 'mulpd',0            ; ...
.data:08002C95 L_596           db 'mulsd',0            ; ...
.data:08002C9B L_597           db 'orpd',0             ; ...
.data:08002CA0 L_598           db 'shufpd',0           ; ...
.data:08002CA7 L_599           db 'sqrtpd',0           ; ...
.data:08002CAE L_600           db 'sqrtsd',0           ; ...
.data:08002CB5 L_601           db 'subpd',0            ; ...
.data:08002CBB L_602           db 'subsd',0            ; ...
.data:08002CC1 L_603           db 'ucomisd',0          ; ...
.data:08002CC9 L_604           db 'unpckhpd',0         ; ...
.data:08002CD2 L_605           db 'unpcklpd',0         ; ...
.data:08002CDB L_606           db 'xorpd',0            ; ...
.data:08002CE1 L_607           db 'addsubpd',0         ; ...
.data:08002CEA L_608           db 'addsubps',0         ; ...
.data:08002CF3 L_609           db 'haddpd',0           ; ...
.data:08002CFA L_610           db 'haddps',0           ; ...
.data:08002D01 L_611           db 'hsubpd',0           ; ...
.data:08002D08 L_612           db 'hsubps',0           ; ...
.data:08002D0F L_613           db 'lddqu',0            ; ...
.data:08002D15 L_614           db 'movddup',0          ; ...
.data:08002D1D L_615           db 'movshdup',0         ; ...
.data:08002D26 L_616           db 'movsldup',0         ; ...
.data:08002D2F L_617           db 'clgi',0             ; ...
.data:08002D34 L_618           db 'stgi',0             ; ...
.data:08002D39 L_619           db 'vmcall',0           ; ...
.data:08002D40 L_620           db 'vmclear',0          ; ...
.data:08002D48 L_621           db 'vmfunc',0           ; ...
.data:08002D4F L_622           db 'vmlaunch',0         ; ...
.data:08002D58 L_623           db 'vmload',0           ; ...
.data:08002D5F L_624           db 'vmmcall',0          ; ...
.data:08002D67 L_625           db 'vmptrld',0          ; ...
.data:08002D6F L_626           db 'vmptrst',0          ; ...
.data:08002D77 L_627           db 'vmread',0           ; ...
.data:08002D7E L_628           db 'vmresume',0         ; ...
.data:08002D87 L_629           db 'vmrun',0            ; ...
.data:08002D8D L_630           db 'vmsave',0           ; ...
.data:08002D94 L_631           db 'vmwrite',0          ; ...
.data:08002D9C L_632           db 'vmxoff',0           ; ...
.data:08002DA3 L_633           db 'vmxon',0            ; ...
.data:08002DA9 L_634           db 'invept',0           ; ...
.data:08002DB0 L_635           db 'invvpid',0          ; ...
.data:08002DB8 L_636           db 'pabsb',0            ; ...
.data:08002DBE L_637           db 'pabsw',0            ; ...
.data:08002DC4 L_638           db 'pabsd',0            ; ...
.data:08002DCA L_639           db 'palignr',0          ; ...
.data:08002DD2 L_640           db 'phaddw',0           ; ...
.data:08002DD9 L_641           db 'phaddd',0           ; ...
.data:08002DE0 L_642           db 'phaddsw',0          ; ...
.data:08002DE8 L_643           db 'phsubw',0           ; ...
.data:08002DEF L_644           db 'phsubd',0           ; ...
.data:08002DF6 L_645           db 'phsubsw',0          ; ...
.data:08002DFE L_646           db 'pmaddubsw',0        ; ...
.data:08002E08 L_647           db 'pmulhrsw',0         ; ...
.data:08002E11 L_648           db 'pshufb',0           ; ...
.data:08002E18 L_649           db 'psignb',0           ; ...
.data:08002E1F L_650           db 'psignw',0           ; ...
.data:08002E26 L_651           db 'psignd',0           ; ...
.data:08002E2D L_652           db 'extrq',0            ; ...
.data:08002E33 L_653           db 'insertq',0          ; ...
.data:08002E3B L_654           db 'movntsd',0          ; ...
.data:08002E43 L_655           db 'movntss',0          ; ...
.data:08002E4B L_656           db 'lzcnt',0            ; ...
.data:08002E51 L_657           db 'blendpd',0          ; ...
.data:08002E59 L_658           db 'blendps',0          ; ...
.data:08002E61 L_659           db 'blendvpd',0         ; ...
.data:08002E6A L_660           db 'blendvps',0         ; ...
.data:08002E73 L_661           db 'dppd',0             ; ...
.data:08002E78 L_662           db 'dpps',0             ; ...
.data:08002E7D L_663           db 'extractps',0        ; ...
.data:08002E87 L_664           db 'insertps',0         ; ...
.data:08002E90 L_665           db 'movntdqa',0         ; ...
.data:08002E99 L_666           db 'mpsadbw',0          ; ...
.data:08002EA1 L_667           db 'packusdw',0         ; ...
.data:08002EAA L_668           db 'pblendvb',0         ; ...
.data:08002EB3 L_669           db 'pblendw',0          ; ...
.data:08002EBB L_670           db 'pcmpeqq',0          ; ...
.data:08002EC3 L_671           db 'pextrb',0           ; ...
.data:08002ECA L_672           db 'pextrd',0           ; ...
.data:08002ED1 L_673           db 'pextrq',0           ; ...
.data:08002ED8 L_674           db 'phminposuw',0       ; ...
.data:08002EE3 L_675           db 'pinsrb',0           ; ...
.data:08002EEA L_676           db 'pinsrd',0           ; ...
.data:08002EF1 L_677           db 'pinsrq',0           ; ...
.data:08002EF8 L_678           db 'pmaxsb',0           ; ...
.data:08002EFF L_679           db 'pmaxsd',0           ; ...
.data:08002F06 L_680           db 'pmaxud',0           ; ...
.data:08002F0D L_681           db 'pmaxuw',0           ; ...
.data:08002F14 L_682           db 'pminsb',0           ; ...
.data:08002F1B L_683           db 'pminsd',0           ; ...
.data:08002F22 L_684           db 'pminud',0           ; ...
.data:08002F29 L_685           db 'pminuw',0           ; ...
.data:08002F30 L_686           db 'pmovsxbw',0         ; ...
.data:08002F39 L_687           db 'pmovsxbd',0         ; ...
.data:08002F42 L_688           db 'pmovsxbq',0         ; ...
.data:08002F4B L_689           db 'pmovsxwd',0         ; ...
.data:08002F54 L_690           db 'pmovsxwq',0         ; ...
.data:08002F5D L_691           db 'pmovsxdq',0         ; ...
.data:08002F66 L_692           db 'pmovzxbw',0         ; ...
.data:08002F6F L_693           db 'pmovzxbd',0         ; ...
.data:08002F78 L_694           db 'pmovzxbq',0         ; ...
.data:08002F81 L_695           db 'pmovzxwd',0         ; ...
.data:08002F8A L_696           db 'pmovzxwq',0         ; ...
.data:08002F93 L_697           db 'pmovzxdq',0         ; ...
.data:08002F9C L_698           db 'pmuldq',0           ; ...
.data:08002FA3 L_699           db 'pmulld',0           ; ...
.data:08002FAA L_700           db 'ptest',0            ; ...
.data:08002FB0 L_701           db 'roundpd',0          ; ...
.data:08002FB8 L_702           db 'roundps',0          ; ...
.data:08002FC0 L_703           db 'roundsd',0          ; ...
.data:08002FC8 L_704           db 'roundss',0          ; ...
.data:08002FD0 L_705           db 'crc32',0            ; ...
.data:08002FD6 L_706           db 'pcmpestri',0        ; ...
.data:08002FE0 L_707           db 'pcmpestrm',0        ; ...
.data:08002FEA L_708           db 'pcmpistri',0        ; ...
.data:08002FF4 L_709           db 'pcmpistrm',0        ; ...
.data:08002FFE L_710           db 'pcmpgtq',0          ; ...
.data:08003006 L_711           db 'popcnt',0           ; ...
.data:0800300D L_712           db 'getsec',0           ; ...
.data:08003014 L_713           db 'pfrcpv',0           ; ...
.data:0800301B L_714           db 'pfrsqrtv',0         ; ...
.data:08003024 L_715           db 'movbe',0            ; ...
.data:0800302A L_716           db 'aesenc',0           ; ...
.data:08003031 L_717           db 'aesenclast',0       ; ...
.data:0800303C L_718           db 'aesdec',0           ; ...
.data:08003043 L_719           db 'aesdeclast',0       ; ...
.data:0800304E L_720           db 'aesimc',0           ; ...
.data:08003055 L_721           db 'aeskeygenassist',0  ; ...
.data:08003065 L_722           db 'vaesenc',0          ; ...
.data:0800306D L_723           db 'vaesenclast',0      ; ...
.data:08003079 L_724           db 'vaesdec',0          ; ...
.data:08003081 L_725           db 'vaesdeclast',0      ; ...
.data:0800308D L_726           db 'vaesimc',0          ; ...
.data:08003095 L_727           db 'vaeskeygenassist',0 ; ...
.data:080030A6 L_728           db 'vaddpd',0           ; ...
.data:080030AD L_729           db 'vaddps',0           ; ...
.data:080030B4 L_730           db 'vaddsd',0           ; ...
.data:080030BB L_731           db 'vaddss',0           ; ...
.data:080030C2 L_732           db 'vaddsubpd',0        ; ...
.data:080030CC L_733           db 'vaddsubps',0        ; ...
.data:080030D6 L_734           db 'vandpd',0           ; ...
.data:080030DD L_735           db 'vandps',0           ; ...
.data:080030E4 L_736           db 'vandnpd',0          ; ...
.data:080030EC L_737           db 'vandnps',0          ; ...
.data:080030F4 L_738           db 'vblendpd',0         ; ...
.data:080030FD L_739           db 'vblendps',0         ; ...
.data:08003106 L_740           db 'vblendvpd',0        ; ...
.data:08003110 L_741           db 'vblendvps',0        ; ...
.data:0800311A L_742           db 'vbroadcastss',0     ; ...
.data:08003127 L_743           db 'vbroadcastsd',0     ; ...
.data:08003134 L_744           db 'vbroadcastf128',0   ; ...
.data:08003143 L_745           db 'vcmpeq_ospd',0      ; ...
.data:0800314F L_746           db 'vcmpeqpd',0         ; ...
.data:08003158 L_747           db 'vcmplt_ospd',0      ; ...
.data:08003164 L_748           db 'vcmpltpd',0         ; ...
.data:0800316D L_749           db 'vcmple_ospd',0      ; ...
.data:08003179 L_750           db 'vcmplepd',0         ; ...
.data:08003182 L_751           db 'vcmpunord_qpd',0    ; ...
.data:08003190 L_752           db 'vcmpunordpd',0      ; ...
.data:0800319C L_753           db 'vcmpneq_uqpd',0     ; ...
.data:080031A9 L_754           db 'vcmpneqpd',0        ; ...
.data:080031B3 L_755           db 'vcmpnlt_uspd',0     ; ...
.data:080031C0 L_756           db 'vcmpnltpd',0        ; ...
.data:080031CA L_757           db 'vcmpnle_uspd',0     ; ...
.data:080031D7 L_758           db 'vcmpnlepd',0        ; ...
.data:080031E1 L_759           db 'vcmpord_qpd',0      ; ...
.data:080031ED L_760           db 'vcmpordpd',0        ; ...
.data:080031F7 L_761           db 'vcmpeq_uqpd',0      ; ...
.data:08003203 L_762           db 'vcmpnge_uspd',0     ; ...
.data:08003210 L_763           db 'vcmpngepd',0        ; ...
.data:0800321A L_764           db 'vcmpngt_uspd',0     ; ...
.data:08003227 L_765           db 'vcmpngtpd',0        ; ...
.data:08003231 L_766           db 'vcmpfalse_oqpd',0   ; ...
.data:08003240 L_767           db 'vcmpfalsepd',0      ; ...
.data:0800324C L_768           db 'vcmpneq_oqpd',0     ; ...
.data:08003259 L_769           db 'vcmpge_ospd',0      ; ...
.data:08003265 L_770           db 'vcmpgepd',0         ; ...
.data:0800326E L_771           db 'vcmpgt_ospd',0      ; ...
.data:0800327A L_772           db 'vcmpgtpd',0         ; ...
.data:08003283 L_773           db 'vcmptrue_uqpd',0    ; ...
.data:08003291 L_774           db 'vcmptruepd',0       ; ...
.data:0800329C L_775           db 'vcmplt_oqpd',0      ; ...
.data:080032A8 L_776           db 'vcmple_oqpd',0      ; ...
.data:080032B4 L_777           db 'vcmpunord_spd',0    ; ...
.data:080032C2 L_778           db 'vcmpneq_uspd',0     ; ...
.data:080032CF L_779           db 'vcmpnlt_uqpd',0     ; ...
.data:080032DC L_780           db 'vcmpnle_uqpd',0     ; ...
.data:080032E9 L_781           db 'vcmpord_spd',0      ; ...
.data:080032F5 L_782           db 'vcmpeq_uspd',0      ; ...
.data:08003301 L_783           db 'vcmpnge_uqpd',0     ; ...
.data:0800330E L_784           db 'vcmpngt_uqpd',0     ; ...
.data:0800331B L_785           db 'vcmpfalse_ospd',0   ; ...
.data:0800332A L_786           db 'vcmpneq_ospd',0     ; ...
.data:08003337 L_787           db 'vcmpge_oqpd',0      ; ...
.data:08003343 L_788           db 'vcmpgt_oqpd',0      ; ...
.data:0800334F L_789           db 'vcmptrue_uspd',0    ; ...
.data:0800335D L_790           db 'vcmppd',0           ; ...
.data:08003364 L_791           db 'vcmpeq_osps',0      ; ...
.data:08003370 L_792           db 'vcmpeqps',0         ; ...
.data:08003379 L_793           db 'vcmplt_osps',0      ; ...
.data:08003385 L_794           db 'vcmpltps',0         ; ...
.data:0800338E L_795           db 'vcmple_osps',0      ; ...
.data:0800339A L_796           db 'vcmpleps',0         ; ...
.data:080033A3 L_797           db 'vcmpunord_qps',0    ; ...
.data:080033B1 L_798           db 'vcmpunordps',0      ; ...
.data:080033BD L_799           db 'vcmpneq_uqps',0     ; ...
.data:080033CA L_800           db 'vcmpneqps',0        ; ...
.data:080033D4 L_801           db 'vcmpnlt_usps',0     ; ...
.data:080033E1 L_802           db 'vcmpnltps',0        ; ...
.data:080033EB L_803           db 'vcmpnle_usps',0     ; ...
.data:080033F8 L_804           db 'vcmpnleps',0        ; ...
.data:08003402 L_805           db 'vcmpord_qps',0      ; ...
.data:0800340E L_806           db 'vcmpordps',0        ; ...
.data:08003418 L_807           db 'vcmpeq_uqps',0      ; ...
.data:08003424 L_808           db 'vcmpnge_usps',0     ; ...
.data:08003431 L_809           db 'vcmpngeps',0        ; ...
.data:0800343B L_810           db 'vcmpngt_usps',0     ; ...
.data:08003448 L_811           db 'vcmpngtps',0        ; ...
.data:08003452 L_812           db 'vcmpfalse_oqps',0   ; ...
.data:08003461 L_813           db 'vcmpfalseps',0      ; ...
.data:0800346D L_814           db 'vcmpneq_oqps',0     ; ...
.data:0800347A L_815           db 'vcmpge_osps',0      ; ...
.data:08003486 L_816           db 'vcmpgeps',0         ; ...
.data:0800348F L_817           db 'vcmpgt_osps',0      ; ...
.data:0800349B L_818           db 'vcmpgtps',0         ; ...
.data:080034A4 L_819           db 'vcmptrue_uqps',0    ; ...
.data:080034B2 L_820           db 'vcmptrueps',0       ; ...
.data:080034BD L_821           db 'vcmplt_oqps',0      ; ...
.data:080034C9 L_822           db 'vcmple_oqps',0      ; ...
.data:080034D5 L_823           db 'vcmpunord_sps',0    ; ...
.data:080034E3 L_824           db 'vcmpneq_usps',0     ; ...
.data:080034F0 L_825           db 'vcmpnlt_uqps',0     ; ...
.data:080034FD L_826           db 'vcmpnle_uqps',0     ; ...
.data:0800350A L_827           db 'vcmpord_sps',0      ; ...
.data:08003516 L_828           db 'vcmpeq_usps',0      ; ...
.data:08003522 L_829           db 'vcmpnge_uqps',0     ; ...
.data:0800352F L_830           db 'vcmpngt_uqps',0     ; ...
.data:0800353C L_831           db 'vcmpfalse_osps',0   ; ...
.data:0800354B L_832           db 'vcmpneq_osps',0     ; ...
.data:08003558 L_833           db 'vcmpge_oqps',0      ; ...
.data:08003564 L_834           db 'vcmpgt_oqps',0      ; ...
.data:08003570 L_835           db 'vcmptrue_usps',0    ; ...
.data:0800357E L_836           db 'vcmpps',0           ; ...
.data:08003585 L_837           db 'vcmpeq_ossd',0      ; ...
.data:08003591 L_838           db 'vcmpeqsd',0         ; ...
.data:0800359A L_839           db 'vcmplt_ossd',0      ; ...
.data:080035A6 L_840           db 'vcmpltsd',0         ; ...
.data:080035AF L_841           db 'vcmple_ossd',0      ; ...
.data:080035BB L_842           db 'vcmplesd',0         ; ...
.data:080035C4 L_843           db 'vcmpunord_qsd',0    ; ...
.data:080035D2 L_844           db 'vcmpunordsd',0      ; ...
.data:080035DE L_845           db 'vcmpneq_uqsd',0     ; ...
.data:080035EB L_846           db 'vcmpneqsd',0        ; ...
.data:080035F5 L_847           db 'vcmpnlt_ussd',0     ; ...
.data:08003602 L_848           db 'vcmpnltsd',0        ; ...
.data:0800360C L_849           db 'vcmpnle_ussd',0     ; ...
.data:08003619 L_850           db 'vcmpnlesd',0        ; ...
.data:08003623 L_851           db 'vcmpord_qsd',0      ; ...
.data:0800362F L_852           db 'vcmpordsd',0        ; ...
.data:08003639 L_853           db 'vcmpeq_uqsd',0      ; ...
.data:08003645 L_854           db 'vcmpnge_ussd',0     ; ...
.data:08003652 L_855           db 'vcmpngesd',0        ; ...
.data:0800365C L_856           db 'vcmpngt_ussd',0     ; ...
.data:08003669 L_857           db 'vcmpngtsd',0        ; ...
.data:08003673 L_858           db 'vcmpfalse_oqsd',0   ; ...
.data:08003682 L_859           db 'vcmpfalsesd',0      ; ...
.data:0800368E L_860           db 'vcmpneq_oqsd',0     ; ...
.data:0800369B L_861           db 'vcmpge_ossd',0      ; ...
.data:080036A7 L_862           db 'vcmpgesd',0         ; ...
.data:080036B0 L_863           db 'vcmpgt_ossd',0      ; ...
.data:080036BC L_864           db 'vcmpgtsd',0         ; ...
.data:080036C5 L_865           db 'vcmptrue_uqsd',0    ; ...
.data:080036D3 L_866           db 'vcmptruesd',0       ; ...
.data:080036DE L_867           db 'vcmplt_oqsd',0      ; ...
.data:080036EA L_868           db 'vcmple_oqsd',0      ; ...
.data:080036F6 L_869           db 'vcmpunord_ssd',0    ; ...
.data:08003704 L_870           db 'vcmpneq_ussd',0     ; ...
.data:08003711 L_871           db 'vcmpnlt_uqsd',0     ; ...
.data:0800371E L_872           db 'vcmpnle_uqsd',0     ; ...
.data:0800372B L_873           db 'vcmpord_ssd',0      ; ...
.data:08003737 L_874           db 'vcmpeq_ussd',0      ; ...
.data:08003743 L_875           db 'vcmpnge_uqsd',0     ; ...
.data:08003750 L_876           db 'vcmpngt_uqsd',0     ; ...
.data:0800375D L_877           db 'vcmpfalse_ossd',0   ; ...
.data:0800376C L_878           db 'vcmpneq_ossd',0     ; ...
.data:08003779 L_879           db 'vcmpge_oqsd',0      ; ...
.data:08003785 L_880           db 'vcmpgt_oqsd',0      ; ...
.data:08003791 L_881           db 'vcmptrue_ussd',0    ; ...
.data:0800379F L_882           db 'vcmpsd',0           ; ...
.data:080037A6 L_883           db 'vcmpeq_osss',0      ; ...
.data:080037B2 L_884           db 'vcmpeqss',0         ; ...
.data:080037BB L_885           db 'vcmplt_osss',0      ; ...
.data:080037C7 L_886           db 'vcmpltss',0         ; ...
.data:080037D0 L_887           db 'vcmple_osss',0      ; ...
.data:080037DC L_888           db 'vcmpless',0         ; ...
.data:080037E5 L_889           db 'vcmpunord_qss',0    ; ...
.data:080037F3 L_890           db 'vcmpunordss',0      ; ...
.data:080037FF L_891           db 'vcmpneq_uqss',0     ; ...
.data:0800380C L_892           db 'vcmpneqss',0        ; ...
.data:08003816 L_893           db 'vcmpnlt_usss',0     ; ...
.data:08003823 L_894           db 'vcmpnltss',0        ; ...
.data:0800382D L_895           db 'vcmpnle_usss',0     ; ...
.data:0800383A L_896           db 'vcmpnless',0        ; ...
.data:08003844 L_897           db 'vcmpord_qss',0      ; ...
.data:08003850 L_898           db 'vcmpordss',0        ; ...
.data:0800385A L_899           db 'vcmpeq_uqss',0      ; ...
.data:08003866 L_900           db 'vcmpnge_usss',0     ; ...
.data:08003873 L_901           db 'vcmpngess',0        ; ...
.data:0800387D L_902           db 'vcmpngt_usss',0     ; ...
.data:0800388A L_903           db 'vcmpngtss',0        ; ...
.data:08003894 L_904           db 'vcmpfalse_oqss',0   ; ...
.data:080038A3 L_905           db 'vcmpfalsess',0      ; ...
.data:080038AF L_906           db 'vcmpneq_oqss',0     ; ...
.data:080038BC L_907           db 'vcmpge_osss',0      ; ...
.data:080038C8 L_908           db 'vcmpgess',0         ; ...
.data:080038D1 L_909           db 'vcmpgt_osss',0      ; ...
.data:080038DD L_910           db 'vcmpgtss',0         ; ...
.data:080038E6 L_911           db 'vcmptrue_uqss',0    ; ...
.data:080038F4 L_912           db 'vcmptruess',0       ; ...
.data:080038FF L_913           db 'vcmplt_oqss',0      ; ...
.data:0800390B L_914           db 'vcmple_oqss',0      ; ...
.data:08003917 L_915           db 'vcmpunord_sss',0    ; ...
.data:08003925 L_916           db 'vcmpneq_usss',0     ; ...
.data:08003932 L_917           db 'vcmpnlt_uqss',0     ; ...
.data:0800393F L_918           db 'vcmpnle_uqss',0     ; ...
.data:0800394C L_919           db 'vcmpord_sss',0      ; ...
.data:08003958 L_920           db 'vcmpeq_usss',0      ; ...
.data:08003964 L_921           db 'vcmpnge_uqss',0     ; ...
.data:08003971 L_922           db 'vcmpngt_uqss',0     ; ...
.data:0800397E L_923           db 'vcmpfalse_osss',0   ; ...
.data:0800398D L_924           db 'vcmpneq_osss',0     ; ...
.data:0800399A L_925           db 'vcmpge_oqss',0      ; ...
.data:080039A6 L_926           db 'vcmpgt_oqss',0      ; ...
.data:080039B2 L_927           db 'vcmptrue_usss',0    ; ...
.data:080039C0 L_928           db 'vcmpss',0           ; ...
.data:080039C7 L_929           db 'vcomisd',0          ; ...
.data:080039CF L_930           db 'vcomiss',0          ; ...
.data:080039D7 L_931           db 'vcvtdq2pd',0        ; ...
.data:080039E1 L_932           db 'vcvtdq2ps',0        ; ...
.data:080039EB L_933           db 'vcvtpd2dq',0        ; ...
.data:080039F5 L_934           db 'vcvtpd2ps',0        ; ...
.data:080039FF L_935           db 'vcvtps2dq',0        ; ...
.data:08003A09 L_936           db 'vcvtps2pd',0        ; ...
.data:08003A13 L_937           db 'vcvtsd2si',0        ; ...
.data:08003A1D L_938           db 'vcvtsd2ss',0        ; ...
.data:08003A27 L_939           db 'vcvtsi2sd',0        ; ...
.data:08003A31 L_940           db 'vcvtsi2ss',0        ; ...
.data:08003A3B L_941           db 'vcvtss2sd',0        ; ...
.data:08003A45 L_942           db 'vcvtss2si',0        ; ...
.data:08003A4F L_943           db 'vcvttpd2dq',0       ; ...
.data:08003A5A L_944           db 'vcvttps2dq',0       ; ...
.data:08003A65 L_945           db 'vcvttsd2si',0       ; ...
.data:08003A70 L_946           db 'vcvttss2si',0       ; ...
.data:08003A7B L_947           db 'vdivpd',0           ; ...
.data:08003A82 L_948           db 'vdivps',0           ; ...
.data:08003A89 L_949           db 'vdivsd',0           ; ...
.data:08003A90 L_950           db 'vdivss',0           ; ...
.data:08003A97 L_951           db 'vdppd',0            ; ...
.data:08003A9D L_952           db 'vdpps',0            ; ...
.data:08003AA3 L_953           db 'vextractf128',0     ; ...
.data:08003AB0 L_954           db 'vextractps',0       ; ...
.data:08003ABB L_955           db 'vhaddpd',0          ; ...
.data:08003AC3 L_956           db 'vhaddps',0          ; ...
.data:08003ACB L_957           db 'vhsubpd',0          ; ...
.data:08003AD3 L_958           db 'vhsubps',0          ; ...
.data:08003ADB L_959           db 'vinsertf128',0      ; ...
.data:08003AE7 L_960           db 'vinsertps',0        ; ...
.data:08003AF1 L_961           db 'vlddqu',0           ; ...
.data:08003AF8 L_962           db 'vldqqu',0           ; ...
.data:08003AFF L_963           db 'vldmxcsr',0         ; ...
.data:08003B08 L_964           db 'vmaskmovdqu',0      ; ...
.data:08003B14 L_965           db 'vmaskmovps',0       ; ...
.data:08003B1F L_966           db 'vmaskmovpd',0       ; ...
.data:08003B2A L_967           db 'vmaxpd',0           ; ...
.data:08003B31 L_968           db 'vmaxps',0           ; ...
.data:08003B38 L_969           db 'vmaxsd',0           ; ...
.data:08003B3F L_970           db 'vmaxss',0           ; ...
.data:08003B46 L_971           db 'vminpd',0           ; ...
.data:08003B4D L_972           db 'vminps',0           ; ...
.data:08003B54 L_973           db 'vminsd',0           ; ...
.data:08003B5B L_974           db 'vminss',0           ; ...
.data:08003B62 L_975           db 'vmovapd',0          ; ...
.data:08003B6A L_976           db 'vmovaps',0          ; ...
.data:08003B72 L_977           db 'vmovd',0            ; ...
.data:08003B78 L_978           db 'vmovq',0            ; ...
.data:08003B7E L_979           db 'vmovddup',0         ; ...
.data:08003B87 L_980           db 'vmovdqa',0          ; ...
.data:08003B8F L_981           db 'vmovqqa',0          ; ...
.data:08003B97 L_982           db 'vmovdqu',0          ; ...
.data:08003B9F L_983           db 'vmovqqu',0          ; ...
.data:08003BA7 L_984           db 'vmovhlps',0         ; ...
.data:08003BB0 L_985           db 'vmovhpd',0          ; ...
.data:08003BB8 L_986           db 'vmovhps',0          ; ...
.data:08003BC0 L_987           db 'vmovlhps',0         ; ...
.data:08003BC9 L_988           db 'vmovlpd',0          ; ...
.data:08003BD1 L_989           db 'vmovlps',0          ; ...
.data:08003BD9 L_990           db 'vmovmskpd',0        ; ...
.data:08003BE3 L_991           db 'vmovmskps',0        ; ...
.data:08003BED L_992           db 'vmovntdq',0         ; ...
.data:08003BF6 L_993           db 'vmovntqq',0         ; ...
.data:08003BFF L_994           db 'vmovntdqa',0        ; ...
.data:08003C09 L_995           db 'vmovntpd',0         ; ...
.data:08003C12 L_996           db 'vmovntps',0         ; ...
.data:08003C1B L_997           db 'vmovsd',0           ; ...
.data:08003C22 L_998           db 'vmovshdup',0        ; ...
.data:08003C2C L_999           db 'vmovsldup',0        ; ...
.data:08003C36 L_1000          db 'vmovss',0           ; ...
.data:08003C3D L_1001          db 'vmovupd',0          ; ...
.data:08003C45 L_1002          db 'vmovups',0          ; ...
.data:08003C4D L_1003          db 'vmpsadbw',0         ; ...
.data:08003C56 L_1004          db 'vmulpd',0           ; ...
.data:08003C5D L_1005          db 'vmulps',0           ; ...
.data:08003C64 L_1006          db 'vmulsd',0           ; ...
.data:08003C6B L_1007          db 'vmulss',0           ; ...
.data:08003C72 L_1008          db 'vorpd',0            ; ...
.data:08003C78 L_1009          db 'vorps',0            ; ...
.data:08003C7E L_1010          db 'vpabsb',0           ; ...
.data:08003C85 L_1011          db 'vpabsw',0           ; ...
.data:08003C8C L_1012          db 'vpabsd',0           ; ...
.data:08003C93 L_1013          db 'vpacksswb',0        ; ...
.data:08003C9D L_1014          db 'vpackssdw',0        ; ...
.data:08003CA7 L_1015          db 'vpackuswb',0        ; ...
.data:08003CB1 L_1016          db 'vpackusdw',0        ; ...
.data:08003CBB L_1017          db 'vpaddb',0           ; ...
.data:08003CC2 L_1018          db 'vpaddw',0           ; ...
.data:08003CC9 L_1019          db 'vpaddd',0           ; ...
.data:08003CD0 L_1020          db 'vpaddq',0           ; ...
.data:08003CD7 L_1021          db 'vpaddsb',0          ; ...
.data:08003CDF L_1022          db 'vpaddsw',0          ; ...
.data:08003CE7 L_1023          db 'vpaddusb',0         ; ...
.data:08003CF0 L_1024          db 'vpaddusw',0         ; ...
.data:08003CF9 L_1025          db 'vpalignr',0         ; ...
.data:08003D02 L_1026          db 'vpand',0            ; ...
.data:08003D08 L_1027          db 'vpandn',0           ; ...
.data:08003D0F L_1028          db 'vpavgb',0           ; ...
.data:08003D16 L_1029          db 'vpavgw',0           ; ...
.data:08003D1D L_1030          db 'vpblendvb',0        ; ...
.data:08003D27 L_1031          db 'vpblendw',0         ; ...
.data:08003D30 L_1032          db 'vpcmpestri',0       ; ...
.data:08003D3B L_1033          db 'vpcmpestrm',0       ; ...
.data:08003D46 L_1034          db 'vpcmpistri',0       ; ...
.data:08003D51 L_1035          db 'vpcmpistrm',0       ; ...
.data:08003D5C L_1036          db 'vpcmpeqb',0         ; ...
.data:08003D65 L_1037          db 'vpcmpeqw',0         ; ...
.data:08003D6E L_1038          db 'vpcmpeqd',0         ; ...
.data:08003D77 L_1039          db 'vpcmpeqq',0         ; ...
.data:08003D80 L_1040          db 'vpcmpgtb',0         ; ...
.data:08003D89 L_1041          db 'vpcmpgtw',0         ; ...
.data:08003D92 L_1042          db 'vpcmpgtd',0         ; ...
.data:08003D9B L_1043          db 'vpcmpgtq',0         ; ...
.data:08003DA4 L_1044          db 'vpermilpd',0        ; ...
.data:08003DAE L_1045          db 'vpermilps',0        ; ...
.data:08003DB8 L_1046          db 'vperm2f128',0       ; ...
.data:08003DC3 L_1047          db 'vpextrb',0          ; ...
.data:08003DCB L_1048          db 'vpextrw',0          ; ...
.data:08003DD3 L_1049          db 'vpextrd',0          ; ...
.data:08003DDB L_1050          db 'vpextrq',0          ; ...
.data:08003DE3 L_1051          db 'vphaddw',0          ; ...
.data:08003DEB L_1052          db 'vphaddd',0          ; ...
.data:08003DF3 L_1053          db 'vphaddsw',0         ; ...
.data:08003DFC L_1054          db 'vphminposuw',0      ; ...
.data:08003E08 L_1055          db 'vphsubw',0          ; ...
.data:08003E10 L_1056          db 'vphsubd',0          ; ...
.data:08003E18 L_1057          db 'vphsubsw',0         ; ...
.data:08003E21 L_1058          db 'vpinsrb',0          ; ...
.data:08003E29 L_1059          db 'vpinsrw',0          ; ...
.data:08003E31 L_1060          db 'vpinsrd',0          ; ...
.data:08003E39 L_1061          db 'vpinsrq',0          ; ...
.data:08003E41 L_1062          db 'vpmaddwd',0         ; ...
.data:08003E4A L_1063          db 'vpmaddubsw',0       ; ...
.data:08003E55 L_1064          db 'vpmaxsb',0          ; ...
.data:08003E5D L_1065          db 'vpmaxsw',0          ; ...
.data:08003E65 L_1066          db 'vpmaxsd',0          ; ...
.data:08003E6D L_1067          db 'vpmaxub',0          ; ...
.data:08003E75 L_1068          db 'vpmaxuw',0          ; ...
.data:08003E7D L_1069          db 'vpmaxud',0          ; ...
.data:08003E85 L_1070          db 'vpminsb',0          ; ...
.data:08003E8D L_1071          db 'vpminsw',0          ; ...
.data:08003E95 L_1072          db 'vpminsd',0          ; ...
.data:08003E9D L_1073          db 'vpminub',0          ; ...
.data:08003EA5 L_1074          db 'vpminuw',0          ; ...
.data:08003EAD L_1075          db 'vpminud',0          ; ...
.data:08003EB5 L_1076          db 'vpmovmskb',0        ; ...
.data:08003EBF L_1077          db 'vpmovsxbw',0        ; ...
.data:08003EC9 L_1078          db 'vpmovsxbd',0        ; ...
.data:08003ED3 L_1079          db 'vpmovsxbq',0        ; ...
.data:08003EDD L_1080          db 'vpmovsxwd',0        ; ...
.data:08003EE7 L_1081          db 'vpmovsxwq',0        ; ...
.data:08003EF1 L_1082          db 'vpmovsxdq',0        ; ...
.data:08003EFB L_1083          db 'vpmovzxbw',0        ; ...
.data:08003F05 L_1084          db 'vpmovzxbd',0        ; ...
.data:08003F0F L_1085          db 'vpmovzxbq',0        ; ...
.data:08003F19 L_1086          db 'vpmovzxwd',0        ; ...
.data:08003F23 L_1087          db 'vpmovzxwq',0        ; ...
.data:08003F2D L_1088          db 'vpmovzxdq',0        ; ...
.data:08003F37 L_1089          db 'vpmulhuw',0         ; ...
.data:08003F40 L_1090          db 'vpmulhrsw',0        ; ...
.data:08003F4A L_1091          db 'vpmulhw',0          ; ...
.data:08003F52 L_1092          db 'vpmullw',0          ; ...
.data:08003F5A L_1093          db 'vpmulld',0          ; ...
.data:08003F62 L_1094          db 'vpmuludq',0         ; ...
.data:08003F6B L_1095          db 'vpmuldq',0          ; ...
.data:08003F73 L_1096          db 'vpor',0             ; ...
.data:08003F78 L_1097          db 'vpsadbw',0          ; ...
.data:08003F80 L_1098          db 'vpshufb',0          ; ...
.data:08003F88 L_1099          db 'vpshufd',0          ; ...
.data:08003F90 L_1100          db 'vpshufhw',0         ; ...
.data:08003F99 L_1101          db 'vpshuflw',0         ; ...
.data:08003FA2 L_1102          db 'vpsignb',0          ; ...
.data:08003FAA L_1103          db 'vpsignw',0          ; ...
.data:08003FB2 L_1104          db 'vpsignd',0          ; ...
.data:08003FBA L_1105          db 'vpslldq',0          ; ...
.data:08003FC2 L_1106          db 'vpsrldq',0          ; ...
.data:08003FCA L_1107          db 'vpsllw',0           ; ...
.data:08003FD1 L_1108          db 'vpslld',0           ; ...
.data:08003FD8 L_1109          db 'vpsllq',0           ; ...
.data:08003FDF L_1110          db 'vpsraw',0           ; ...
.data:08003FE6 L_1111          db 'vpsrad',0           ; ...
.data:08003FED L_1112          db 'vpsrlw',0           ; ...
.data:08003FF4 L_1113          db 'vpsrld',0           ; ...
.data:08003FFB L_1114          db 'vpsrlq',0           ; ...
.data:08004002 L_1115          db 'vptest',0           ; ...
.data:08004009 L_1116          db 'vpsubb',0           ; ...
.data:08004010 L_1117          db 'vpsubw',0           ; ...
.data:08004017 L_1118          db 'vpsubd',0           ; ...
.data:0800401E L_1119          db 'vpsubq',0           ; ...
.data:08004025 L_1120          db 'vpsubsb',0          ; ...
.data:0800402D L_1121          db 'vpsubsw',0          ; ...
.data:08004035 L_1122          db 'vpsubusb',0         ; ...
.data:0800403E L_1123          db 'vpsubusw',0         ; ...
.data:08004047 L_1124          db 'vpunpckhbw',0       ; ...
.data:08004052 L_1125          db 'vpunpckhwd',0       ; ...
.data:0800405D L_1126          db 'vpunpckhdq',0       ; ...
.data:08004068 L_1127          db 'vpunpckhqdq',0      ; ...
.data:08004074 L_1128          db 'vpunpcklbw',0       ; ...
.data:0800407F L_1129          db 'vpunpcklwd',0       ; ...
.data:0800408A L_1130          db 'vpunpckldq',0       ; ...
.data:08004095 L_1131          db 'vpunpcklqdq',0      ; ...
.data:080040A1 L_1132          db 'vpxor',0            ; ...
.data:080040A7 L_1133          db 'vrcpps',0           ; ...
.data:080040AE L_1134          db 'vrcpss',0           ; ...
.data:080040B5 L_1135          db 'vrsqrtps',0         ; ...
.data:080040BE L_1136          db 'vrsqrtss',0         ; ...
.data:080040C7 L_1137          db 'vroundpd',0         ; ...
.data:080040D0 L_1138          db 'vroundps',0         ; ...
.data:080040D9 L_1139          db 'vroundsd',0         ; ...
.data:080040E2 L_1140          db 'vroundss',0         ; ...
.data:080040EB L_1141          db 'vshufpd',0          ; ...
.data:080040F3 L_1142          db 'vshufps',0          ; ...
.data:080040FB L_1143          db 'vsqrtpd',0          ; ...
.data:08004103 L_1144          db 'vsqrtps',0          ; ...
.data:0800410B L_1145          db 'vsqrtsd',0          ; ...
.data:08004113 L_1146          db 'vsqrtss',0          ; ...
.data:0800411B L_1147          db 'vstmxcsr',0         ; ...
.data:08004124 L_1148          db 'vsubpd',0           ; ...
.data:0800412B L_1149          db 'vsubps',0           ; ...
.data:08004132 L_1150          db 'vsubsd',0           ; ...
.data:08004139 L_1151          db 'vsubss',0           ; ...
.data:08004140 L_1152          db 'vtestps',0          ; ...
.data:08004148 L_1153          db 'vtestpd',0          ; ...
.data:08004150 L_1154          db 'vucomisd',0         ; ...
.data:08004159 L_1155          db 'vucomiss',0         ; ...
.data:08004162 L_1156          db 'vunpckhpd',0        ; ...
.data:0800416C L_1157          db 'vunpckhps',0        ; ...
.data:08004176 L_1158          db 'vunpcklpd',0        ; ...
.data:08004180 L_1159          db 'vunpcklps',0        ; ...
.data:0800418A L_1160          db 'vxorpd',0           ; ...
.data:08004191 L_1161          db 'vxorps',0           ; ...
.data:08004198 L_1162          db 'vzeroall',0         ; ...
.data:080041A1 L_1163          db 'vzeroupper',0       ; ...
.data:080041AC L_1164          db 'pclmullqlqdq',0     ; ...
.data:080041B9 L_1165          db 'pclmulhqlqdq',0     ; ...
.data:080041C6 L_1166          db 'pclmullqhqdq',0     ; ...
.data:080041D3 L_1167          db 'pclmulhqhqdq',0     ; ...
.data:080041E0 L_1168          db 'pclmulqdq',0        ; ...
.data:080041EA L_1169          db 'vpclmullqlqdq',0    ; ...
.data:080041F8 L_1170          db 'vpclmulhqlqdq',0    ; ...
.data:08004206 L_1171          db 'vpclmullqhqdq',0    ; ...
.data:08004214 L_1172          db 'vpclmulhqhqdq',0    ; ...
.data:08004222 L_1173          db 'vpclmulqdq',0       ; ...
.data:0800422D L_1174          db 'vfmadd132ps',0      ; ...
.data:08004239 L_1175          db 'vfmadd132pd',0      ; ...
.data:08004245 L_1176          db 'vfmadd312ps',0      ; ...
.data:08004251 L_1177          db 'vfmadd312pd',0      ; ...
.data:0800425D L_1178          db 'vfmadd213ps',0      ; ...
.data:08004269 L_1179          db 'vfmadd213pd',0      ; ...
.data:08004275 L_1180          db 'vfmadd123ps',0      ; ...
.data:08004281 L_1181          db 'vfmadd123pd',0      ; ...
.data:0800428D L_1182          db 'vfmadd231ps',0      ; ...
.data:08004299 L_1183          db 'vfmadd231pd',0      ; ...
.data:080042A5 L_1184          db 'vfmadd321ps',0      ; ...
.data:080042B1 L_1185          db 'vfmadd321pd',0      ; ...
.data:080042BD L_1186          db 'vfmaddsub132ps',0   ; ...
.data:080042CC L_1187          db 'vfmaddsub132pd',0   ; ...
.data:080042DB L_1188          db 'vfmaddsub312ps',0   ; ...
.data:080042EA L_1189          db 'vfmaddsub312pd',0   ; ...
.data:080042F9 L_1190          db 'vfmaddsub213ps',0   ; ...
.data:08004308 L_1191          db 'vfmaddsub213pd',0   ; ...
.data:08004317 L_1192          db 'vfmaddsub123ps',0   ; ...
.data:08004326 L_1193          db 'vfmaddsub123pd',0   ; ...
.data:08004335 L_1194          db 'vfmaddsub231ps',0   ; ...
.data:08004344 L_1195          db 'vfmaddsub231pd',0   ; ...
.data:08004353 L_1196          db 'vfmaddsub321ps',0   ; ...
.data:08004362 L_1197          db 'vfmaddsub321pd',0   ; ...
.data:08004371 L_1198          db 'vfmsub132ps',0      ; ...
.data:0800437D L_1199          db 'vfmsub132pd',0      ; ...
.data:08004389 L_1200          db 'vfmsub312ps',0      ; ...
.data:08004395 L_1201          db 'vfmsub312pd',0      ; ...
.data:080043A1 L_1202          db 'vfmsub213ps',0      ; ...
.data:080043AD L_1203          db 'vfmsub213pd',0      ; ...
.data:080043B9 L_1204          db 'vfmsub123ps',0      ; ...
.data:080043C5 L_1205          db 'vfmsub123pd',0      ; ...
.data:080043D1 L_1206          db 'vfmsub231ps',0      ; ...
.data:080043DD L_1207          db 'vfmsub231pd',0      ; ...
.data:080043E9 L_1208          db 'vfmsub321ps',0      ; ...
.data:080043F5 L_1209          db 'vfmsub321pd',0      ; ...
.data:08004401 L_1210          db 'vfmsubadd132ps',0   ; ...
.data:08004410 L_1211          db 'vfmsubadd132pd',0   ; ...
.data:0800441F L_1212          db 'vfmsubadd312ps',0   ; ...
.data:0800442E L_1213          db 'vfmsubadd312pd',0   ; ...
.data:0800443D L_1214          db 'vfmsubadd213ps',0   ; ...
.data:0800444C L_1215          db 'vfmsubadd213pd',0   ; ...
.data:0800445B L_1216          db 'vfmsubadd123ps',0   ; ...
.data:0800446A L_1217          db 'vfmsubadd123pd',0   ; ...
.data:08004479 L_1218          db 'vfmsubadd231ps',0   ; ...
.data:08004488 L_1219          db 'vfmsubadd231pd',0   ; ...
.data:08004497 L_1220          db 'vfmsubadd321ps',0   ; ...
.data:080044A6 L_1221          db 'vfmsubadd321pd',0   ; ...
.data:080044B5 L_1222          db 'vfnmadd132ps',0     ; ...
.data:080044C2 L_1223          db 'vfnmadd132pd',0     ; ...
.data:080044CF L_1224          db 'vfnmadd312ps',0     ; ...
.data:080044DC L_1225          db 'vfnmadd312pd',0     ; ...
.data:080044E9 L_1226          db 'vfnmadd213ps',0     ; ...
.data:080044F6 L_1227          db 'vfnmadd213pd',0     ; ...
.data:08004503 L_1228          db 'vfnmadd123ps',0     ; ...
.data:08004510 L_1229          db 'vfnmadd123pd',0     ; ...
.data:0800451D L_1230          db 'vfnmadd231ps',0     ; ...
.data:0800452A L_1231          db 'vfnmadd231pd',0     ; ...
.data:08004537 L_1232          db 'vfnmadd321ps',0     ; ...
.data:08004544 L_1233          db 'vfnmadd321pd',0     ; ...
.data:08004551 L_1234          db 'vfnmsub132ps',0     ; ...
.data:0800455E L_1235          db 'vfnmsub132pd',0     ; ...
.data:0800456B L_1236          db 'vfnmsub312ps',0     ; ...
.data:08004578 L_1237          db 'vfnmsub312pd',0     ; ...
.data:08004585 L_1238          db 'vfnmsub213ps',0     ; ...
.data:08004592 L_1239          db 'vfnmsub213pd',0     ; ...
.data:0800459F L_1240          db 'vfnmsub123ps',0     ; ...
.data:080045AC L_1241          db 'vfnmsub123pd',0     ; ...
.data:080045B9 L_1242          db 'vfnmsub231ps',0     ; ...
.data:080045C6 L_1243          db 'vfnmsub231pd',0     ; ...
.data:080045D3 L_1244          db 'vfnmsub321ps',0     ; ...
.data:080045E0 L_1245          db 'vfnmsub321pd',0     ; ...
.data:080045ED L_1246          db 'vfmadd132ss',0      ; ...
.data:080045F9 L_1247          db 'vfmadd132sd',0      ; ...
.data:08004605 L_1248          db 'vfmadd312ss',0      ; ...
.data:08004611 L_1249          db 'vfmadd312sd',0      ; ...
.data:0800461D L_1250          db 'vfmadd213ss',0      ; ...
.data:08004629 L_1251          db 'vfmadd213sd',0      ; ...
.data:08004635 L_1252          db 'vfmadd123ss',0      ; ...
.data:08004641 L_1253          db 'vfmadd123sd',0      ; ...
.data:0800464D L_1254          db 'vfmadd231ss',0      ; ...
.data:08004659 L_1255          db 'vfmadd231sd',0      ; ...
.data:08004665 L_1256          db 'vfmadd321ss',0      ; ...
.data:08004671 L_1257          db 'vfmadd321sd',0      ; ...
.data:0800467D L_1258          db 'vfmsub132ss',0      ; ...
.data:08004689 L_1259          db 'vfmsub132sd',0      ; ...
.data:08004695 L_1260          db 'vfmsub312ss',0      ; ...
.data:080046A1 L_1261          db 'vfmsub312sd',0      ; ...
.data:080046AD L_1262          db 'vfmsub213ss',0      ; ...
.data:080046B9 L_1263          db 'vfmsub213sd',0      ; ...
.data:080046C5 L_1264          db 'vfmsub123ss',0      ; ...
.data:080046D1 L_1265          db 'vfmsub123sd',0      ; ...
.data:080046DD L_1266          db 'vfmsub231ss',0      ; ...
.data:080046E9 L_1267          db 'vfmsub231sd',0      ; ...
.data:080046F5 L_1268          db 'vfmsub321ss',0      ; ...
.data:08004701 L_1269          db 'vfmsub321sd',0      ; ...
.data:0800470D L_1270          db 'vfnmadd132ss',0     ; ...
.data:0800471A L_1271          db 'vfnmadd132sd',0     ; ...
.data:08004727 L_1272          db 'vfnmadd312ss',0     ; ...
.data:08004734 L_1273          db 'vfnmadd312sd',0     ; ...
.data:08004741 L_1274          db 'vfnmadd213ss',0     ; ...
.data:0800474E L_1275          db 'vfnmadd213sd',0     ; ...
.data:0800475B L_1276          db 'vfnmadd123ss',0     ; ...
.data:08004768 L_1277          db 'vfnmadd123sd',0     ; ...
.data:08004775 L_1278          db 'vfnmadd231ss',0     ; ...
.data:08004782 L_1279          db 'vfnmadd231sd',0     ; ...
.data:0800478F L_1280          db 'vfnmadd321ss',0     ; ...
.data:0800479C L_1281          db 'vfnmadd321sd',0     ; ...
.data:080047A9 L_1282          db 'vfnmsub132ss',0     ; ...
.data:080047B6 L_1283          db 'vfnmsub132sd',0     ; ...
.data:080047C3 L_1284          db 'vfnmsub312ss',0     ; ...
.data:080047D0 L_1285          db 'vfnmsub312sd',0     ; ...
.data:080047DD L_1286          db 'vfnmsub213ss',0     ; ...
.data:080047EA L_1287          db 'vfnmsub213sd',0     ; ...
.data:080047F7 L_1288          db 'vfnmsub123ss',0     ; ...
.data:08004804 L_1289          db 'vfnmsub123sd',0     ; ...
.data:08004811 L_1290          db 'vfnmsub231ss',0     ; ...
.data:0800481E L_1291          db 'vfnmsub231sd',0     ; ...
.data:0800482B L_1292          db 'vfnmsub321ss',0     ; ...
.data:08004838 L_1293          db 'vfnmsub321sd',0     ; ...
.data:08004845 L_1294          db 'rdfsbase',0         ; ...
.data:0800484E L_1295          db 'rdgsbase',0         ; ...
.data:08004857 L_1296          db 'rdrand',0           ; ...
.data:0800485E L_1297          db 'wrfsbase',0         ; ...
.data:08004867 L_1298          db 'wrgsbase',0         ; ...
.data:08004870 L_1299          db 'vcvtph2ps',0        ; ...
.data:0800487A L_1300          db 'vcvtps2ph',0        ; ...
.data:08004884 L_1301          db 'adcx',0             ; ...
.data:08004889 L_1302          db 'adox',0             ; ...
.data:0800488E L_1303          db 'rdseed',0           ; ...
.data:08004895 L_1304          db 'clac',0             ; ...
.data:0800489A L_1305          db 'stac',0             ; ...
.data:0800489F L_1306          db 'xstore',0           ; ...
.data:080048A6 L_1307          db 'xcryptecb',0        ; ...
.data:080048B0 L_1308          db 'xcryptcbc',0        ; ...
.data:080048BA L_1309          db 'xcryptctr',0        ; ...
.data:080048C4 L_1310          db 'xcryptcfb',0        ; ...
.data:080048CE L_1311          db 'xcryptofb',0        ; ...
.data:080048D8 L_1312          db 'montmul',0          ; ...
.data:080048E0 L_1313          db 'xsha1',0            ; ...
.data:080048E6 L_1314          db 'xsha256',0          ; ...
.data:080048EE L_1315          db 'llwpcb',0           ; ...
.data:080048F5 L_1316          db 'slwpcb',0           ; ...
.data:080048FC L_1317          db 'lwpval',0           ; ...
.data:08004903 L_1318          db 'lwpins',0           ; ...
.data:0800490A L_1319          db 'vfmaddpd',0         ; ...
.data:08004913 L_1320          db 'vfmaddps',0         ; ...
.data:0800491C L_1321          db 'vfmaddsd',0         ; ...
.data:08004925 L_1322          db 'vfmaddss',0         ; ...
.data:0800492E L_1323          db 'vfmaddsubpd',0      ; ...
.data:0800493A L_1324          db 'vfmaddsubps',0      ; ...
.data:08004946 L_1325          db 'vfmsubaddpd',0      ; ...
.data:08004952 L_1326          db 'vfmsubaddps',0      ; ...
.data:0800495E L_1327          db 'vfmsubpd',0         ; ...
.data:08004967 L_1328          db 'vfmsubps',0         ; ...
.data:08004970 L_1329          db 'vfmsubsd',0         ; ...
.data:08004979 L_1330          db 'vfmsubss',0         ; ...
.data:08004982 L_1331          db 'vfnmaddpd',0        ; ...
.data:0800498C L_1332          db 'vfnmaddps',0        ; ...
.data:08004996 L_1333          db 'vfnmaddsd',0        ; ...
.data:080049A0 L_1334          db 'vfnmaddss',0        ; ...
.data:080049AA L_1335          db 'vfnmsubpd',0        ; ...
.data:080049B4 L_1336          db 'vfnmsubps',0        ; ...
.data:080049BE L_1337          db 'vfnmsubsd',0        ; ...
.data:080049C8 L_1338          db 'vfnmsubss',0        ; ...
.data:080049D2 L_1339          db 'vfrczpd',0          ; ...
.data:080049DA L_1340          db 'vfrczps',0          ; ...
.data:080049E2 L_1341          db 'vfrczsd',0          ; ...
.data:080049EA L_1342          db 'vfrczss',0          ; ...
.data:080049F2 L_1343          db 'vpcmov',0           ; ...
.data:080049F9 L_1344          db 'vpcomb',0           ; ...
.data:08004A00 L_1345          db 'vpcomd',0           ; ...
.data:08004A07 L_1346          db 'vpcomq',0           ; ...
.data:08004A0E L_1347          db 'vpcomub',0          ; ...
.data:08004A16 L_1348          db 'vpcomud',0          ; ...
.data:08004A1E L_1349          db 'vpcomuq',0          ; ...
.data:08004A26 L_1350          db 'vpcomuw',0          ; ...
.data:08004A2E L_1351          db 'vpcomw',0           ; ...
.data:08004A35 L_1352          db 'vphaddbd',0         ; ...
.data:08004A3E L_1353          db 'vphaddbq',0         ; ...
.data:08004A47 L_1354          db 'vphaddbw',0         ; ...
.data:08004A50 L_1355          db 'vphadddq',0         ; ...
.data:08004A59 L_1356          db 'vphaddubd',0        ; ...
.data:08004A63 L_1357          db 'vphaddubq',0        ; ...
.data:08004A6D L_1358          db 'vphaddubw',0        ; ...
.data:08004A77 L_1359          db 'vphaddudq',0        ; ...
.data:08004A81 L_1360          db 'vphadduwd',0        ; ...
.data:08004A8B L_1361          db 'vphadduwq',0        ; ...
.data:08004A95 L_1362          db 'vphaddwd',0         ; ...
.data:08004A9E L_1363          db 'vphaddwq',0         ; ...
.data:08004AA7 L_1364          db 'vphsubbw',0         ; ...
.data:08004AB0 L_1365          db 'vphsubdq',0         ; ...
.data:08004AB9 L_1366          db 'vphsubwd',0         ; ...
.data:08004AC2 L_1367          db 'vpmacsdd',0         ; ...
.data:08004ACB L_1368          db 'vpmacsdqh',0        ; ...
.data:08004AD5 L_1369          db 'vpmacsdql',0        ; ...
.data:08004ADF L_1370          db 'vpmacssdd',0        ; ...
.data:08004AE9 L_1371          db 'vpmacssdqh',0       ; ...
.data:08004AF4 L_1372          db 'vpmacssdql',0       ; ...
.data:08004AFF L_1373          db 'vpmacsswd',0        ; ...
.data:08004B09 L_1374          db 'vpmacssww',0        ; ...
.data:08004B13 L_1375          db 'vpmacswd',0         ; ...
.data:08004B1C L_1376          db 'vpmacsww',0         ; ...
.data:08004B25 L_1377          db 'vpmadcsswd',0       ; ...
.data:08004B30 L_1378          db 'vpmadcswd',0        ; ...
.data:08004B3A L_1379          db 'vpperm',0           ; ...
.data:08004B41 L_1380          db 'vprotb',0           ; ...
.data:08004B48 L_1381          db 'vprotd',0           ; ...
.data:08004B4F L_1382          db 'vprotq',0           ; ...
.data:08004B56 L_1383          db 'vprotw',0           ; ...
.data:08004B5D L_1384          db 'vpshab',0           ; ...
.data:08004B64 L_1385          db 'vpshad',0           ; ...
.data:08004B6B L_1386          db 'vpshaq',0           ; ...
.data:08004B72 L_1387          db 'vpshaw',0           ; ...
.data:08004B79 L_1388          db 'vpshlb',0           ; ...
.data:08004B80 L_1389          db 'vpshld',0           ; ...
.data:08004B87 L_1390          db 'vpshlq',0           ; ...
.data:08004B8E L_1391          db 'vpshlw',0           ; ...
.data:08004B95 L_1392          db 'vbroadcasti128',0   ; ...
.data:08004BA4 L_1393          db 'vpblendd',0         ; ...
.data:08004BAD L_1394          db 'vpbroadcastb',0     ; ...
.data:08004BBA L_1395          db 'vpbroadcastw',0     ; ...
.data:08004BC7 L_1396          db 'vpbroadcastd',0     ; ...
.data:08004BD4 L_1397          db 'vpbroadcastq',0     ; ...
.data:08004BE1 L_1398          db 'vpermd',0           ; ...
.data:08004BE8 L_1399          db 'vpermpd',0          ; ...
.data:08004BF0 L_1400          db 'vpermps',0          ; ...
.data:08004BF8 L_1401          db 'vpermq',0           ; ...
.data:08004BFF L_1402          db 'vperm2i128',0       ; ...
.data:08004C0A L_1403          db 'vextracti128',0     ; ...
.data:08004C17 L_1404          db 'vinserti128',0      ; ...
.data:08004C23 L_1405          db 'vpmaskmovd',0       ; ...
.data:08004C2E L_1406          db 'vpmaskmovq',0       ; ...
.data:08004C39 L_1407          db 'vpsllvd',0          ; ...
.data:08004C41 L_1408          db 'vpsllvq',0          ; ...
.data:08004C49 L_1409          db 'vpsravd',0          ; ...
.data:08004C51 L_1410          db 'vpsrlvd',0          ; ...
.data:08004C59 L_1411          db 'vpsrlvq',0          ; ...
.data:08004C61 L_1412          db 'vgatherdpd',0       ; ...
.data:08004C6C L_1413          db 'vgatherqpd',0       ; ...
.data:08004C77 L_1414          db 'vgatherdps',0       ; ...
.data:08004C82 L_1415          db 'vgatherqps',0       ; ...
.data:08004C8D L_1416          db 'vpgatherdd',0       ; ...
.data:08004C98 L_1417          db 'vpgatherqd',0       ; ...
.data:08004CA3 L_1418          db 'vpgatherdq',0       ; ...
.data:08004CAE L_1419          db 'vpgatherqq',0       ; ...
.data:08004CB9 L_1420          db 'xabort',0           ; ...
.data:08004CC0 L_1421          db 'xbegin',0           ; ...
.data:08004CC7 L_1422          db 'xend',0             ; ...
.data:08004CCC L_1423          db 'xtest',0            ; ...
.data:08004CD2 L_1424          db 'andn',0             ; ...
.data:08004CD7 L_1425          db 'bextr',0            ; ...
.data:08004CDD L_1426          db 'blci',0             ; ...
.data:08004CE2 L_1427          db 'blcic',0            ; ...
.data:08004CE8 L_1428          db 'blsi',0             ; ...
.data:08004CED L_1429          db 'blsic',0            ; ...
.data:08004CF3 L_1430          db 'blcfill',0          ; ...
.data:08004CFB L_1431          db 'blsfill',0          ; ...
.data:08004D03 L_1432          db 'blcmsk',0           ; ...
.data:08004D0A L_1433          db 'blsmsk',0           ; ...
.data:08004D11 L_1434          db 'blsr',0             ; ...
.data:08004D16 L_1435          db 'blcs',0             ; ...
.data:08004D1B L_1436          db 'bzhi',0             ; ...
.data:08004D20 L_1437          db 'mulx',0             ; ...
.data:08004D25 L_1438          db 'pdep',0             ; ...
.data:08004D2A L_1439          db 'pext',0             ; ...
.data:08004D2F L_1440          db 'rorx',0             ; ...
.data:08004D34 L_1441          db 'sarx',0             ; ...
.data:08004D39 L_1442          db 'shlx',0             ; ...
.data:08004D3E L_1443          db 'shrx',0             ; ...
.data:08004D43 L_1444          db 'tzcnt',0            ; ...
.data:08004D49 L_1445          db 'tzmsk',0            ; ...
.data:08004D4F L_1446          db 't1mskc',0           ; ...
.data:08004D56 L_1447          db 'prefetchwt1',0      ; ...
.data:08004D62 L_1448          db 'bndmk',0            ; ...
.data:08004D68 L_1449          db 'bndcl',0            ; ...
.data:08004D6E L_1450          db 'bndcu',0            ; ...
.data:08004D74 L_1451          db 'bndcn',0            ; ...
.data:08004D7A L_1452          db 'bndmov',0           ; ...
.data:08004D81 L_1453          db 'bndldx',0           ; ...
.data:08004D88 L_1454          db 'bndstx',0           ; ...
.data:08004D8F L_1455          db 'sha1msg1',0         ; ...
.data:08004D98 L_1456          db 'sha1msg2',0         ; ...
.data:08004DA1 L_1457          db 'sha1nexte',0        ; ...
.data:08004DAB L_1458          db 'sha1rnds4',0        ; ...
.data:08004DB5 L_1459          db 'sha256msg1',0       ; ...
.data:08004DC0 L_1460          db 'sha256msg2',0       ; ...
.data:08004DCB L_1461          db 'sha256rnds2',0      ; ...
.data:08004DD7 L_1462          db 'kaddb',0            ; ...
.data:08004DDD L_1463          db 'kaddd',0            ; ...
.data:08004DE3 L_1464          db 'kaddq',0            ; ...
.data:08004DE9 L_1465          db 'kaddw',0            ; ...
.data:08004DEF L_1466          db 'kandb',0            ; ...
.data:08004DF5 L_1467          db 'kandd',0            ; ...
.data:08004DFB L_1468          db 'kandnb',0           ; ...
.data:08004E02 L_1469          db 'kandnd',0           ; ...
.data:08004E09 L_1470          db 'kandnq',0           ; ...
.data:08004E10 L_1471          db 'kandnw',0           ; ...
.data:08004E17 L_1472          db 'kandq',0            ; ...
.data:08004E1D L_1473          db 'kandw',0            ; ...
.data:08004E23 L_1474          db 'kmovb',0            ; ...
.data:08004E29 L_1475          db 'kmovd',0            ; ...
.data:08004E2F L_1476          db 'kmovq',0            ; ...
.data:08004E35 L_1477          db 'kmovw',0            ; ...
.data:08004E3B L_1478          db 'knotb',0            ; ...
.data:08004E41 L_1479          db 'knotd',0            ; ...
.data:08004E47 L_1480          db 'knotq',0            ; ...
.data:08004E4D L_1481          db 'knotw',0            ; ...
.data:08004E53 L_1482          db 'korb',0             ; ...
.data:08004E58 L_1483          db 'kord',0             ; ...
.data:08004E5D L_1484          db 'korq',0             ; ...
.data:08004E62 L_1485          db 'kortestb',0         ; ...
.data:08004E6B L_1486          db 'kortestd',0         ; ...
.data:08004E74 L_1487          db 'kortestq',0         ; ...
.data:08004E7D L_1488          db 'kortestw',0         ; ...
.data:08004E86 L_1489          db 'korw',0             ; ...
.data:08004E8B L_1490          db 'kshiftlb',0         ; ...
.data:08004E94 L_1491          db 'kshiftld',0         ; ...
.data:08004E9D L_1492          db 'kshiftlq',0         ; ...
.data:08004EA6 L_1493          db 'kshiftlw',0         ; ...
.data:08004EAF L_1494          db 'kshiftrb',0         ; ...
.data:08004EB8 L_1495          db 'kshiftrd',0         ; ...
.data:08004EC1 L_1496          db 'kshiftrq',0         ; ...
.data:08004ECA L_1497          db 'kshiftrw',0         ; ...
.data:08004ED3 L_1498          db 'ktestb',0           ; ...
.data:08004EDA L_1499          db 'ktestd',0           ; ...
.data:08004EE1 L_1500          db 'ktestq',0           ; ...
.data:08004EE8 L_1501          db 'ktestw',0           ; ...
.data:08004EEF L_1502          db 'kunpckbw',0         ; ...
.data:08004EF8 L_1503          db 'kunpckdq',0         ; ...
.data:08004F01 L_1504          db 'kunpckwd',0         ; ...
.data:08004F0A L_1505          db 'kxnorb',0           ; ...
.data:08004F11 L_1506          db 'kxnord',0           ; ...
.data:08004F18 L_1507          db 'kxnorq',0           ; ...
.data:08004F1F L_1508          db 'kxnorw',0           ; ...
.data:08004F26 L_1509          db 'kxorb',0            ; ...
.data:08004F2C L_1510          db 'kxord',0            ; ...
.data:08004F32 L_1511          db 'kxorq',0            ; ...
.data:08004F38 L_1512          db 'kxorw',0            ; ...
.data:08004F3E L_1513          db 'valignd',0          ; ...
.data:08004F46 L_1514          db 'valignq',0          ; ...
.data:08004F4E L_1515          db 'vblendmpd',0        ; ...
.data:08004F58 L_1516          db 'vblendmps',0        ; ...
.data:08004F62 L_1517          db 'vbroadcastf32x2',0  ; ...
.data:08004F72 L_1518          db 'vbroadcastf32x4',0  ; ...
.data:08004F82 L_1519          db 'vbroadcastf32x8',0  ; ...
.data:08004F92 L_1520          db 'vbroadcastf64x2',0  ; ...
.data:08004FA2 L_1521          db 'vbroadcastf64x4',0  ; ...
.data:08004FB2 L_1522          db 'vbroadcasti32x2',0  ; ...
.data:08004FC2 L_1523          db 'vbroadcasti32x4',0  ; ...
.data:08004FD2 L_1524          db 'vbroadcasti32x8',0  ; ...
.data:08004FE2 L_1525          db 'vbroadcasti64x2',0  ; ...
.data:08004FF2 L_1526          db 'vbroadcasti64x4',0  ; ...
.data:08005002 L_1527          db 'vcompresspd',0      ; ...
.data:0800500E L_1528          db 'vcompressps',0      ; ...
.data:0800501A L_1529          db 'vcvtpd2qq',0        ; ...
.data:08005024 L_1530          db 'vcvtpd2udq',0       ; ...
.data:0800502F L_1531          db 'vcvtpd2uqq',0       ; ...
.data:0800503A L_1532          db 'vcvtps2qq',0        ; ...
.data:08005044 L_1533          db 'vcvtps2udq',0       ; ...
.data:0800504F L_1534          db 'vcvtps2uqq',0       ; ...
.data:0800505A L_1535          db 'vcvtqq2pd',0        ; ...
.data:08005064 L_1536          db 'vcvtqq2ps',0        ; ...
.data:0800506E L_1537          db 'vcvtsd2usi',0       ; ...
.data:08005079 L_1538          db 'vcvtss2usi',0       ; ...
.data:08005084 L_1539          db 'vcvttpd2qq',0       ; ...
.data:0800508F L_1540          db 'vcvttpd2udq',0      ; ...
.data:0800509B L_1541          db 'vcvttpd2uqq',0      ; ...
.data:080050A7 L_1542          db 'vcvttps2qq',0       ; ...
.data:080050B2 L_1543          db 'vcvttps2udq',0      ; ...
.data:080050BE L_1544          db 'vcvttps2uqq',0      ; ...
.data:080050CA L_1545          db 'vcvttsd2usi',0      ; ...
.data:080050D6 L_1546          db 'vcvttss2usi',0      ; ...
.data:080050E2 L_1547          db 'vcvtudq2pd',0       ; ...
.data:080050ED L_1548          db 'vcvtudq2ps',0       ; ...
.data:080050F8 L_1549          db 'vcvtuqq2pd',0       ; ...
.data:08005103 L_1550          db 'vcvtuqq2ps',0       ; ...
.data:0800510E L_1551          db 'vcvtusi2sd',0       ; ...
.data:08005119 L_1552          db 'vcvtusi2ss',0       ; ...
.data:08005124 L_1553          db 'vdbpsadbw',0        ; ...
.data:0800512E L_1554          db 'vexp2pd',0          ; ...
.data:08005136 L_1555          db 'vexp2ps',0          ; ...
.data:0800513E L_1556          db 'vexpandpd',0        ; ...
.data:08005148 L_1557          db 'vexpandps',0        ; ...
.data:08005152 L_1558          db 'vextractf32x4',0    ; ...
.data:08005160 L_1559          db 'vextractf32x8',0    ; ...
.data:0800516E L_1560          db 'vextractf64x2',0    ; ...
.data:0800517C L_1561          db 'vextractf64x4',0    ; ...
.data:0800518A L_1562          db 'vextracti32x4',0    ; ...
.data:08005198 L_1563          db 'vextracti32x8',0    ; ...
.data:080051A6 L_1564          db 'vextracti64x2',0    ; ...
.data:080051B4 L_1565          db 'vextracti64x4',0    ; ...
.data:080051C2 L_1566          db 'vfixupimmpd',0      ; ...
.data:080051CE L_1567          db 'vfixupimmps',0      ; ...
.data:080051DA L_1568          db 'vfixupimmsd',0      ; ...
.data:080051E6 L_1569          db 'vfixupimmss',0      ; ...
.data:080051F2 L_1570          db 'vfpclasspd',0       ; ...
.data:080051FD L_1571          db 'vfpclassps',0       ; ...
.data:08005208 L_1572          db 'vfpclasssd',0       ; ...
.data:08005213 L_1573          db 'vfpclassss',0       ; ...
.data:0800521E L_1574          db 'vgatherpf0dpd',0    ; ...
.data:0800522C L_1575          db 'vgatherpf0dps',0    ; ...
.data:0800523A L_1576          db 'vgatherpf0qpd',0    ; ...
.data:08005248 L_1577          db 'vgatherpf0qps',0    ; ...
.data:08005256 L_1578          db 'vgatherpf1dpd',0    ; ...
.data:08005264 L_1579          db 'vgatherpf1dps',0    ; ...
.data:08005272 L_1580          db 'vgatherpf1qpd',0    ; ...
.data:08005280 L_1581          db 'vgatherpf1qps',0    ; ...
.data:0800528E L_1582          db 'vgetexppd',0        ; ...
.data:08005298 L_1583          db 'vgetexpps',0        ; ...
.data:080052A2 L_1584          db 'vgetexpsd',0        ; ...
.data:080052AC L_1585          db 'vgetexpss',0        ; ...
.data:080052B6 L_1586          db 'vgetmantpd',0       ; ...
.data:080052C1 L_1587          db 'vgetmantps',0       ; ...
.data:080052CC L_1588          db 'vgetmantsd',0       ; ...
.data:080052D7 L_1589          db 'vgetmantss',0       ; ...
.data:080052E2 L_1590          db 'vinsertf32x4',0     ; ...
.data:080052EF L_1591          db 'vinsertf32x8',0     ; ...
.data:080052FC L_1592          db 'vinsertf64x2',0     ; ...
.data:08005309 L_1593          db 'vinsertf64x4',0     ; ...
.data:08005316 L_1594          db 'vinserti32x4',0     ; ...
.data:08005323 L_1595          db 'vinserti32x8',0     ; ...
.data:08005330 L_1596          db 'vinserti64x2',0     ; ...
.data:0800533D L_1597          db 'vinserti64x4',0     ; ...
.data:0800534A L_1598          db 'vmovdqa32',0        ; ...
.data:08005354 L_1599          db 'vmovdqa64',0        ; ...
.data:0800535E L_1600          db 'vmovdqu16',0        ; ...
.data:08005368 L_1601          db 'vmovdqu32',0        ; ...
.data:08005372 L_1602          db 'vmovdqu64',0        ; ...
.data:0800537C L_1603          db 'vmovdqu8',0         ; ...
.data:08005385 L_1604          db 'vpabsq',0           ; ...
.data:0800538C L_1605          db 'vpandd',0           ; ...
.data:08005393 L_1606          db 'vpandnd',0          ; ...
.data:0800539B L_1607          db 'vpandnq',0          ; ...
.data:080053A3 L_1608          db 'vpandq',0           ; ...
.data:080053AA L_1609          db 'vpblendmb',0        ; ...
.data:080053B4 L_1610          db 'vpblendmd',0        ; ...
.data:080053BE L_1611          db 'vpblendmq',0        ; ...
.data:080053C8 L_1612          db 'vpblendmw',0        ; ...
.data:080053D2 L_1613          db 'vpbroadcastmb2q',0  ; ...
.data:080053E2 L_1614          db 'vpbroadcastmw2d',0  ; ...
.data:080053F2 L_1615          db 'vpcmpb',0           ; ...
.data:080053F9 L_1616          db 'vpcmpd',0           ; ...
.data:08005400 L_1617          db 'vpcmpq',0           ; ...
.data:08005407 L_1618          db 'vpcmpub',0          ; ...
.data:0800540F L_1619          db 'vpcmpud',0          ; ...
.data:08005417 L_1620          db 'vpcmpuq',0          ; ...
.data:0800541F L_1621          db 'vpcmpuw',0          ; ...
.data:08005427 L_1622          db 'vpcmpw',0           ; ...
.data:0800542E L_1623          db 'vpcompressd',0      ; ...
.data:0800543A L_1624          db 'vpcompressq',0      ; ...
.data:08005446 L_1625          db 'vpconflictd',0      ; ...
.data:08005452 L_1626          db 'vpconflictq',0      ; ...
.data:0800545E L_1627          db 'vpermb',0           ; ...
.data:08005465 L_1628          db 'vpermi2b',0         ; ...
.data:0800546E L_1629          db 'vpermi2d',0         ; ...
.data:08005477 L_1630          db 'vpermi2pd',0        ; ...
.data:08005481 L_1631          db 'vpermi2ps',0        ; ...
.data:0800548B L_1632          db 'vpermi2q',0         ; ...
.data:08005494 L_1633          db 'vpermi2w',0         ; ...
.data:0800549D L_1634          db 'vpermt2b',0         ; ...
.data:080054A6 L_1635          db 'vpermt2d',0         ; ...
.data:080054AF L_1636          db 'vpermt2pd',0        ; ...
.data:080054B9 L_1637          db 'vpermt2ps',0        ; ...
.data:080054C3 L_1638          db 'vpermt2q',0         ; ...
.data:080054CC L_1639          db 'vpermt2w',0         ; ...
.data:080054D5 L_1640          db 'vpermw',0           ; ...
.data:080054DC L_1641          db 'vpexpandd',0        ; ...
.data:080054E6 L_1642          db 'vpexpandq',0        ; ...
.data:080054F0 L_1643          db 'vplzcntd',0         ; ...
.data:080054F9 L_1644          db 'vplzcntq',0         ; ...
.data:08005502 L_1645          db 'vpmadd52huq',0      ; ...
.data:0800550E L_1646          db 'vpmadd52luq',0      ; ...
.data:0800551A L_1647          db 'vpmaxsq',0          ; ...
.data:08005522 L_1648          db 'vpmaxuq',0          ; ...
.data:0800552A L_1649          db 'vpminsq',0          ; ...
.data:08005532 L_1650          db 'vpminuq',0          ; ...
.data:0800553A L_1651          db 'vpmovb2m',0         ; ...
.data:08005543 L_1652          db 'vpmovd2m',0         ; ...
.data:0800554C L_1653          db 'vpmovdb',0          ; ...
.data:08005554 L_1654          db 'vpmovdw',0          ; ...
.data:0800555C L_1655          db 'vpmovm2b',0         ; ...
.data:08005565 L_1656          db 'vpmovm2d',0         ; ...
.data:0800556E L_1657          db 'vpmovm2q',0         ; ...
.data:08005577 L_1658          db 'vpmovm2w',0         ; ...
.data:08005580 L_1659          db 'vpmovq2m',0         ; ...
.data:08005589 L_1660          db 'vpmovqb',0          ; ...
.data:08005591 L_1661          db 'vpmovqd',0          ; ...
.data:08005599 L_1662          db 'vpmovqw',0          ; ...
.data:080055A1 L_1663          db 'vpmovsdb',0         ; ...
.data:080055AA L_1664          db 'vpmovsdw',0         ; ...
.data:080055B3 L_1665          db 'vpmovsqb',0         ; ...
.data:080055BC L_1666          db 'vpmovsqd',0         ; ...
.data:080055C5 L_1667          db 'vpmovsqw',0         ; ...
.data:080055CE L_1668          db 'vpmovswb',0         ; ...
.data:080055D7 L_1669          db 'vpmovusdb',0        ; ...
.data:080055E1 L_1670          db 'vpmovusdw',0        ; ...
.data:080055EB L_1671          db 'vpmovusqb',0        ; ...
.data:080055F5 L_1672          db 'vpmovusqd',0        ; ...
.data:080055FF L_1673          db 'vpmovusqw',0        ; ...
.data:08005609 L_1674          db 'vpmovuswb',0        ; ...
.data:08005613 L_1675          db 'vpmovw2m',0         ; ...
.data:0800561C L_1676          db 'vpmovwb',0          ; ...
.data:08005624 L_1677          db 'vpmullq',0          ; ...
.data:0800562C L_1678          db 'vpmultishiftqb',0   ; ...
.data:0800563B L_1679          db 'vpord',0            ; ...
.data:08005641 L_1680          db 'vporq',0            ; ...
.data:08005647 L_1681          db 'vprold',0           ; ...
.data:0800564E L_1682          db 'vprolq',0           ; ...
.data:08005655 L_1683          db 'vprolvd',0          ; ...
.data:0800565D L_1684          db 'vprolvq',0          ; ...
.data:08005665 L_1685          db 'vprord',0           ; ...
.data:0800566C L_1686          db 'vprorq',0           ; ...
.data:08005673 L_1687          db 'vprorvd',0          ; ...
.data:0800567B L_1688          db 'vprorvq',0          ; ...
.data:08005683 L_1689          db 'vpscatterdd',0      ; ...
.data:0800568F L_1690          db 'vpscatterdq',0      ; ...
.data:0800569B L_1691          db 'vpscatterqd',0      ; ...
.data:080056A7 L_1692          db 'vpscatterqq',0      ; ...
.data:080056B3 L_1693          db 'vpsllvw',0          ; ...
.data:080056BB L_1694          db 'vpsraq',0           ; ...
.data:080056C2 L_1695          db 'vpsravq',0          ; ...
.data:080056CA L_1696          db 'vpsravw',0          ; ...
.data:080056D2 L_1697          db 'vpsrlvw',0          ; ...
.data:080056DA L_1698          db 'vpternlogd',0       ; ...
.data:080056E5 L_1699          db 'vpternlogq',0       ; ...
.data:080056F0 L_1700          db 'vptestmb',0         ; ...
.data:080056F9 L_1701          db 'vptestmd',0         ; ...
.data:08005702 L_1702          db 'vptestmq',0         ; ...
.data:0800570B L_1703          db 'vptestmw',0         ; ...
.data:08005714 L_1704          db 'vptestnmb',0        ; ...
.data:0800571E L_1705          db 'vptestnmd',0        ; ...
.data:08005728 L_1706          db 'vptestnmq',0        ; ...
.data:08005732 L_1707          db 'vptestnmw',0        ; ...
.data:0800573C L_1708          db 'vpxord',0           ; ...
.data:08005743 L_1709          db 'vpxorq',0           ; ...
.data:0800574A L_1710          db 'vrangepd',0         ; ...
.data:08005753 L_1711          db 'vrangeps',0         ; ...
.data:0800575C L_1712          db 'vrangesd',0         ; ...
.data:08005765 L_1713          db 'vrangess',0         ; ...
.data:0800576E L_1714          db 'vrcp14pd',0         ; ...
.data:08005777 L_1715          db 'vrcp14ps',0         ; ...
.data:08005780 L_1716          db 'vrcp14sd',0         ; ...
.data:08005789 L_1717          db 'vrcp14ss',0         ; ...
.data:08005792 L_1718          db 'vrcp28pd',0         ; ...
.data:0800579B L_1719          db 'vrcp28ps',0         ; ...
.data:080057A4 L_1720          db 'vrcp28sd',0         ; ...
.data:080057AD L_1721          db 'vrcp28ss',0         ; ...
.data:080057B6 L_1722          db 'vreducepd',0        ; ...
.data:080057C0 L_1723          db 'vreduceps',0        ; ...
.data:080057CA L_1724          db 'vreducesd',0        ; ...
.data:080057D4 L_1725          db 'vreducess',0        ; ...
.data:080057DE L_1726          db 'vrndscalepd',0      ; ...
.data:080057EA L_1727          db 'vrndscaleps',0      ; ...
.data:080057F6 L_1728          db 'vrndscalesd',0      ; ...
.data:08005802 L_1729          db 'vrndscaless',0      ; ...
.data:0800580E L_1730          db 'vrsqrt14pd',0       ; ...
.data:08005819 L_1731          db 'vrsqrt14ps',0       ; ...
.data:08005824 L_1732          db 'vrsqrt14sd',0       ; ...
.data:0800582F L_1733          db 'vrsqrt14ss',0       ; ...
.data:0800583A L_1734          db 'vrsqrt28pd',0       ; ...
.data:08005845 L_1735          db 'vrsqrt28ps',0       ; ...
.data:08005850 L_1736          db 'vrsqrt28sd',0       ; ...
.data:0800585B L_1737          db 'vrsqrt28ss',0       ; ...
.data:08005866 L_1738          db 'vscalefpd',0        ; ...
.data:08005870 L_1739          db 'vscalefps',0        ; ...
.data:0800587A L_1740          db 'vscalefsd',0        ; ...
.data:08005884 L_1741          db 'vscalefss',0        ; ...
.data:0800588E L_1742          db 'vscatterdpd',0      ; ...
.data:0800589A L_1743          db 'vscatterdps',0      ; ...
.data:080058A6 L_1744          db 'vscatterpf0dpd',0   ; ...
.data:080058B5 L_1745          db 'vscatterpf0dps',0   ; ...
.data:080058C4 L_1746          db 'vscatterpf0qpd',0   ; ...
.data:080058D3 L_1747          db 'vscatterpf0qps',0   ; ...
.data:080058E2 L_1748          db 'vscatterpf1dpd',0   ; ...
.data:080058F1 L_1749          db 'vscatterpf1dps',0   ; ...
.data:08005900 L_1750          db 'vscatterpf1qpd',0   ; ...
.data:0800590F L_1751          db 'vscatterpf1qps',0   ; ...
.data:0800591E L_1752          db 'vscatterqpd',0      ; ...
.data:0800592A L_1753          db 'vscatterqps',0      ; ...
.data:08005936 L_1754          db 'vshuff32x4',0       ; ...
.data:08005941 L_1755          db 'vshuff64x2',0       ; ...
.data:0800594C L_1756          db 'vshufi32x4',0       ; ...
.data:08005957 L_1757          db 'vshufi64x2',0       ; ...
.data:08005962 L_1758          db 'rdpkru',0           ; ...
.data:08005969 L_1759          db 'wrpkru',0           ; ...
.data:08005970 L_1760          db 'rdpid',0            ; ...
.data:08005976 L_1761          db 'clflushopt',0       ; ...
.data:08005981 L_1762          db 'clwb',0             ; ...
.data:08005986 L_1763          db 'pcommit',0          ; ...
.data:0800598E L_1764          db 'clzero',0           ; ...
.data:08005995 L_1765          db 'ptwrite',0          ; ...
.data:0800599D L_1766          db 'cldemote',0         ; ...
.data:080059A6 L_1767          db 'movdiri',0          ; ...
.data:080059AE L_1768          db 'movdir64b',0        ; ...
.data:080059B8 L_1769          db 'pconfig',0          ; ...
.data:080059C0 L_1770          db 'tpause',0           ; ...
.data:080059C7 L_1771          db 'umonitor',0         ; ...
.data:080059D0 L_1772          db 'umwait',0           ; ...
.data:080059D7 L_1773          db 'wbnoinvd',0         ; ...
.data:080059E0 L_1774          db 'gf2p8affineinvqb',0 ; ...
.data:080059F1 L_1775          db 'vgf2p8affineinvqb',0 ; ...
.data:08005A03 L_1776          db 'gf2p8affineqb',0    ; ...
.data:08005A11 L_1777          db 'vgf2p8affineqb',0   ; ...
.data:08005A20 L_1778          db 'gf2p8mulb',0        ; ...
.data:08005A2A L_1779          db 'vgf2p8mulb',0       ; ...
.data:08005A35 L_1780          db 'vpcompressb',0      ; ...
.data:08005A41 L_1781          db 'vpcompressw',0      ; ...
.data:08005A4D L_1782          db 'vpexpandb',0        ; ...
.data:08005A57 L_1783          db 'vpexpandw',0        ; ...
.data:08005A61 L_1784          db 'vpshldw',0          ; ...
.data:08005A69 L_1785          db 'vpshldd',0          ; ...
.data:08005A71 L_1786          db 'vpshldq',0          ; ...
.data:08005A79 L_1787          db 'vpshldvw',0         ; ...
.data:08005A82 L_1788          db 'vpshldvd',0         ; ...
.data:08005A8B L_1789          db 'vpshldvq',0         ; ...
.data:08005A94 L_1790          db 'vpshrdw',0          ; ...
.data:08005A9C L_1791          db 'vpshrdd',0          ; ...
.data:08005AA4 L_1792          db 'vpshrdq',0          ; ...
.data:08005AAC L_1793          db 'vpshrdvw',0         ; ...
.data:08005AB5 L_1794          db 'vpshrdvd',0         ; ...
.data:08005ABE L_1795          db 'vpshrdvq',0         ; ...
.data:08005AC7 L_1796          db 'vpdpbusd',0         ; ...
.data:08005AD0 L_1797          db 'vpdpbusds',0        ; ...
.data:08005ADA L_1798          db 'vpdpwssd',0         ; ...
.data:08005AE3 L_1799          db 'vpdpwssds',0        ; ...
.data:08005AED L_1800          db 'vpopcntb',0         ; ...
.data:08005AF6 L_1801          db 'vpopcntw',0         ; ...
.data:08005AFF L_1802          db 'vpopcntd',0         ; ...
.data:08005B08 L_1803          db 'vpopcntq',0         ; ...
.data:08005B11 L_1804          db 'vpshufbitqmb',0     ; ...
.data:08005B1E L_1805          db 'v4fmaddps',0        ; ...
.data:08005B28 L_1806          db 'v4fnmaddps',0       ; ...
.data:08005B33 L_1807          db 'v4fmaddss',0        ; ...
.data:08005B3D L_1808          db 'v4fnmaddss',0       ; ...
.data:08005B48 L_1809          db 'v4dpwssds',0        ; ...
.data:08005B52 L_1810          db 'v4dpwssd',0         ; ...
.data:08005B5B L_1811          db 'encls',0            ; ...
.data:08005B61 L_1812          db 'enclu',0            ; ...
.data:08005B67 L_1813          db 'enclv',0            ; ...
.data:08005B6D L_1814          db 'hint_nop0',0        ; ...
.data:08005B77 L_1815          db 'hint_nop1',0        ; ...
.data:08005B81 L_1816          db 'hint_nop2',0        ; ...
.data:08005B8B L_1817          db 'hint_nop3',0        ; ...
.data:08005B95 L_1818          db 'hint_nop4',0        ; ...
.data:08005B9F L_1819          db 'hint_nop5',0        ; ...
.data:08005BA9 L_1820          db 'hint_nop6',0        ; ...
.data:08005BB3 L_1821          db 'hint_nop7',0        ; ...
.data:08005BBD L_1822          db 'hint_nop8',0        ; ...
.data:08005BC7 L_1823          db 'hint_nop9',0        ; ...
.data:08005BD1 L_1824          db 'hint_nop10',0       ; ...
.data:08005BDC L_1825          db 'hint_nop11',0       ; ...
.data:08005BE7 L_1826          db 'hint_nop12',0       ; ...
.data:08005BF2 L_1827          db 'hint_nop13',0       ; ...
.data:08005BFD L_1828          db 'hint_nop14',0       ; ...
.data:08005C08 L_1829          db 'hint_nop15',0       ; ...
.data:08005C13 L_1830          db 'hint_nop16',0       ; ...
.data:08005C1E L_1831          db 'hint_nop17',0       ; ...
.data:08005C29 L_1832          db 'hint_nop18',0       ; ...
.data:08005C34 L_1833          db 'hint_nop19',0       ; ...
.data:08005C3F L_1834          db 'hint_nop20',0       ; ...
.data:08005C4A L_1835          db 'hint_nop21',0       ; ...
.data:08005C55 L_1836          db 'hint_nop22',0       ; ...
.data:08005C60 L_1837          db 'hint_nop23',0       ; ...
.data:08005C6B L_1838          db 'hint_nop24',0       ; ...
.data:08005C76 L_1839          db 'hint_nop25',0       ; ...
.data:08005C81 L_1840          db 'hint_nop26',0       ; ...
.data:08005C8C L_1841          db 'hint_nop27',0       ; ...
.data:08005C97 L_1842          db 'hint_nop28',0       ; ...
.data:08005CA2 L_1843          db 'hint_nop29',0       ; ...
.data:08005CAD L_1844          db 'hint_nop30',0       ; ...
.data:08005CB8 L_1845          db 'hint_nop31',0       ; ...
.data:08005CC3 L_1846          db 'hint_nop32',0       ; ...
.data:08005CCE L_1847          db 'hint_nop33',0       ; ...
.data:08005CD9 L_1848          db 'hint_nop34',0       ; ...
.data:08005CE4 L_1849          db 'hint_nop35',0       ; ...
.data:08005CEF L_1850          db 'hint_nop36',0       ; ...
.data:08005CFA L_1851          db 'hint_nop37',0       ; ...
.data:08005D05 L_1852          db 'hint_nop38',0       ; ...
.data:08005D10 L_1853          db 'hint_nop39',0       ; ...
.data:08005D1B L_1854          db 'hint_nop40',0       ; ...
.data:08005D26 L_1855          db 'hint_nop41',0       ; ...
.data:08005D31 L_1856          db 'hint_nop42',0       ; ...
.data:08005D3C L_1857          db 'hint_nop43',0       ; ...
.data:08005D47 L_1858          db 'hint_nop44',0       ; ...
.data:08005D52 L_1859          db 'hint_nop45',0       ; ...
.data:08005D5D L_1860          db 'hint_nop46',0       ; ...
.data:08005D68 L_1861          db 'hint_nop47',0       ; ...
.data:08005D73 L_1862          db 'hint_nop48',0       ; ...
.data:08005D7E L_1863          db 'hint_nop49',0       ; ...
.data:08005D89 L_1864          db 'hint_nop50',0       ; ...
.data:08005D94 L_1865          db 'hint_nop51',0       ; ...
.data:08005D9F L_1866          db 'hint_nop52',0       ; ...
.data:08005DAA L_1867          db 'hint_nop53',0       ; ...
.data:08005DB5 L_1868          db 'hint_nop54',0       ; ...
.data:08005DC0 L_1869          db 'hint_nop55',0       ; ...
.data:08005DCB L_1870          db 'hint_nop56',0       ; ...
.data:08005DD6 L_1871          db 'hint_nop57',0       ; ...
.data:08005DE1 L_1872          db 'hint_nop58',0       ; ...
.data:08005DEC L_1873          db 'hint_nop59',0       ; ...
.data:08005DF7 L_1874          db 'hint_nop60',0       ; ...
.data:08005E02 L_1875          db 'hint_nop61',0       ; ...
.data:08005E0D L_1876          db 'hint_nop62',0       ; ...
.data:08005E18 L_1877          db 'hint_nop63',0       ; ...
.data:08005E23 L_1878          db 'cmov',0             ; ...
.data:08005E28 L_1879          db 'j',0                ; ...
.data:08005E2A L_1880          db 'set',0              ; ...
.data:08005E2A _data           ends
.data:08005E2A
.bss:08005E30 ; ===========================================================================
.bss:08005E30
.bss:08005E30 ; Segment type: Zero-length
.bss:08005E30 ; Segment permissions: Read/Write
.bss:08005E30 _bss            segment dword public 'BSS' use32
.bss:08005E30 _bss            ends
.bss:08005E30
.bss:08005E30
.bss:08005E30                 end
