.text:08000000 ;
.text:08000000 ; +-------------------------------------------------------------------------+
.text:08000000 ; |   This file has been generated by The Interactive Disassembler (IDA)    |
.text:08000000 ; |           Copyright (c) 2018 Hex-Rays, <support@hex-rays.com>           |
.text:08000000 ; |                            Freeware version                             |
.text:08000000 ; +-------------------------------------------------------------------------+
.text:08000000 ;
.text:08000000 ; Input SHA256 : 2F33B24CD40224EC864BE28612E491D092F21A357114034CAE14A29D6CDAFFC0
.text:08000000 ; Input MD5    : 44089632C23D341460737DCE3E3AF9B2
.text:08000000 ; Input CRC32  : 65192E50
.text:08000000
.text:08000000 ; File Name   : C:\Users\90542\OneDrive\Masaüstü\nasm_214_c_o\md5c.o
.text:08000000 ; Format      : ELF for Intel 386 (Relocatable)
.text:08000000 ;
.text:08000000 ; Source File : 'md5c.c'
.text:08000000
.text:08000000                 .686p
.text:08000000                 .mmx
.text:08000000                 .model flat
.text:08000000 .intel_syntax noprefix
.text:08000000
.text:08000000 ; ===========================================================================
.text:08000000
.text:08000000 ; Segment type: Pure code
.text:08000000 ; Segment permissions: Read/Execute
.text:08000000 _text           segment dword public 'CODE' use32
.text:08000000                 assume cs:_text
.text:08000000                 ;org 8000000h
.text:08000000                 assume es:nothing, ss:nothing, ds:_text, fs:nothing, gs:nothing
.text:08000000
.text:08000000 ; =============== S U B R O U T I N E =======================================
.text:08000000
.text:08000000 ; Attributes: bp-based frame
.text:08000000
.text:08000000                 public MD5Init
.text:08000000 MD5Init         proc near
.text:08000000
.text:08000000 ctx             = dword ptr  8
.text:08000000
.text:08000000                 push    ebp             ; void MD5Init(MD5_CTX *ctx)
.text:08000001                 mov     ebp, esp
.text:08000003                 sub     esp, 0          ; #define MD5_HASHBYTES 16
.text:08000003                                         ;
.text:08000003                                         ; typedef struct MD5Context {
.text:08000003                                         ;     uint32_t buf[4];
.text:08000003                                         ;     uint32_t bits[2];
.text:08000003                                         ;     unsigned char in[64];
.text:08000003                                         ; } MD5_CTX;
.text:08000009                 nop
.text:0800000A                 mov     eax, [ebp+ctx]
.text:0800000D                 mov     ecx, 67452301h
.text:08000012                 mov     [eax], ecx      ; ctx->buf[0] = 0x67452301;
.text:08000014                 mov     eax, [ebp+ctx]
.text:08000017                 add     eax, 4
.text:0800001A                 mov     ecx, 0EFCDAB89h
.text:0800001F                 mov     [eax], ecx      ; ctx->buf[1] = 0xefcdab89;
.text:08000021                 mov     eax, [ebp+ctx]
.text:08000024                 add     eax, 8
.text:08000027                 mov     ecx, 98BADCFEh
.text:0800002C                 mov     [eax], ecx      ; ctx->buf[2] = 0x98badcfe;
.text:0800002E                 mov     eax, [ebp+ctx]
.text:08000031                 add     eax, 0Ch
.text:08000034                 mov     ecx, 10325476h
.text:08000039                 mov     [eax], ecx      ; ctx->buf[3] = 0x10325476;
.text:0800003B                 mov     eax, [ebp+ctx]
.text:0800003E                 add     eax, 16
.text:08000041                 mov     ecx, 0
.text:08000046                 mov     [eax], ecx      ; ctx->bits[0] = 0;
.text:08000048                 mov     eax, [ebp+ctx]
.text:0800004B                 add     eax, 16
.text:0800004E                 add     eax, 4
.text:08000051                 mov     ecx, 0
.text:08000056                 mov     [eax], ecx      ; ctx->bits[1] = 0;
.text:08000058                 leave
.text:08000059                 retn
.text:08000059 MD5Init         endp
.text:08000059
.text:0800005A
.text:0800005A ; =============== S U B R O U T I N E =======================================
.text:0800005A
.text:0800005A ; Attributes: bp-based frame
.text:0800005A
.text:0800005A                 public MD5Update
.text:0800005A MD5Update       proc near
.text:0800005A
.text:0800005A p               = dword ptr -8
.text:0800005A t               = dword ptr -4
.text:0800005A ctx             = dword ptr  8
.text:0800005A buf             = dword ptr  0Ch
.text:0800005A len             = dword ptr  10h
.text:0800005A
.text:0800005A                 push    ebp             ; void MD5Update(MD5_CTX *ctx, unsigned char const *buf, unsigned len)
.text:0800005B                 mov     ebp, esp
.text:0800005D                 sub     esp, 8
.text:08000063                 nop
.text:08000064                 mov     eax, [ebp+ctx]
.text:08000067                 add     eax, 16
.text:0800006A                 mov     ecx, [eax]
.text:0800006C                 mov     [ebp+t], ecx    ; t = ctx->bits[0];
.text:0800006F                 mov     eax, [ebp+ctx]
.text:08000072                 add     eax, 16
.text:08000075                 mov     ecx, [ebp+len]
.text:08000078                 shl     ecx, 3
.text:0800007B                 mov     edx, [ebp+t]    ; uint32_t t;
.text:0800007E                 add     edx, ecx
.text:08000080                 mov     [eax], edx
.text:08000082                 mov     eax, [ebp+t]
.text:08000085                 cmp     edx, eax        ; if ((ctx->bits[0] = t + ((uint32_t) len << 3)) < t)
.text:08000087                 jnb     mu_1
.text:0800008D                 mov     eax, [ebp+ctx]
.text:08000090                 add     eax, 16
.text:08000093                 add     eax, 4
.text:08000096                 mov     ecx, [eax]      ; ctx->bits[1]++;
.text:08000098                 mov     edx, ecx
.text:0800009A                 inc     ecx
.text:0800009B                 mov     [eax], ecx
.text:0800009D
.text:0800009D mu_1:                                   ; ...
.text:0800009D                 mov     eax, [ebp+ctx]  ; ctx->bits[1] += len >> 29;
.text:080000A0                 add     eax, 16
.text:080000A3                 add     eax, 4
.text:080000A6                 mov     ecx, [ebp+len]
.text:080000A9                 shr     ecx, 29
.text:080000AC                 mov     edx, [eax]
.text:080000AE                 add     edx, ecx
.text:080000B0                 mov     [eax], edx
.text:080000B2                 mov     eax, [ebp+t]    ; t = (t >> 3) & 0x3f;
.text:080000B5                 shr     eax, 3
.text:080000B8                 and     eax, 63
.text:080000BB                 mov     [ebp+t], eax
.text:080000BE                 mov     eax, [ebp+t]    ; if (t) {
.text:080000C1                 cmp     eax, 0
.text:080000C4                 jz      mu_3
.text:080000CA                 mov     eax, [ebp+ctx]
.text:080000CD                 add     eax, 24
.text:080000D0                 mov     ecx, [ebp+t]
.text:080000D3                 add     eax, ecx
.text:080000D5                 mov     [ebp+p], eax    ; unsigned char *p = (unsigned char *) ctx->in + t;
.text:080000D8                 mov     eax, 64
.text:080000DD                 mov     ecx, [ebp+t]
.text:080000E0                 sub     eax, ecx        ; t = 64 - t;
.text:080000E2                 mov     [ebp+t], eax
.text:080000E5                 mov     eax, [ebp+len]  ; if (len < t) {
.text:080000E8                 mov     ecx, [ebp+t]
.text:080000EB                 cmp     eax, ecx
.text:080000ED                 jnb     mu_2
.text:080000F3                 mov     eax, [ebp+len]
.text:080000F6                 push    eax
.text:080000F7                 mov     eax, [ebp+buf]
.text:080000FA                 push    eax
.text:080000FB                 mov     eax, [ebp+p]
.text:080000FE                 push    eax
.text:080000FF                 call    memcpy          ; memcpy(p, buf, len);
.text:08000104                 add     esp, 12
.text:08000107                 jmp     mu_5            ; return;
.text:0800010C ; ---------------------------------------------------------------------------
.text:0800010C
.text:0800010C mu_2:                                   ; ...
.text:0800010C                 mov     eax, [ebp+t]
.text:0800010F                 push    eax
.text:08000110                 mov     eax, [ebp+buf]
.text:08000113                 push    eax
.text:08000114                 mov     eax, [ebp+p]
.text:08000117                 push    eax
.text:08000118                 call    memcpy          ; memcpy(p, buf, t);
.text:0800011D                 add     esp, 12
.text:08000120                 mov     eax, [ebp+ctx]  ; ctx->buf
.text:08000123                 mov     ecx, [ebp+ctx]
.text:08000126                 add     ecx, 24         ; ctx->in
.text:08000129                 push    ecx
.text:0800012A                 push    eax
.text:0800012B                 call    MD5Transform    ; MD5Transform(ctx->buf, (uint32_t *) ctx->in);
.text:08000130                 add     esp, 8
.text:08000133                 mov     eax, [ebp+t]
.text:08000136                 mov     ecx, [ebp+buf]
.text:08000139                 add     ecx, eax
.text:0800013B                 mov     [ebp+buf], ecx  ; buf += t;
.text:0800013E                 mov     eax, [ebp+len]
.text:08000141                 mov     ecx, [ebp+t]
.text:08000144                 sub     eax, ecx
.text:08000146                 mov     [ebp+len], eax  ; len -= t;
.text:08000149
.text:08000149 mu_3:                                   ; ...
.text:08000149                 mov     eax, [ebp+len]  ; while (len >= 64) {
.text:0800014C                 cmp     eax, 64
.text:0800014F                 jb      mu_4
.text:08000155                 mov     eax, [ebp+ctx]
.text:08000158                 add     eax, 24
.text:0800015B                 mov     ecx, 64
.text:08000160                 push    ecx
.text:08000161                 mov     ecx, [ebp+buf]
.text:08000164                 push    ecx
.text:08000165                 push    eax
.text:08000166                 call    memcpy          ; memcpy(ctx->in, buf, 64);
.text:0800016B                 add     esp, 12
.text:0800016E                 mov     eax, [ebp+ctx]
.text:08000171                 mov     ecx, [ebp+ctx]
.text:08000174                 add     ecx, 24
.text:08000177                 push    ecx
.text:08000178                 push    eax
.text:08000179                 call    MD5Transform    ; MD5Transform(ctx->buf, (uint32_t *) ctx->in);
.text:0800017E                 add     esp, 8
.text:08000181                 mov     eax, [ebp+buf]
.text:08000184                 add     eax, 64
.text:08000187                 mov     [ebp+buf], eax  ; buf += 64;
.text:0800018A                 mov     eax, [ebp+len]
.text:0800018D                 sub     eax, 64
.text:08000190                 mov     [ebp+len], eax  ; len -= 64;
.text:08000193                 jmp     short mu_3
.text:08000195 ; ---------------------------------------------------------------------------
.text:08000195
.text:08000195 mu_4:                                   ; ...
.text:08000195                 mov     eax, [ebp+ctx]
.text:08000198                 add     eax, 24
.text:0800019B                 mov     ecx, [ebp+len]
.text:0800019E                 push    ecx
.text:0800019F                 mov     ecx, [ebp+buf]
.text:080001A2                 push    ecx
.text:080001A3                 push    eax
.text:080001A4                 call    memcpy          ; memcpy(ctx->in, buf, len);
.text:080001A9                 add     esp, 12
.text:080001AC
.text:080001AC mu_5:                                   ; ...
.text:080001AC                 leave
.text:080001AD                 retn
.text:080001AD MD5Update       endp
.text:080001AD
.text:080001AE
.text:080001AE ; =============== S U B R O U T I N E =======================================
.text:080001AE
.text:080001AE ; Attributes: bp-based frame
.text:080001AE
.text:080001AE                 public MD5Final
.text:080001AE MD5Final        proc near
.text:080001AE
.text:080001AE p               = dword ptr -8
.text:080001AE count           = dword ptr -4
.text:080001AE digest          = dword ptr  8
.text:080001AE ctx             = dword ptr  0Ch
.text:080001AE
.text:080001AE                 push    ebp             ; void MD5Final(unsigned char digest[16], MD5_CTX *ctx)
.text:080001AF                 mov     ebp, esp
.text:080001B1                 sub     esp, 8          ; unsigned count;
.text:080001B7                 nop                     ; unsigned char *p;
.text:080001B8                 mov     eax, [ebp+ctx]
.text:080001BB                 add     eax, 16
.text:080001BE                 mov     ecx, [eax]
.text:080001C0                 shr     ecx, 3
.text:080001C3                 and     ecx, 3Fh
.text:080001C6                 mov     [ebp+count], ecx ; count = (ctx->bits[0] >> 3) & 0x3F;
.text:080001C9                 mov     eax, [ebp+ctx]
.text:080001CC                 add     eax, 24
.text:080001CF                 mov     ecx, [ebp+count]
.text:080001D2                 add     eax, ecx
.text:080001D4                 mov     [ebp+p], eax    ; p = ctx->in + count;
.text:080001D7                 mov     eax, [ebp+p]
.text:080001DA                 mov     ecx, eax
.text:080001DC                 inc     eax
.text:080001DD                 mov     [ebp+p], eax
.text:080001E0                 mov     eax, 80h
.text:080001E5                 mov     [ecx], al       ; *p++ = 0x80;
.text:080001E7                 mov     eax, 63
.text:080001EC                 mov     ecx, [ebp+count]
.text:080001EF                 sub     eax, ecx
.text:080001F1                 mov     [ebp+count], eax ; count = 64 - 1 - count;
.text:080001F4                 mov     eax, [ebp+count]
.text:080001F7                 cmp     eax, 8          ; if (count < 8) {
.text:080001FA                 jnb     mf_1
.text:08000200                 mov     eax, [ebp+count]
.text:08000203                 push    eax
.text:08000204                 mov     eax, 0
.text:08000209                 push    eax
.text:0800020A                 mov     eax, [ebp+p]
.text:0800020D                 push    eax
.text:0800020E                 call    memset          ; memset(p, 0, count);
.text:08000213                 add     esp, 12
.text:08000216                 mov     eax, [ebp+ctx]
.text:08000219                 mov     ecx, [ebp+ctx]
.text:0800021C                 add     ecx, 18h
.text:0800021F                 push    ecx
.text:08000220                 push    eax
.text:08000221                 call    MD5Transform    ; MD5Transform(ctx->buf, (uint32_t *) ctx->in);
.text:08000226                 add     esp, 8
.text:08000229                 mov     eax, [ebp+ctx]
.text:0800022C                 add     eax, 24
.text:0800022F                 mov     ecx, 56
.text:08000234                 push    ecx
.text:08000235                 mov     ecx, 0
.text:0800023A                 push    ecx
.text:0800023B                 push    eax
.text:0800023C                 call    memset          ; memset(ctx->in, 0, 56);
.text:08000241                 add     esp, 12
.text:08000244                 jmp     mf_2
.text:08000249 ; ---------------------------------------------------------------------------
.text:08000249
.text:08000249 mf_1:                                   ; ...
.text:08000249                 mov     eax, [ebp+count] ; } else {
.text:0800024C                 sub     eax, 8
.text:0800024F                 push    eax
.text:08000250                 mov     eax, 0
.text:08000255                 push    eax
.text:08000256                 mov     eax, [ebp+p]
.text:08000259                 push    eax
.text:0800025A                 call    memset          ; memset(p, 0, count - 8);
.text:0800025F                 add     esp, 12
.text:08000262
.text:08000262 mf_2:                                   ; ...
.text:08000262                 mov     eax, [ebp+ctx]
.text:08000265                 add     eax, 24
.text:08000268                 add     eax, 56         ; ctx->in)[14]
.text:0800026B                 mov     ecx, [ebp+ctx]
.text:0800026E                 add     ecx, 16         ; ctx->bits[0]
.text:08000271                 mov     edx, [ecx]
.text:08000273                 mov     [eax], edx      ; ((uint32_t *) ctx->in)[14] = ctx->bits[0];
.text:08000275                 mov     eax, [ebp+ctx]
.text:08000278                 add     eax, 24
.text:0800027B                 add     eax, 60         ; ctx->in)[15]
.text:0800027E                 mov     ecx, [ebp+ctx]
.text:08000281                 add     ecx, 16
.text:08000284                 add     ecx, 4          ; ctx->bits[1]
.text:08000287                 mov     edx, [ecx]
.text:08000289                 mov     [eax], edx      ; ((uint32_t *) ctx->in)[15] = ctx->bits[1];
.text:0800028B                 mov     eax, [ebp+ctx]
.text:0800028E                 mov     ecx, [ebp+ctx]
.text:08000291                 add     ecx, 24
.text:08000294                 push    ecx
.text:08000295                 push    eax
.text:08000296                 call    MD5Transform    ; MD5Transform(ctx->buf, (uint32_t *) ctx->in);
.text:0800029B                 add     esp, 8
.text:0800029E                 mov     eax, [ebp+ctx]
.text:080002A1                 mov     ecx, 16
.text:080002A6                 push    ecx
.text:080002A7                 push    eax
.text:080002A8                 mov     eax, [ebp+digest]
.text:080002AB                 push    eax
.text:080002AC                 call    memcpy          ; memcpy(digest, ctx->buf, 16);
.text:080002B1                 add     esp, 12
.text:080002B4                 mov     eax, 88         ; sizeof(*ctx)
.text:080002B9                 push    eax
.text:080002BA                 mov     eax, 0
.text:080002BF                 push    eax
.text:080002C0                 mov     eax, [ebp+ctx]
.text:080002C3                 push    eax
.text:080002C4                 call    memset          ; memset((char *) ctx, 0, sizeof(*ctx));
.text:080002C9                 add     esp, 12
.text:080002CC                 leave
.text:080002CD                 retn
.text:080002CD MD5Final        endp
.text:080002CD
.text:080002CE
.text:080002CE ; =============== S U B R O U T I N E =======================================
.text:080002CE
.text:080002CE ; Attributes: bp-based frame
.text:080002CE
.text:080002CE                 public MD5Transform
.text:080002CE MD5Transform    proc near               ; ...
.text:080002CE
.text:080002CE d               = dword ptr -10h
.text:080002CE c               = dword ptr -0Ch
.text:080002CE b               = dword ptr -8
.text:080002CE a               = dword ptr -4
.text:080002CE buf             = dword ptr  8
.text:080002CE in              = dword ptr  0Ch
.text:080002CE
.text:080002CE                 push    ebp             ; void MD5Transform(uint32_t buf[4], uint32_t const in[16])
.text:080002CF                 mov     ebp, esp        ; /* The four core functions - F1 is optimized somewhat */
.text:080002CF                                         ;
.text:080002CF                                         ; /* #define F1(x, y, z) (x & y | ~x & z) */
.text:080002CF                                         ; #define F1(x, y, z) (z ^ (x & (y ^ z)))
.text:080002CF                                         ; #define F2(x, y, z) F1(z, x, y)
.text:080002CF                                         ; #define F3(x, y, z) (x ^ y ^ z)
.text:080002CF                                         ; #define F4(x, y, z) (y ^ (x | ~z))
.text:080002CF                                         ;
.text:080002CF                                         ; /* This is the central step in the MD5 algorithm. */
.text:080002CF                                         ; #define MD5STEP(f, w, x, y, z, data, s) \
.text:080002CF                                         ; ( w += f(x, y, z) + data,  w = w<<s | w>>(32-s),  w += x )
.text:080002D1                 sub     esp, 16
.text:080002D7                 nop                     ; register uint32_t a, b, c, d;
.text:080002D8                 mov     eax, [ebp+buf]
.text:080002DB                 mov     ecx, [eax]
.text:080002DD                 mov     [ebp+a], ecx    ; a = buf[0];
.text:080002E0                 mov     eax, [ebp+buf]
.text:080002E3                 add     eax, 4
.text:080002E6                 mov     ecx, [eax]
.text:080002E8                 mov     [ebp+b], ecx    ; b = buf[1];
.text:080002EB                 mov     eax, [ebp+buf]
.text:080002EE                 add     eax, 8
.text:080002F1                 mov     ecx, [eax]
.text:080002F3                 mov     [ebp+c], ecx    ; c = buf[2];
.text:080002F6                 mov     eax, [ebp+buf]
.text:080002F9                 add     eax, 12
.text:080002FC                 mov     ecx, [eax]
.text:080002FE                 mov     [ebp+d], ecx    ; d = buf[3];
.text:08000301                 mov     eax, [ebp+c]    ; F1(x, y, z) = (z ^ (x & (y ^ z)))
.text:08000304                 mov     ecx, [ebp+d]    ; z
.text:08000307                 xor     eax, ecx        ; y ^ z
.text:08000309                 mov     ecx, [ebp+b]    ; x
.text:0800030C                 and     ecx, eax        ; x & (y ^ z)
.text:0800030E                 mov     eax, [ebp+d]
.text:08000311                 xor     eax, ecx        ; z ^ (x & (y ^ z))
.text:08000313                 mov     ecx, [ebp+in]
.text:08000316                 mov     edx, [ecx]      ; in[0]
.text:08000318                 add     eax, edx
.text:0800031A                 add     eax, 0D76AA478h ; in[0] + 0xd76aa478
.text:08000320                 mov     ecx, [ebp+a]
.text:08000323                 add     ecx, eax
.text:08000325                 mov     [ebp+a], ecx    ; w += f(x, y, z) + data
.text:08000328                 mov     eax, [ebp+a]
.text:0800032B                 shl     eax, 7          ; w = w<<s
.text:0800032E                 mov     ecx, [ebp+a]
.text:08000331                 shr     ecx, 25
.text:08000334                 or      eax, ecx        ; | w>>(32-s)
.text:08000336                 mov     [ebp+a], eax
.text:08000339                 mov     eax, [ebp+a]
.text:0800033C                 mov     ecx, [ebp+b]
.text:0800033F                 add     eax, ecx        ; w += x
.text:08000341                 mov     [ebp+a], eax    ; MD5STEP(F1, a, b, c, d, in[0] + 0xd76aa478, 7);
.text:08000344                 mov     eax, [ebp+b]
.text:08000347                 mov     ecx, [ebp+c]
.text:0800034A                 xor     eax, ecx
.text:0800034C                 mov     ecx, [ebp+a]
.text:0800034F                 and     ecx, eax
.text:08000351                 mov     eax, [ebp+c]
.text:08000354                 xor     eax, ecx
.text:08000356                 mov     ecx, [ebp+in]
.text:08000359                 add     ecx, 4
.text:0800035C                 mov     edx, [ecx]
.text:0800035E                 add     eax, edx
.text:08000360                 add     eax, 0E8C7B756h
.text:08000366                 mov     ecx, [ebp+d]
.text:08000369                 add     ecx, eax
.text:0800036B                 mov     [ebp+d], ecx
.text:0800036E                 mov     eax, [ebp+d]
.text:08000371                 shl     eax, 12
.text:08000374                 mov     ecx, [ebp+d]
.text:08000377                 shr     ecx, 20
.text:0800037A                 or      eax, ecx
.text:0800037C                 mov     [ebp+d], eax
.text:0800037F                 mov     eax, [ebp+d]
.text:08000382                 mov     ecx, [ebp+a]
.text:08000385                 add     eax, ecx
.text:08000387                 mov     [ebp+d], eax    ; MD5STEP(F1, d, a, b, c, in[1] + 0xe8c7b756, 12);
.text:0800038A                 mov     eax, [ebp+a]
.text:0800038D                 mov     ecx, [ebp+b]
.text:08000390                 xor     eax, ecx
.text:08000392                 mov     ecx, [ebp+d]
.text:08000395                 and     ecx, eax
.text:08000397                 mov     eax, [ebp+b]
.text:0800039A                 xor     eax, ecx
.text:0800039C                 mov     ecx, [ebp+in]
.text:0800039F                 add     ecx, 8
.text:080003A2                 mov     edx, [ecx]
.text:080003A4                 add     eax, edx
.text:080003A6                 add     eax, 242070DBh
.text:080003AC                 mov     ecx, [ebp+c]
.text:080003AF                 add     ecx, eax
.text:080003B1                 mov     [ebp+c], ecx
.text:080003B4                 mov     eax, [ebp+c]
.text:080003B7                 shl     eax, 17
.text:080003BA                 mov     ecx, [ebp+c]
.text:080003BD                 shr     ecx, 15
.text:080003C0                 or      eax, ecx
.text:080003C2                 mov     [ebp+c], eax
.text:080003C5                 mov     eax, [ebp+c]
.text:080003C8                 mov     ecx, [ebp+d]
.text:080003CB                 add     eax, ecx
.text:080003CD                 mov     [ebp+c], eax    ; MD5STEP(F1, c, d, a, b, in[2] + 0x242070db, 17);
.text:080003D0                 mov     eax, [ebp+d]
.text:080003D3                 mov     ecx, [ebp+a]
.text:080003D6                 xor     eax, ecx
.text:080003D8                 mov     ecx, [ebp+c]
.text:080003DB                 and     ecx, eax
.text:080003DD                 mov     eax, [ebp+a]
.text:080003E0                 xor     eax, ecx
.text:080003E2                 mov     ecx, [ebp+in]
.text:080003E5                 add     ecx, 12
.text:080003E8                 mov     edx, [ecx]
.text:080003EA                 add     eax, edx
.text:080003EC                 add     eax, 0C1BDCEEEh
.text:080003F2                 mov     ecx, [ebp+b]
.text:080003F5                 add     ecx, eax
.text:080003F7                 mov     [ebp+b], ecx
.text:080003FA                 mov     eax, [ebp+b]
.text:080003FD                 shl     eax, 22
.text:08000400                 mov     ecx, [ebp+b]
.text:08000403                 shr     ecx, 10
.text:08000406                 or      eax, ecx
.text:08000408                 mov     [ebp+b], eax
.text:0800040B                 mov     eax, [ebp+b]
.text:0800040E                 mov     ecx, [ebp+c]
.text:08000411                 add     eax, ecx
.text:08000413                 mov     [ebp+b], eax    ; MD5STEP(F1, b, c, d, a, in[3] + 0xc1bdceee, 22);
.text:08000416                 mov     eax, [ebp+c]
.text:08000419                 mov     ecx, [ebp+d]
.text:0800041C                 xor     eax, ecx
.text:0800041E                 mov     ecx, [ebp+b]
.text:08000421                 and     ecx, eax
.text:08000423                 mov     eax, [ebp+d]
.text:08000426                 xor     eax, ecx
.text:08000428                 mov     ecx, [ebp+in]
.text:0800042B                 add     ecx, 16
.text:0800042E                 mov     edx, [ecx]
.text:08000430                 add     eax, edx
.text:08000432                 add     eax, 0F57C0FAFh
.text:08000438                 mov     ecx, [ebp+a]
.text:0800043B                 add     ecx, eax
.text:0800043D                 mov     [ebp+a], ecx
.text:08000440                 mov     eax, [ebp+a]
.text:08000443                 shl     eax, 7
.text:08000446                 mov     ecx, [ebp+a]
.text:08000449                 shr     ecx, 25
.text:0800044C                 or      eax, ecx
.text:0800044E                 mov     [ebp+a], eax    ; MD5STEP(F1, a, b, c, d, in[4] + 0xf57c0faf, 7);
.text:08000451                 mov     eax, [ebp+a]
.text:08000454                 mov     ecx, [ebp+b]
.text:08000457                 add     eax, ecx
.text:08000459                 mov     [ebp+a], eax
.text:0800045C                 mov     eax, [ebp+b]
.text:0800045F                 mov     ecx, [ebp+c]
.text:08000462                 xor     eax, ecx
.text:08000464                 mov     ecx, [ebp+a]
.text:08000467                 and     ecx, eax
.text:08000469                 mov     eax, [ebp+c]
.text:0800046C                 xor     eax, ecx
.text:0800046E                 mov     ecx, [ebp+in]
.text:08000471                 add     ecx, 20
.text:08000474                 mov     edx, [ecx]
.text:08000476                 add     eax, edx
.text:08000478                 add     eax, 4787C62Ah
.text:0800047E                 mov     ecx, [ebp+d]
.text:08000481                 add     ecx, eax
.text:08000483                 mov     [ebp+d], ecx
.text:08000486                 mov     eax, [ebp+d]
.text:08000489                 shl     eax, 12
.text:0800048C                 mov     ecx, [ebp+d]
.text:0800048F                 shr     ecx, 20
.text:08000492                 or      eax, ecx
.text:08000494                 mov     [ebp+d], eax
.text:08000497                 mov     eax, [ebp+d]
.text:0800049A                 mov     ecx, [ebp+a]
.text:0800049D                 add     eax, ecx
.text:0800049F                 mov     [ebp+d], eax    ; MD5STEP(F1, d, a, b, c, in[5] + 0x4787c62a, 12);
.text:080004A2                 mov     eax, [ebp+a]
.text:080004A5                 mov     ecx, [ebp+b]
.text:080004A8                 xor     eax, ecx
.text:080004AA                 mov     ecx, [ebp+d]
.text:080004AD                 and     ecx, eax
.text:080004AF                 mov     eax, [ebp+b]
.text:080004B2                 xor     eax, ecx
.text:080004B4                 mov     ecx, [ebp+in]
.text:080004B7                 add     ecx, 24
.text:080004BA                 mov     edx, [ecx]
.text:080004BC                 add     eax, edx
.text:080004BE                 add     eax, 0A8304613h
.text:080004C4                 mov     ecx, [ebp+c]
.text:080004C7                 add     ecx, eax
.text:080004C9                 mov     [ebp+c], ecx
.text:080004CC                 mov     eax, [ebp+c]
.text:080004CF                 shl     eax, 17
.text:080004D2                 mov     ecx, [ebp+c]
.text:080004D5                 shr     ecx, 15
.text:080004D8                 or      eax, ecx
.text:080004DA                 mov     [ebp+c], eax
.text:080004DD                 mov     eax, [ebp+c]
.text:080004E0                 mov     ecx, [ebp+d]
.text:080004E3                 add     eax, ecx
.text:080004E5                 mov     [ebp+c], eax    ; MD5STEP(F1, c, d, a, b, in[6] + 0xa8304613, 17);
.text:080004E8                 mov     eax, [ebp+d]
.text:080004EB                 mov     ecx, [ebp+a]
.text:080004EE                 xor     eax, ecx
.text:080004F0                 mov     ecx, [ebp+c]
.text:080004F3                 and     ecx, eax
.text:080004F5                 mov     eax, [ebp+a]
.text:080004F8                 xor     eax, ecx
.text:080004FA                 mov     ecx, [ebp+in]
.text:080004FD                 add     ecx, 28
.text:08000500                 mov     edx, [ecx]
.text:08000502                 add     eax, edx
.text:08000504                 add     eax, 0FD469501h
.text:0800050A                 mov     ecx, [ebp+b]
.text:0800050D                 add     ecx, eax
.text:0800050F                 mov     [ebp+b], ecx
.text:08000512                 mov     eax, [ebp+b]
.text:08000515                 shl     eax, 22
.text:08000518                 mov     ecx, [ebp+b]
.text:0800051B                 shr     ecx, 10
.text:0800051E                 or      eax, ecx
.text:08000520                 mov     [ebp+b], eax
.text:08000523                 mov     eax, [ebp+b]
.text:08000526                 mov     ecx, [ebp+c]
.text:08000529                 add     eax, ecx
.text:0800052B                 mov     [ebp+b], eax    ; MD5STEP(F1, b, c, d, a, in[7] + 0xfd469501, 22);
.text:0800052E                 mov     eax, [ebp+c]
.text:08000531                 mov     ecx, [ebp+d]
.text:08000534                 xor     eax, ecx
.text:08000536                 mov     ecx, [ebp+b]
.text:08000539                 and     ecx, eax
.text:0800053B                 mov     eax, [ebp+d]
.text:0800053E                 xor     eax, ecx
.text:08000540                 mov     ecx, [ebp+in]
.text:08000543                 add     ecx, 32
.text:08000546                 mov     edx, [ecx]
.text:08000548                 add     eax, edx
.text:0800054A                 add     eax, 698098D8h
.text:08000550                 mov     ecx, [ebp+a]
.text:08000553                 add     ecx, eax
.text:08000555                 mov     [ebp+a], ecx
.text:08000558                 mov     eax, [ebp+a]
.text:0800055B                 shl     eax, 7
.text:0800055E                 mov     ecx, [ebp+a]
.text:08000561                 shr     ecx, 25
.text:08000564                 or      eax, ecx
.text:08000566                 mov     [ebp+a], eax
.text:08000569                 mov     eax, [ebp+a]
.text:0800056C                 mov     ecx, [ebp+b]
.text:0800056F                 add     eax, ecx
.text:08000571                 mov     [ebp+a], eax    ; MD5STEP(F1, a, b, c, d, in[8] + 0x698098d8, 7);
.text:08000574                 mov     eax, [ebp+b]
.text:08000577                 mov     ecx, [ebp+c]
.text:0800057A                 xor     eax, ecx
.text:0800057C                 mov     ecx, [ebp+a]
.text:0800057F                 and     ecx, eax
.text:08000581                 mov     eax, [ebp+c]
.text:08000584                 xor     eax, ecx
.text:08000586                 mov     ecx, [ebp+in]
.text:08000589                 add     ecx, 36
.text:0800058C                 mov     edx, [ecx]
.text:0800058E                 add     eax, edx
.text:08000590                 add     eax, 8B44F7AFh
.text:08000596                 mov     ecx, [ebp+d]
.text:08000599                 add     ecx, eax
.text:0800059B                 mov     [ebp+d], ecx
.text:0800059E                 mov     eax, [ebp+d]
.text:080005A1                 shl     eax, 12
.text:080005A4                 mov     ecx, [ebp+d]
.text:080005A7                 shr     ecx, 20
.text:080005AA                 or      eax, ecx
.text:080005AC                 mov     [ebp+d], eax
.text:080005AF                 mov     eax, [ebp+d]
.text:080005B2                 mov     ecx, [ebp+a]
.text:080005B5                 add     eax, ecx
.text:080005B7                 mov     [ebp+d], eax    ; MD5STEP(F1, d, a, b, c, in[9] + 0x8b44f7af, 12);
.text:080005BA                 mov     eax, [ebp+a]
.text:080005BD                 mov     ecx, [ebp+b]
.text:080005C0                 xor     eax, ecx
.text:080005C2                 mov     ecx, [ebp+d]
.text:080005C5                 and     ecx, eax
.text:080005C7                 mov     eax, [ebp+b]
.text:080005CA                 xor     eax, ecx
.text:080005CC                 mov     ecx, [ebp+in]
.text:080005CF                 add     ecx, 40
.text:080005D2                 mov     edx, [ecx]
.text:080005D4                 add     eax, edx
.text:080005D6                 add     eax, 0FFFF5BB1h
.text:080005DC                 mov     ecx, [ebp+c]
.text:080005DF                 add     ecx, eax
.text:080005E1                 mov     [ebp+c], ecx
.text:080005E4                 mov     eax, [ebp+c]
.text:080005E7                 shl     eax, 17
.text:080005EA                 mov     ecx, [ebp+c]
.text:080005ED                 shr     ecx, 15
.text:080005F0                 or      eax, ecx
.text:080005F2                 mov     [ebp+c], eax
.text:080005F5                 mov     eax, [ebp+c]
.text:080005F8                 mov     ecx, [ebp+d]
.text:080005FB                 add     eax, ecx
.text:080005FD                 mov     [ebp+c], eax    ; MD5STEP(F1, c, d, a, b, in[10] + 0xffff5bb1, 17);
.text:08000600                 mov     eax, [ebp+d]
.text:08000603                 mov     ecx, [ebp+a]
.text:08000606                 xor     eax, ecx
.text:08000608                 mov     ecx, [ebp+c]
.text:0800060B                 and     ecx, eax
.text:0800060D                 mov     eax, [ebp+a]
.text:08000610                 xor     eax, ecx
.text:08000612                 mov     ecx, [ebp+in]
.text:08000615                 add     ecx, 44
.text:08000618                 mov     edx, [ecx]
.text:0800061A                 add     eax, edx
.text:0800061C                 add     eax, 895CD7BEh
.text:08000622                 mov     ecx, [ebp+b]
.text:08000625                 add     ecx, eax
.text:08000627                 mov     [ebp+b], ecx
.text:0800062A                 mov     eax, [ebp+b]
.text:0800062D                 shl     eax, 22
.text:08000630                 mov     ecx, [ebp+b]
.text:08000633                 shr     ecx, 10
.text:08000636                 or      eax, ecx
.text:08000638                 mov     [ebp+b], eax
.text:0800063B                 mov     eax, [ebp+b]
.text:0800063E                 mov     ecx, [ebp+c]
.text:08000641                 add     eax, ecx
.text:08000643                 mov     [ebp+b], eax    ; MD5STEP(F1, b, c, d, a, in[11] + 0x895cd7be, 22);
.text:08000646                 mov     eax, [ebp+c]
.text:08000649                 mov     ecx, [ebp+d]
.text:0800064C                 xor     eax, ecx
.text:0800064E                 mov     ecx, [ebp+b]
.text:08000651                 and     ecx, eax
.text:08000653                 mov     eax, [ebp+d]
.text:08000656                 xor     eax, ecx
.text:08000658                 mov     ecx, [ebp+in]
.text:0800065B                 add     ecx, 48
.text:0800065E                 mov     edx, [ecx]
.text:08000660                 add     eax, edx
.text:08000662                 add     eax, 6B901122h
.text:08000668                 mov     ecx, [ebp+a]
.text:0800066B                 add     ecx, eax
.text:0800066D                 mov     [ebp+a], ecx
.text:08000670                 mov     eax, [ebp+a]
.text:08000673                 shl     eax, 7
.text:08000676                 mov     ecx, [ebp+a]
.text:08000679                 shr     ecx, 25
.text:0800067C                 or      eax, ecx
.text:0800067E                 mov     [ebp+a], eax
.text:08000681                 mov     eax, [ebp+a]
.text:08000684                 mov     ecx, [ebp+b]
.text:08000687                 add     eax, ecx
.text:08000689                 mov     [ebp+a], eax    ; MD5STEP(F1, a, b, c, d, in[12] + 0x6b901122, 7);
.text:0800068C                 mov     eax, [ebp+b]
.text:0800068F                 mov     ecx, [ebp+c]
.text:08000692                 xor     eax, ecx
.text:08000694                 mov     ecx, [ebp+a]
.text:08000697                 and     ecx, eax
.text:08000699                 mov     eax, [ebp+c]
.text:0800069C                 xor     eax, ecx
.text:0800069E                 mov     ecx, [ebp+in]
.text:080006A1                 add     ecx, 52
.text:080006A4                 mov     edx, [ecx]
.text:080006A6                 add     eax, edx
.text:080006A8                 add     eax, 0FD987193h
.text:080006AE                 mov     ecx, [ebp+d]
.text:080006B1                 add     ecx, eax
.text:080006B3                 mov     [ebp+d], ecx
.text:080006B6                 mov     eax, [ebp+d]
.text:080006B9                 shl     eax, 12
.text:080006BC                 mov     ecx, [ebp+d]
.text:080006BF                 shr     ecx, 20
.text:080006C2                 or      eax, ecx
.text:080006C4                 mov     [ebp+d], eax
.text:080006C7                 mov     eax, [ebp+d]
.text:080006CA                 mov     ecx, [ebp+a]
.text:080006CD                 add     eax, ecx
.text:080006CF                 mov     [ebp+d], eax    ; MD5STEP(F1, d, a, b, c, in[13] + 0xfd987193, 12);
.text:080006D2                 mov     eax, [ebp+a]
.text:080006D5                 mov     ecx, [ebp+b]
.text:080006D8                 xor     eax, ecx
.text:080006DA                 mov     ecx, [ebp+d]
.text:080006DD                 and     ecx, eax
.text:080006DF                 mov     eax, [ebp+b]
.text:080006E2                 xor     eax, ecx
.text:080006E4                 mov     ecx, [ebp+in]
.text:080006E7                 add     ecx, 56
.text:080006EA                 mov     edx, [ecx]
.text:080006EC                 add     eax, edx
.text:080006EE                 add     eax, 0A679438Eh
.text:080006F4                 mov     ecx, [ebp+c]
.text:080006F7                 add     ecx, eax
.text:080006F9                 mov     [ebp+c], ecx
.text:080006FC                 mov     eax, [ebp+c]
.text:080006FF                 shl     eax, 17
.text:08000702                 mov     ecx, [ebp+c]
.text:08000705                 shr     ecx, 15
.text:08000708                 or      eax, ecx
.text:0800070A                 mov     [ebp+c], eax
.text:0800070D                 mov     eax, [ebp+c]
.text:08000710                 mov     ecx, [ebp+d]
.text:08000713                 add     eax, ecx
.text:08000715                 mov     [ebp+c], eax    ; MD5STEP(F1, c, d, a, b, in[14] + 0xa679438e, 17);
.text:08000718                 mov     eax, [ebp+d]
.text:0800071B                 mov     ecx, [ebp+a]
.text:0800071E                 xor     eax, ecx
.text:08000720                 mov     ecx, [ebp+c]
.text:08000723                 and     ecx, eax
.text:08000725                 mov     eax, [ebp+a]
.text:08000728                 xor     eax, ecx
.text:0800072A                 mov     ecx, [ebp+in]
.text:0800072D                 add     ecx, 60
.text:08000730                 mov     edx, [ecx]
.text:08000732                 add     eax, edx
.text:08000734                 add     eax, 49B40821h
.text:0800073A                 mov     ecx, [ebp+b]
.text:0800073D                 add     ecx, eax
.text:0800073F                 mov     [ebp+b], ecx
.text:08000742                 mov     eax, [ebp+b]
.text:08000745                 shl     eax, 22
.text:08000748                 mov     ecx, [ebp+b]
.text:0800074B                 shr     ecx, 10
.text:0800074E                 or      eax, ecx
.text:08000750                 mov     [ebp+b], eax
.text:08000753                 mov     eax, [ebp+b]
.text:08000756                 mov     ecx, [ebp+c]
.text:08000759                 add     eax, ecx
.text:0800075B                 mov     [ebp+b], eax    ; MD5STEP(F1, b, c, d, a, in[15] + 0x49b40821, 22);
.text:0800075E                 mov     eax, [ebp+b]    ; F2(x, y, z) = F1(z, x, y) = (y ^ (z & (x ^ y)))
.text:08000761                 mov     ecx, [ebp+c]    ; y
.text:08000764                 xor     eax, ecx        ; x ^ y
.text:08000766                 mov     ecx, [ebp+d]    ; z
.text:08000769                 and     ecx, eax        ; z & (x ^ y)
.text:0800076B                 mov     eax, [ebp+c]
.text:0800076E                 xor     eax, ecx        ; y ^ (z & (x ^ y))
.text:08000770                 mov     ecx, [ebp+in]
.text:08000773                 add     ecx, 4          ; in[1]
.text:08000776                 mov     edx, [ecx]
.text:08000778                 add     eax, edx
.text:0800077A                 add     eax, 0F61E2562h ; data = in[1] + 0xf61e2562
.text:08000780                 mov     ecx, [ebp+a]    ; w
.text:08000783                 add     ecx, eax
.text:08000785                 mov     [ebp+a], ecx    ; w += f(x, y, z) + data
.text:08000788                 mov     eax, [ebp+a]
.text:0800078B                 shl     eax, 5          ; s = 5
.text:0800078E                 mov     ecx, [ebp+a]
.text:08000791                 shr     ecx, 27         ; 32 - 5 ; 32 - s
.text:08000794                 or      eax, ecx
.text:08000796                 mov     [ebp+a], eax    ; w = w<<s | w>>(32-s)
.text:08000799                 mov     eax, [ebp+a]
.text:0800079C                 mov     ecx, [ebp+b]    ; x
.text:0800079F                 add     eax, ecx        ; w += x
.text:080007A1                 mov     [ebp+a], eax    ; MD5STEP(F2, a, b, c, d, in[1] + 0xf61e2562, 5);
.text:080007A4                 mov     eax, [ebp+a]
.text:080007A7                 mov     ecx, [ebp+b]
.text:080007AA                 xor     eax, ecx
.text:080007AC                 mov     ecx, [ebp+c]
.text:080007AF                 and     ecx, eax
.text:080007B1                 mov     eax, [ebp+b]
.text:080007B4                 xor     eax, ecx
.text:080007B6                 mov     ecx, [ebp+in]
.text:080007B9                 add     ecx, 24
.text:080007BC                 mov     edx, [ecx]
.text:080007BE                 add     eax, edx
.text:080007C0                 add     eax, 0C040B340h
.text:080007C6                 mov     ecx, [ebp+d]
.text:080007C9                 add     ecx, eax
.text:080007CB                 mov     [ebp+d], ecx
.text:080007CE                 mov     eax, [ebp+d]
.text:080007D1                 shl     eax, 9
.text:080007D4                 mov     ecx, [ebp+d]
.text:080007D7                 shr     ecx, 23
.text:080007DA                 or      eax, ecx
.text:080007DC                 mov     [ebp+d], eax
.text:080007DF                 mov     eax, [ebp+d]
.text:080007E2                 mov     ecx, [ebp+a]
.text:080007E5                 add     eax, ecx
.text:080007E7                 mov     [ebp+d], eax    ; MD5STEP(F2, d, a, b, c, in[6] + 0xc040b340, 9);
.text:080007EA                 mov     eax, [ebp+d]
.text:080007ED                 mov     ecx, [ebp+a]
.text:080007F0                 xor     eax, ecx
.text:080007F2                 mov     ecx, [ebp+b]
.text:080007F5                 and     ecx, eax
.text:080007F7                 mov     eax, [ebp+a]
.text:080007FA                 xor     eax, ecx
.text:080007FC                 mov     ecx, [ebp+in]
.text:080007FF                 add     ecx, 44
.text:08000802                 mov     edx, [ecx]
.text:08000804                 add     eax, edx
.text:08000806                 add     eax, 265E5A51h
.text:0800080C                 mov     ecx, [ebp+c]
.text:0800080F                 add     ecx, eax
.text:08000811                 mov     [ebp+c], ecx
.text:08000814                 mov     eax, [ebp+c]
.text:08000817                 shl     eax, 14
.text:0800081A                 mov     ecx, [ebp+c]
.text:0800081D                 shr     ecx, 18
.text:08000820                 or      eax, ecx
.text:08000822                 mov     [ebp+c], eax
.text:08000825                 mov     eax, [ebp+c]
.text:08000828                 mov     ecx, [ebp+d]
.text:0800082B                 add     eax, ecx
.text:0800082D                 mov     [ebp+c], eax    ; MD5STEP(F2, c, d, a, b, in[11] + 0x265e5a51, 14);
.text:08000830                 mov     eax, [ebp+c]
.text:08000833                 mov     ecx, [ebp+d]
.text:08000836                 xor     eax, ecx
.text:08000838                 mov     ecx, [ebp+a]
.text:0800083B                 and     ecx, eax
.text:0800083D                 mov     eax, [ebp+d]
.text:08000840                 xor     eax, ecx
.text:08000842                 mov     ecx, [ebp+in]
.text:08000845                 mov     edx, [ecx]
.text:08000847                 add     eax, edx
.text:08000849                 add     eax, 0E9B6C7AAh
.text:0800084F                 mov     ecx, [ebp+b]
.text:08000852                 add     ecx, eax
.text:08000854                 mov     [ebp+b], ecx
.text:08000857                 mov     eax, [ebp+b]
.text:0800085A                 shl     eax, 20
.text:0800085D                 mov     ecx, [ebp+b]
.text:08000860                 shr     ecx, 12
.text:08000863                 or      eax, ecx
.text:08000865                 mov     [ebp+b], eax
.text:08000868                 mov     eax, [ebp+b]
.text:0800086B                 mov     ecx, [ebp+c]
.text:0800086E                 add     eax, ecx
.text:08000870                 mov     [ebp+b], eax    ; MD5STEP(F2, b, c, d, a, in[0] + 0xe9b6c7aa, 20);
.text:08000873                 mov     eax, [ebp+b]
.text:08000876                 mov     ecx, [ebp+c]
.text:08000879                 xor     eax, ecx
.text:0800087B                 mov     ecx, [ebp+d]
.text:0800087E                 and     ecx, eax
.text:08000880                 mov     eax, [ebp+c]
.text:08000883                 xor     eax, ecx
.text:08000885                 mov     ecx, [ebp+in]
.text:08000888                 add     ecx, 20
.text:0800088B                 mov     edx, [ecx]
.text:0800088D                 add     eax, edx
.text:0800088F                 add     eax, 0D62F105Dh
.text:08000895                 mov     ecx, [ebp+a]
.text:08000898                 add     ecx, eax
.text:0800089A                 mov     [ebp+a], ecx
.text:0800089D                 mov     eax, [ebp+a]
.text:080008A0                 shl     eax, 5
.text:080008A3                 mov     ecx, [ebp+a]
.text:080008A6                 shr     ecx, 27
.text:080008A9                 or      eax, ecx
.text:080008AB                 mov     [ebp+a], eax
.text:080008AE                 mov     eax, [ebp+a]
.text:080008B1                 mov     ecx, [ebp+b]
.text:080008B4                 add     eax, ecx
.text:080008B6                 mov     [ebp+a], eax    ; MD5STEP(F2, a, b, c, d, in[5] + 0xd62f105d, 5);
.text:080008B9                 mov     eax, [ebp+a]
.text:080008BC                 mov     ecx, [ebp+b]
.text:080008BF                 xor     eax, ecx
.text:080008C1                 mov     ecx, [ebp+c]
.text:080008C4                 and     ecx, eax
.text:080008C6                 mov     eax, [ebp+b]
.text:080008C9                 xor     eax, ecx
.text:080008CB                 mov     ecx, [ebp+in]
.text:080008CE                 add     ecx, 40
.text:080008D1                 mov     edx, [ecx]
.text:080008D3                 add     eax, edx
.text:080008D5                 add     eax, 2441453h
.text:080008DB                 mov     ecx, [ebp+d]
.text:080008DE                 add     ecx, eax
.text:080008E0                 mov     [ebp+d], ecx
.text:080008E3                 mov     eax, [ebp+d]
.text:080008E6                 shl     eax, 9
.text:080008E9                 mov     ecx, [ebp+d]
.text:080008EC                 shr     ecx, 23
.text:080008EF                 or      eax, ecx
.text:080008F1                 mov     [ebp+d], eax
.text:080008F4                 mov     eax, [ebp+d]
.text:080008F7                 mov     ecx, [ebp+a]
.text:080008FA                 add     eax, ecx
.text:080008FC                 mov     [ebp+d], eax    ; MD5STEP(F2, d, a, b, c, in[10] + 0x02441453, 9);
.text:080008FF                 mov     eax, [ebp+d]
.text:08000902                 mov     ecx, [ebp+a]
.text:08000905                 xor     eax, ecx
.text:08000907                 mov     ecx, [ebp+b]
.text:0800090A                 and     ecx, eax
.text:0800090C                 mov     eax, [ebp+a]
.text:0800090F                 xor     eax, ecx
.text:08000911                 mov     ecx, [ebp+in]
.text:08000914                 add     ecx, 60
.text:08000917                 mov     edx, [ecx]
.text:08000919                 add     eax, edx
.text:0800091B                 add     eax, 0D8A1E681h
.text:08000921                 mov     ecx, [ebp+c]
.text:08000924                 add     ecx, eax
.text:08000926                 mov     [ebp+c], ecx
.text:08000929                 mov     eax, [ebp+c]
.text:0800092C                 shl     eax, 14
.text:0800092F                 mov     ecx, [ebp+c]
.text:08000932                 shr     ecx, 18
.text:08000935                 or      eax, ecx
.text:08000937                 mov     [ebp+c], eax    ; MD5STEP(F2, c, d, a, b, in[15] + 0xd8a1e681, 14);
.text:0800093A                 mov     eax, [ebp+c]
.text:0800093D                 mov     ecx, [ebp+d]
.text:08000940                 add     eax, ecx
.text:08000942                 mov     [ebp+c], eax
.text:08000945                 mov     eax, [ebp+c]
.text:08000948                 mov     ecx, [ebp+d]
.text:0800094B                 xor     eax, ecx
.text:0800094D                 mov     ecx, [ebp+a]
.text:08000950                 and     ecx, eax
.text:08000952                 mov     eax, [ebp+d]
.text:08000955                 xor     eax, ecx
.text:08000957                 mov     ecx, [ebp+in]
.text:0800095A                 add     ecx, 16
.text:0800095D                 mov     edx, [ecx]
.text:0800095F                 add     eax, edx
.text:08000961                 add     eax, 0E7D3FBC8h
.text:08000967                 mov     ecx, [ebp+b]
.text:0800096A                 add     ecx, eax
.text:0800096C                 mov     [ebp+b], ecx
.text:0800096F                 mov     eax, [ebp+b]
.text:08000972                 shl     eax, 20
.text:08000975                 mov     ecx, [ebp+b]
.text:08000978                 shr     ecx, 12
.text:0800097B                 or      eax, ecx
.text:0800097D                 mov     [ebp+b], eax
.text:08000980                 mov     eax, [ebp+b]
.text:08000983                 mov     ecx, [ebp+c]
.text:08000986                 add     eax, ecx
.text:08000988                 mov     [ebp+b], eax    ; MD5STEP(F2, b, c, d, a, in[4] + 0xe7d3fbc8, 20);
.text:0800098B                 mov     eax, [ebp+b]
.text:0800098E                 mov     ecx, [ebp+c]
.text:08000991                 xor     eax, ecx
.text:08000993                 mov     ecx, [ebp+d]
.text:08000996                 and     ecx, eax
.text:08000998                 mov     eax, [ebp+c]
.text:0800099B                 xor     eax, ecx
.text:0800099D                 mov     ecx, [ebp+in]
.text:080009A0                 add     ecx, 36
.text:080009A3                 mov     edx, [ecx]
.text:080009A5                 add     eax, edx
.text:080009A7                 add     eax, 21E1CDE6h
.text:080009AD                 mov     ecx, [ebp+a]
.text:080009B0                 add     ecx, eax
.text:080009B2                 mov     [ebp+a], ecx
.text:080009B5                 mov     eax, [ebp+a]
.text:080009B8                 shl     eax, 5
.text:080009BB                 mov     ecx, [ebp+a]
.text:080009BE                 shr     ecx, 27
.text:080009C1                 or      eax, ecx
.text:080009C3                 mov     [ebp+a], eax
.text:080009C6                 mov     eax, [ebp+a]
.text:080009C9                 mov     ecx, [ebp+b]
.text:080009CC                 add     eax, ecx
.text:080009CE                 mov     [ebp+a], eax    ; MD5STEP(F2, a, b, c, d, in[9] + 0x21e1cde6, 5);
.text:080009D1                 mov     eax, [ebp+a]
.text:080009D4                 mov     ecx, [ebp+b]
.text:080009D7                 xor     eax, ecx
.text:080009D9                 mov     ecx, [ebp+c]
.text:080009DC                 and     ecx, eax
.text:080009DE                 mov     eax, [ebp+b]
.text:080009E1                 xor     eax, ecx
.text:080009E3                 mov     ecx, [ebp+in]
.text:080009E6                 add     ecx, 56
.text:080009E9                 mov     edx, [ecx]
.text:080009EB                 add     eax, edx
.text:080009ED                 add     eax, 0C33707D6h
.text:080009F3                 mov     ecx, [ebp+d]
.text:080009F6                 add     ecx, eax
.text:080009F8                 mov     [ebp+d], ecx
.text:080009FB                 mov     eax, [ebp+d]
.text:080009FE                 shl     eax, 9
.text:08000A01                 mov     ecx, [ebp+d]
.text:08000A04                 shr     ecx, 23
.text:08000A07                 or      eax, ecx
.text:08000A09                 mov     [ebp+d], eax
.text:08000A0C                 mov     eax, [ebp+d]
.text:08000A0F                 mov     ecx, [ebp+a]
.text:08000A12                 add     eax, ecx
.text:08000A14                 mov     [ebp+d], eax    ; MD5STEP(F2, d, a, b, c, in[14] + 0xc33707d6, 9);
.text:08000A17                 mov     eax, [ebp+d]
.text:08000A1A                 mov     ecx, [ebp+a]
.text:08000A1D                 xor     eax, ecx
.text:08000A1F                 mov     ecx, [ebp+b]
.text:08000A22                 and     ecx, eax
.text:08000A24                 mov     eax, [ebp+a]
.text:08000A27                 xor     eax, ecx
.text:08000A29                 mov     ecx, [ebp+in]
.text:08000A2C                 add     ecx, 12
.text:08000A2F                 mov     edx, [ecx]
.text:08000A31                 add     eax, edx
.text:08000A33                 add     eax, 0F4D50D87h
.text:08000A39                 mov     ecx, [ebp+c]
.text:08000A3C                 add     ecx, eax
.text:08000A3E                 mov     [ebp+c], ecx
.text:08000A41                 mov     eax, [ebp+c]
.text:08000A44                 shl     eax, 14
.text:08000A47                 mov     ecx, [ebp+c]
.text:08000A4A                 shr     ecx, 18
.text:08000A4D                 or      eax, ecx
.text:08000A4F                 mov     [ebp+c], eax
.text:08000A52                 mov     eax, [ebp+c]
.text:08000A55                 mov     ecx, [ebp+d]
.text:08000A58                 add     eax, ecx
.text:08000A5A                 mov     [ebp+c], eax    ; MD5STEP(F2, c, d, a, b, in[3] + 0xf4d50d87, 14);
.text:08000A5D                 mov     eax, [ebp+c]
.text:08000A60                 mov     ecx, [ebp+d]
.text:08000A63                 xor     eax, ecx
.text:08000A65                 mov     ecx, [ebp+a]
.text:08000A68                 and     ecx, eax
.text:08000A6A                 mov     eax, [ebp+d]
.text:08000A6D                 xor     eax, ecx
.text:08000A6F                 mov     ecx, [ebp+in]
.text:08000A72                 add     ecx, 32
.text:08000A75                 mov     edx, [ecx]
.text:08000A77                 add     eax, edx
.text:08000A79                 add     eax, 455A14EDh
.text:08000A7F                 mov     ecx, [ebp+b]
.text:08000A82                 add     ecx, eax
.text:08000A84                 mov     [ebp+b], ecx
.text:08000A87                 mov     eax, [ebp+b]
.text:08000A8A                 shl     eax, 20
.text:08000A8D                 mov     ecx, [ebp+b]
.text:08000A90                 shr     ecx, 12
.text:08000A93                 or      eax, ecx
.text:08000A95                 mov     [ebp+b], eax
.text:08000A98                 mov     eax, [ebp+b]
.text:08000A9B                 mov     ecx, [ebp+c]
.text:08000A9E                 add     eax, ecx
.text:08000AA0                 mov     [ebp+b], eax    ; MD5STEP(F2, b, c, d, a, in[8] + 0x455a14ed, 20);
.text:08000AA3                 mov     eax, [ebp+b]
.text:08000AA6                 mov     ecx, [ebp+c]
.text:08000AA9                 xor     eax, ecx
.text:08000AAB                 mov     ecx, [ebp+d]
.text:08000AAE                 and     ecx, eax
.text:08000AB0                 mov     eax, [ebp+c]
.text:08000AB3                 xor     eax, ecx
.text:08000AB5                 mov     ecx, [ebp+in]
.text:08000AB8                 add     ecx, 52
.text:08000ABB                 mov     edx, [ecx]
.text:08000ABD                 add     eax, edx
.text:08000ABF                 add     eax, 0A9E3E905h
.text:08000AC5                 mov     ecx, [ebp+a]
.text:08000AC8                 add     ecx, eax
.text:08000ACA                 mov     [ebp+a], ecx
.text:08000ACD                 mov     eax, [ebp+a]
.text:08000AD0                 shl     eax, 5
.text:08000AD3                 mov     ecx, [ebp+a]
.text:08000AD6                 shr     ecx, 27
.text:08000AD9                 or      eax, ecx
.text:08000ADB                 mov     [ebp+a], eax
.text:08000ADE                 mov     eax, [ebp+a]
.text:08000AE1                 mov     ecx, [ebp+b]
.text:08000AE4                 add     eax, ecx
.text:08000AE6                 mov     [ebp+a], eax    ; MD5STEP(F2, a, b, c, d, in[13] + 0xa9e3e905, 5);
.text:08000AE9                 mov     eax, [ebp+a]
.text:08000AEC                 mov     ecx, [ebp+b]
.text:08000AEF                 xor     eax, ecx
.text:08000AF1                 mov     ecx, [ebp+c]
.text:08000AF4                 and     ecx, eax
.text:08000AF6                 mov     eax, [ebp+b]
.text:08000AF9                 xor     eax, ecx
.text:08000AFB                 mov     ecx, [ebp+in]
.text:08000AFE                 add     ecx, 8
.text:08000B01                 mov     edx, [ecx]
.text:08000B03                 add     eax, edx
.text:08000B05                 add     eax, 0FCEFA3F8h
.text:08000B0B                 mov     ecx, [ebp+d]
.text:08000B0E                 add     ecx, eax
.text:08000B10                 mov     [ebp+d], ecx
.text:08000B13                 mov     eax, [ebp+d]
.text:08000B16                 shl     eax, 9
.text:08000B19                 mov     ecx, [ebp+d]
.text:08000B1C                 shr     ecx, 23
.text:08000B1F                 or      eax, ecx
.text:08000B21                 mov     [ebp+d], eax
.text:08000B24                 mov     eax, [ebp+d]
.text:08000B27                 mov     ecx, [ebp+a]
.text:08000B2A                 add     eax, ecx
.text:08000B2C                 mov     [ebp+d], eax    ; MD5STEP(F2, d, a, b, c, in[2] + 0xfcefa3f8, 9);
.text:08000B2F                 mov     eax, [ebp+d]
.text:08000B32                 mov     ecx, [ebp+a]
.text:08000B35                 xor     eax, ecx
.text:08000B37                 mov     ecx, [ebp+b]
.text:08000B3A                 and     ecx, eax
.text:08000B3C                 mov     eax, [ebp+a]
.text:08000B3F                 xor     eax, ecx
.text:08000B41                 mov     ecx, [ebp+in]
.text:08000B44                 add     ecx, 28
.text:08000B47                 mov     edx, [ecx]
.text:08000B49                 add     eax, edx
.text:08000B4B                 add     eax, 676F02D9h
.text:08000B51                 mov     ecx, [ebp+c]
.text:08000B54                 add     ecx, eax
.text:08000B56                 mov     [ebp+c], ecx
.text:08000B59                 mov     eax, [ebp+c]
.text:08000B5C                 shl     eax, 14
.text:08000B5F                 mov     ecx, [ebp+c]
.text:08000B62                 shr     ecx, 18
.text:08000B65                 or      eax, ecx
.text:08000B67                 mov     [ebp+c], eax
.text:08000B6A                 mov     eax, [ebp+c]
.text:08000B6D                 mov     ecx, [ebp+d]
.text:08000B70                 add     eax, ecx
.text:08000B72                 mov     [ebp+c], eax    ; MD5STEP(F2, c, d, a, b, in[7] + 0x676f02d9, 14);
.text:08000B75                 mov     eax, [ebp+c]
.text:08000B78                 mov     ecx, [ebp+d]
.text:08000B7B                 xor     eax, ecx
.text:08000B7D                 mov     ecx, [ebp+a]
.text:08000B80                 and     ecx, eax
.text:08000B82                 mov     eax, [ebp+d]
.text:08000B85                 xor     eax, ecx
.text:08000B87                 mov     ecx, [ebp+in]
.text:08000B8A                 add     ecx, 48
.text:08000B8D                 mov     edx, [ecx]
.text:08000B8F                 add     eax, edx
.text:08000B91                 add     eax, 8D2A4C8Ah
.text:08000B97                 mov     ecx, [ebp+b]
.text:08000B9A                 add     ecx, eax
.text:08000B9C                 mov     [ebp+b], ecx
.text:08000B9F                 mov     eax, [ebp+b]
.text:08000BA2                 shl     eax, 20
.text:08000BA5                 mov     ecx, [ebp+b]
.text:08000BA8                 shr     ecx, 12
.text:08000BAB                 or      eax, ecx
.text:08000BAD                 mov     [ebp+b], eax
.text:08000BB0                 mov     eax, [ebp+b]
.text:08000BB3                 mov     ecx, [ebp+c]
.text:08000BB6                 add     eax, ecx
.text:08000BB8                 mov     [ebp+b], eax    ; MD5STEP(F2, b, c, d, a, in[12] + 0x8d2a4c8a, 20);
.text:08000BBB                 mov     eax, [ebp+b]
.text:08000BBE                 mov     ecx, [ebp+c]
.text:08000BC1                 xor     eax, ecx
.text:08000BC3                 mov     ecx, [ebp+d]
.text:08000BC6                 xor     eax, ecx
.text:08000BC8                 mov     ecx, [ebp+in]
.text:08000BCB                 add     ecx, 20
.text:08000BCE                 mov     edx, [ecx]
.text:08000BD0                 add     eax, edx
.text:08000BD2                 add     eax, 0FFFA3942h
.text:08000BD8                 mov     ecx, [ebp+a]
.text:08000BDB                 add     ecx, eax
.text:08000BDD                 mov     [ebp+a], ecx
.text:08000BE0                 mov     eax, [ebp+a]
.text:08000BE3                 shl     eax, 4
.text:08000BE6                 mov     ecx, [ebp+a]
.text:08000BE9                 shr     ecx, 28
.text:08000BEC                 or      eax, ecx
.text:08000BEE                 mov     [ebp+a], eax
.text:08000BF1                 mov     eax, [ebp+a]
.text:08000BF4                 mov     ecx, [ebp+b]
.text:08000BF7                 add     eax, ecx
.text:08000BF9                 mov     [ebp+a], eax    ; MD5STEP(F3, a, b, c, d, in[5] + 0xfffa3942, 4);
.text:08000BFC                 mov     eax, [ebp+a]
.text:08000BFF                 mov     ecx, [ebp+b]
.text:08000C02                 xor     eax, ecx
.text:08000C04                 mov     ecx, [ebp+c]
.text:08000C07                 xor     eax, ecx
.text:08000C09                 mov     ecx, [ebp+in]
.text:08000C0C                 add     ecx, 32
.text:08000C0F                 mov     edx, [ecx]
.text:08000C11                 add     eax, edx
.text:08000C13                 add     eax, 8771F681h
.text:08000C19                 mov     ecx, [ebp+d]
.text:08000C1C                 add     ecx, eax
.text:08000C1E                 mov     [ebp+d], ecx
.text:08000C21                 mov     eax, [ebp+d]
.text:08000C24                 shl     eax, 11
.text:08000C27                 mov     ecx, [ebp+d]
.text:08000C2A                 shr     ecx, 21
.text:08000C2D                 or      eax, ecx
.text:08000C2F                 mov     [ebp+d], eax
.text:08000C32                 mov     eax, [ebp+d]
.text:08000C35                 mov     ecx, [ebp+a]
.text:08000C38                 add     eax, ecx
.text:08000C3A                 mov     [ebp+d], eax    ; MD5STEP(F3, d, a, b, c, in[8] + 0x8771f681, 11);
.text:08000C3D                 mov     eax, [ebp+d]
.text:08000C40                 mov     ecx, [ebp+a]
.text:08000C43                 xor     eax, ecx
.text:08000C45                 mov     ecx, [ebp+b]
.text:08000C48                 xor     eax, ecx
.text:08000C4A                 mov     ecx, [ebp+in]
.text:08000C4D                 add     ecx, 44
.text:08000C50                 mov     edx, [ecx]
.text:08000C52                 add     eax, edx
.text:08000C54                 add     eax, 6D9D6122h
.text:08000C5A                 mov     ecx, [ebp+c]
.text:08000C5D                 add     ecx, eax
.text:08000C5F                 mov     [ebp+c], ecx
.text:08000C62                 mov     eax, [ebp+c]
.text:08000C65                 shl     eax, 16
.text:08000C68                 mov     ecx, [ebp+c]
.text:08000C6B                 shr     ecx, 16
.text:08000C6E                 or      eax, ecx
.text:08000C70                 mov     [ebp+c], eax
.text:08000C73                 mov     eax, [ebp+c]
.text:08000C76                 mov     ecx, [ebp+d]
.text:08000C79                 add     eax, ecx
.text:08000C7B                 mov     [ebp+c], eax    ; MD5STEP(F3, c, d, a, b, in[11] + 0x6d9d6122, 16);
.text:08000C7E                 mov     eax, [ebp+c]
.text:08000C81                 mov     ecx, [ebp+d]
.text:08000C84                 xor     eax, ecx
.text:08000C86                 mov     ecx, [ebp+a]
.text:08000C89                 xor     eax, ecx
.text:08000C8B                 mov     ecx, [ebp+in]
.text:08000C8E                 add     ecx, 56
.text:08000C91                 mov     edx, [ecx]
.text:08000C93                 add     eax, edx
.text:08000C95                 add     eax, 0FDE5380Ch
.text:08000C9B                 mov     ecx, [ebp+b]
.text:08000C9E                 add     ecx, eax
.text:08000CA0                 mov     [ebp+b], ecx
.text:08000CA3                 mov     eax, [ebp+b]
.text:08000CA6                 shl     eax, 23
.text:08000CA9                 mov     ecx, [ebp+b]
.text:08000CAC                 shr     ecx, 9
.text:08000CAF                 or      eax, ecx
.text:08000CB1                 mov     [ebp+b], eax
.text:08000CB4                 mov     eax, [ebp+b]
.text:08000CB7                 mov     ecx, [ebp+c]
.text:08000CBA                 add     eax, ecx
.text:08000CBC                 mov     [ebp+b], eax    ; MD5STEP(F3, b, c, d, a, in[14] + 0xfde5380c, 23);
.text:08000CBF                 mov     eax, [ebp+b]
.text:08000CC2                 mov     ecx, [ebp+c]
.text:08000CC5                 xor     eax, ecx
.text:08000CC7                 mov     ecx, [ebp+d]
.text:08000CCA                 xor     eax, ecx
.text:08000CCC                 mov     ecx, [ebp+in]
.text:08000CCF                 add     ecx, 4          ; in[1]
.text:08000CD2                 mov     edx, [ecx]
.text:08000CD4                 add     eax, edx
.text:08000CD6                 add     eax, 0A4BEEA44h
.text:08000CDC                 mov     ecx, [ebp+a]
.text:08000CDF                 add     ecx, eax
.text:08000CE1                 mov     [ebp+a], ecx
.text:08000CE4                 mov     eax, [ebp+a]
.text:08000CE7                 shl     eax, 4
.text:08000CEA                 mov     ecx, [ebp+a]
.text:08000CED                 shr     ecx, 28
.text:08000CF0                 or      eax, ecx
.text:08000CF2                 mov     [ebp+a], eax
.text:08000CF5                 mov     eax, [ebp+a]
.text:08000CF8                 mov     ecx, [ebp+b]
.text:08000CFB                 add     eax, ecx
.text:08000CFD                 mov     [ebp+a], eax    ; MD5STEP(F3, a, b, c, d, in[1] + 0xa4beea44, 4);
.text:08000D00                 mov     eax, [ebp+a]
.text:08000D03                 mov     ecx, [ebp+b]
.text:08000D06                 xor     eax, ecx
.text:08000D08                 mov     ecx, [ebp+c]
.text:08000D0B                 xor     eax, ecx
.text:08000D0D                 mov     ecx, [ebp+in]
.text:08000D10                 add     ecx, 16
.text:08000D13                 mov     edx, [ecx]
.text:08000D15                 add     eax, edx
.text:08000D17                 add     eax, 4BDECFA9h
.text:08000D1D                 mov     ecx, [ebp+d]
.text:08000D20                 add     ecx, eax
.text:08000D22                 mov     [ebp+d], ecx
.text:08000D25                 mov     eax, [ebp+d]
.text:08000D28                 shl     eax, 11
.text:08000D2B                 mov     ecx, [ebp+d]
.text:08000D2E                 shr     ecx, 21
.text:08000D31                 or      eax, ecx
.text:08000D33                 mov     [ebp+d], eax
.text:08000D36                 mov     eax, [ebp+d]
.text:08000D39                 mov     ecx, [ebp+a]
.text:08000D3C                 add     eax, ecx
.text:08000D3E                 mov     [ebp+d], eax    ; MD5STEP(F3, d, a, b, c, in[4] + 0x4bdecfa9, 11);
.text:08000D41                 mov     eax, [ebp+d]
.text:08000D44                 mov     ecx, [ebp+a]
.text:08000D47                 xor     eax, ecx
.text:08000D49                 mov     ecx, [ebp+b]
.text:08000D4C                 xor     eax, ecx
.text:08000D4E                 mov     ecx, [ebp+in]
.text:08000D51                 add     ecx, 28
.text:08000D54                 mov     edx, [ecx]
.text:08000D56                 add     eax, edx
.text:08000D58                 add     eax, 0F6BB4B60h
.text:08000D5E                 mov     ecx, [ebp+c]
.text:08000D61                 add     ecx, eax
.text:08000D63                 mov     [ebp+c], ecx
.text:08000D66                 mov     eax, [ebp+c]
.text:08000D69                 shl     eax, 16
.text:08000D6C                 mov     ecx, [ebp+c]
.text:08000D6F                 shr     ecx, 16
.text:08000D72                 or      eax, ecx
.text:08000D74                 mov     [ebp+c], eax
.text:08000D77                 mov     eax, [ebp+c]
.text:08000D7A                 mov     ecx, [ebp+d]
.text:08000D7D                 add     eax, ecx
.text:08000D7F                 mov     [ebp+c], eax    ; MD5STEP(F3, c, d, a, b, in[7] + 0xf6bb4b60, 16);
.text:08000D82                 mov     eax, [ebp+c]
.text:08000D85                 mov     ecx, [ebp+d]
.text:08000D88                 xor     eax, ecx
.text:08000D8A                 mov     ecx, [ebp+a]
.text:08000D8D                 xor     eax, ecx
.text:08000D8F                 mov     ecx, [ebp+in]
.text:08000D92                 add     ecx, 40
.text:08000D95                 mov     edx, [ecx]
.text:08000D97                 add     eax, edx
.text:08000D99                 add     eax, 0BEBFBC70h
.text:08000D9F                 mov     ecx, [ebp+b]
.text:08000DA2                 add     ecx, eax
.text:08000DA4                 mov     [ebp+b], ecx
.text:08000DA7                 mov     eax, [ebp+b]
.text:08000DAA                 shl     eax, 23
.text:08000DAD                 mov     ecx, [ebp+b]
.text:08000DB0                 shr     ecx, 9
.text:08000DB3                 or      eax, ecx
.text:08000DB5                 mov     [ebp+b], eax
.text:08000DB8                 mov     eax, [ebp+b]
.text:08000DBB                 mov     ecx, [ebp+c]
.text:08000DBE                 add     eax, ecx
.text:08000DC0                 mov     [ebp+b], eax    ; MD5STEP(F3, b, c, d, a, in[10] + 0xbebfbc70, 23);
.text:08000DC3                 mov     eax, [ebp+b]
.text:08000DC6                 mov     ecx, [ebp+c]
.text:08000DC9                 xor     eax, ecx
.text:08000DCB                 mov     ecx, [ebp+d]
.text:08000DCE                 xor     eax, ecx
.text:08000DD0                 mov     ecx, [ebp+in]
.text:08000DD3                 add     ecx, 52         ; in[13]
.text:08000DD6                 mov     edx, [ecx]
.text:08000DD8                 add     eax, edx
.text:08000DDA                 add     eax, 289B7EC6h
.text:08000DE0                 mov     ecx, [ebp+a]
.text:08000DE3                 add     ecx, eax
.text:08000DE5                 mov     [ebp+a], ecx
.text:08000DE8                 mov     eax, [ebp+a]
.text:08000DEB                 shl     eax, 4
.text:08000DEE                 mov     ecx, [ebp+a]
.text:08000DF1                 shr     ecx, 28
.text:08000DF4                 or      eax, ecx
.text:08000DF6                 mov     [ebp+a], eax
.text:08000DF9                 mov     eax, [ebp+a]
.text:08000DFC                 mov     ecx, [ebp+b]
.text:08000DFF                 add     eax, ecx
.text:08000E01                 mov     [ebp+a], eax    ; MD5STEP(F3, a, b, c, d, in[13] + 0x289b7ec6, 4);
.text:08000E04                 mov     eax, [ebp+a]
.text:08000E07                 mov     ecx, [ebp+b]
.text:08000E0A                 xor     eax, ecx
.text:08000E0C                 mov     ecx, [ebp+c]
.text:08000E0F                 xor     eax, ecx
.text:08000E11                 mov     ecx, [ebp+in]
.text:08000E14                 mov     edx, [ecx]      ; in[0]
.text:08000E16                 add     eax, edx
.text:08000E18                 add     eax, 0EAA127FAh
.text:08000E1E                 mov     ecx, [ebp+d]
.text:08000E21                 add     ecx, eax
.text:08000E23                 mov     [ebp+d], ecx
.text:08000E26                 mov     eax, [ebp+d]
.text:08000E29                 shl     eax, 11
.text:08000E2C                 mov     ecx, [ebp+d]
.text:08000E2F                 shr     ecx, 21
.text:08000E32                 or      eax, ecx
.text:08000E34                 mov     [ebp+d], eax
.text:08000E37                 mov     eax, [ebp+d]
.text:08000E3A                 mov     ecx, [ebp+a]
.text:08000E3D                 add     eax, ecx
.text:08000E3F                 mov     [ebp+d], eax    ; MD5STEP(F3, d, a, b, c, in[0] + 0xeaa127fa, 11);
.text:08000E42                 mov     eax, [ebp+d]
.text:08000E45                 mov     ecx, [ebp+a]
.text:08000E48                 xor     eax, ecx
.text:08000E4A                 mov     ecx, [ebp+b]
.text:08000E4D                 xor     eax, ecx
.text:08000E4F                 mov     ecx, [ebp+in]
.text:08000E52                 add     ecx, 12
.text:08000E55                 mov     edx, [ecx]
.text:08000E57                 add     eax, edx
.text:08000E59                 add     eax, 0D4EF3085h
.text:08000E5F                 mov     ecx, [ebp+c]
.text:08000E62                 add     ecx, eax
.text:08000E64                 mov     [ebp+c], ecx
.text:08000E67                 mov     eax, [ebp+c]
.text:08000E6A                 shl     eax, 16
.text:08000E6D                 mov     ecx, [ebp+c]
.text:08000E70                 shr     ecx, 16
.text:08000E73                 or      eax, ecx
.text:08000E75                 mov     [ebp+c], eax
.text:08000E78                 mov     eax, [ebp+c]
.text:08000E7B                 mov     ecx, [ebp+d]
.text:08000E7E                 add     eax, ecx
.text:08000E80                 mov     [ebp+c], eax    ; MD5STEP(F3, c, d, a, b, in[3] + 0xd4ef3085, 16);
.text:08000E83                 mov     eax, [ebp+c]
.text:08000E86                 mov     ecx, [ebp+d]
.text:08000E89                 xor     eax, ecx
.text:08000E8B                 mov     ecx, [ebp+a]
.text:08000E8E                 xor     eax, ecx
.text:08000E90                 mov     ecx, [ebp+in]
.text:08000E93                 add     ecx, 24
.text:08000E96                 mov     edx, [ecx]
.text:08000E98                 add     eax, edx
.text:08000E9A                 add     eax, 4881D05h
.text:08000EA0                 mov     ecx, [ebp+b]
.text:08000EA3                 add     ecx, eax
.text:08000EA5                 mov     [ebp+b], ecx
.text:08000EA8                 mov     eax, [ebp+b]
.text:08000EAB                 shl     eax, 23
.text:08000EAE                 mov     ecx, [ebp+b]
.text:08000EB1                 shr     ecx, 9
.text:08000EB4                 or      eax, ecx
.text:08000EB6                 mov     [ebp+b], eax
.text:08000EB9                 mov     eax, [ebp+b]
.text:08000EBC                 mov     ecx, [ebp+c]
.text:08000EBF                 add     eax, ecx
.text:08000EC1                 mov     [ebp+b], eax    ; MD5STEP(F3, b, c, d, a, in[6] + 0x04881d05, 23);
.text:08000EC4                 mov     eax, [ebp+b]
.text:08000EC7                 mov     ecx, [ebp+c]
.text:08000ECA                 xor     eax, ecx
.text:08000ECC                 mov     ecx, [ebp+d]
.text:08000ECF                 xor     eax, ecx
.text:08000ED1                 mov     ecx, [ebp+in]
.text:08000ED4                 add     ecx, 36
.text:08000ED7                 mov     edx, [ecx]
.text:08000ED9                 add     eax, edx
.text:08000EDB                 add     eax, 0D9D4D039h
.text:08000EE1                 mov     ecx, [ebp+a]
.text:08000EE4                 add     ecx, eax
.text:08000EE6                 mov     [ebp+a], ecx
.text:08000EE9                 mov     eax, [ebp+a]
.text:08000EEC                 shl     eax, 4
.text:08000EEF                 mov     ecx, [ebp+a]
.text:08000EF2                 shr     ecx, 28
.text:08000EF5                 or      eax, ecx
.text:08000EF7                 mov     [ebp+a], eax
.text:08000EFA                 mov     eax, [ebp+a]
.text:08000EFD                 mov     ecx, [ebp+b]
.text:08000F00                 add     eax, ecx
.text:08000F02                 mov     [ebp+a], eax    ; MD5STEP(F3, a, b, c, d, in[9] + 0xd9d4d039, 4);
.text:08000F05                 mov     eax, [ebp+a]
.text:08000F08                 mov     ecx, [ebp+b]
.text:08000F0B                 xor     eax, ecx
.text:08000F0D                 mov     ecx, [ebp+c]
.text:08000F10                 xor     eax, ecx
.text:08000F12                 mov     ecx, [ebp+in]
.text:08000F15                 add     ecx, 48
.text:08000F18                 mov     edx, [ecx]
.text:08000F1A                 add     eax, edx
.text:08000F1C                 add     eax, 0E6DB99E5h
.text:08000F22                 mov     ecx, [ebp+d]
.text:08000F25                 add     ecx, eax
.text:08000F27                 mov     [ebp+d], ecx
.text:08000F2A                 mov     eax, [ebp+d]
.text:08000F2D                 shl     eax, 11
.text:08000F30                 mov     ecx, [ebp+d]
.text:08000F33                 shr     ecx, 21
.text:08000F36                 or      eax, ecx
.text:08000F38                 mov     [ebp+d], eax
.text:08000F3B                 mov     eax, [ebp+d]
.text:08000F3E                 mov     ecx, [ebp+a]
.text:08000F41                 add     eax, ecx
.text:08000F43                 mov     [ebp+d], eax    ; MD5STEP(F3, d, a, b, c, in[12] + 0xe6db99e5, 11);
.text:08000F46                 mov     eax, [ebp+d]
.text:08000F49                 mov     ecx, [ebp+a]
.text:08000F4C                 xor     eax, ecx
.text:08000F4E                 mov     ecx, [ebp+b]
.text:08000F51                 xor     eax, ecx
.text:08000F53                 mov     ecx, [ebp+in]
.text:08000F56                 add     ecx, 60
.text:08000F59                 mov     edx, [ecx]
.text:08000F5B                 add     eax, edx
.text:08000F5D                 add     eax, 1FA27CF8h
.text:08000F63                 mov     ecx, [ebp+c]
.text:08000F66                 add     ecx, eax
.text:08000F68                 mov     [ebp+c], ecx
.text:08000F6B                 mov     eax, [ebp+c]
.text:08000F6E                 shl     eax, 16
.text:08000F71                 mov     ecx, [ebp+c]
.text:08000F74                 shr     ecx, 16
.text:08000F77                 or      eax, ecx
.text:08000F79                 mov     [ebp+c], eax
.text:08000F7C                 mov     eax, [ebp+c]
.text:08000F7F                 mov     ecx, [ebp+d]
.text:08000F82                 add     eax, ecx
.text:08000F84                 mov     [ebp+c], eax    ; MD5STEP(F3, c, d, a, b, in[15] + 0x1fa27cf8, 16);
.text:08000F87                 mov     eax, [ebp+c]    ; F3(x, y, z) = (x ^ y ^ z)
.text:08000F8A                 mov     ecx, [ebp+d]    ; y
.text:08000F8D                 xor     eax, ecx
.text:08000F8F                 mov     ecx, [ebp+a]    ; z
.text:08000F92                 xor     eax, ecx
.text:08000F94                 mov     ecx, [ebp+in]
.text:08000F97                 add     ecx, 8          ; in[2]
.text:08000F9A                 mov     edx, [ecx]
.text:08000F9C                 add     eax, edx
.text:08000F9E                 add     eax, 0C4AC5665h
.text:08000FA4                 mov     ecx, [ebp+b]
.text:08000FA7                 add     ecx, eax        ; w += f(x, y, z) + data
.text:08000FA9                 mov     [ebp+b], ecx
.text:08000FAC                 mov     eax, [ebp+b]
.text:08000FAF                 shl     eax, 23
.text:08000FB2                 mov     ecx, [ebp+b]
.text:08000FB5                 shr     ecx, 9
.text:08000FB8                 or      eax, ecx
.text:08000FBA                 mov     [ebp+b], eax    ; w = w<<s | w>>(32-s)
.text:08000FBD                 mov     eax, [ebp+b]
.text:08000FC0                 mov     ecx, [ebp+c]    ; x
.text:08000FC3                 add     eax, ecx        ; w += x
.text:08000FC5                 mov     [ebp+b], eax    ; MD5STEP(F3, b, c, d, a, in[2] + 0xc4ac5665, 23);
.text:08000FC8                 mov     eax, [ebp+d]
.text:08000FCB                 xor     eax, 0FFFFFFFFh
.text:08000FCE                 mov     ecx, [ebp+b]
.text:08000FD1                 or      ecx, eax
.text:08000FD3                 mov     eax, [ebp+c]
.text:08000FD6                 xor     eax, ecx
.text:08000FD8                 mov     ecx, [ebp+in]
.text:08000FDB                 mov     edx, [ecx]
.text:08000FDD                 add     eax, edx
.text:08000FDF                 add     eax, 0F4292244h
.text:08000FE5                 mov     ecx, [ebp+a]
.text:08000FE8                 add     ecx, eax
.text:08000FEA                 mov     [ebp+a], ecx
.text:08000FED                 mov     eax, [ebp+a]
.text:08000FF0                 shl     eax, 6
.text:08000FF3                 mov     ecx, [ebp+a]
.text:08000FF6                 shr     ecx, 26
.text:08000FF9                 or      eax, ecx
.text:08000FFB                 mov     [ebp+a], eax
.text:08000FFE                 mov     eax, [ebp+a]
.text:08001001                 mov     ecx, [ebp+b]
.text:08001004                 add     eax, ecx
.text:08001006                 mov     [ebp+a], eax    ; MD5STEP(F4, a, b, c, d, in[0] + 0xf4292244, 6);
.text:08001009                 mov     eax, [ebp+c]
.text:0800100C                 xor     eax, 0FFFFFFFFh
.text:0800100F                 mov     ecx, [ebp+a]
.text:08001012                 or      ecx, eax
.text:08001014                 mov     eax, [ebp+b]
.text:08001017                 xor     eax, ecx
.text:08001019                 mov     ecx, [ebp+in]
.text:0800101C                 add     ecx, 28
.text:0800101F                 mov     edx, [ecx]
.text:08001021                 add     eax, edx
.text:08001023                 add     eax, 432AFF97h
.text:08001029                 mov     ecx, [ebp+d]
.text:0800102C                 add     ecx, eax
.text:0800102E                 mov     [ebp+d], ecx
.text:08001031                 mov     eax, [ebp+d]
.text:08001034                 shl     eax, 10
.text:08001037                 mov     ecx, [ebp+d]
.text:0800103A                 shr     ecx, 22
.text:0800103D                 or      eax, ecx
.text:0800103F                 mov     [ebp+d], eax
.text:08001042                 mov     eax, [ebp+d]
.text:08001045                 mov     ecx, [ebp+a]
.text:08001048                 add     eax, ecx
.text:0800104A                 mov     [ebp+d], eax    ; MD5STEP(F4, d, a, b, c, in[7] + 0x432aff97, 10);
.text:0800104D                 mov     eax, [ebp+b]
.text:08001050                 xor     eax, 0FFFFFFFFh
.text:08001053                 mov     ecx, [ebp+d]
.text:08001056                 or      ecx, eax
.text:08001058                 mov     eax, [ebp+a]
.text:0800105B                 xor     eax, ecx
.text:0800105D                 mov     ecx, [ebp+in]
.text:08001060                 add     ecx, 56
.text:08001063                 mov     edx, [ecx]
.text:08001065                 add     eax, edx
.text:08001067                 add     eax, 0AB9423A7h
.text:0800106D                 mov     ecx, [ebp+c]
.text:08001070                 add     ecx, eax
.text:08001072                 mov     [ebp+c], ecx
.text:08001075                 mov     eax, [ebp+c]
.text:08001078                 shl     eax, 15
.text:0800107B                 mov     ecx, [ebp+c]
.text:0800107E                 shr     ecx, 17
.text:08001081                 or      eax, ecx
.text:08001083                 mov     [ebp+c], eax
.text:08001086                 mov     eax, [ebp+c]
.text:08001089                 mov     ecx, [ebp+d]
.text:0800108C                 add     eax, ecx
.text:0800108E                 mov     [ebp+c], eax    ; MD5STEP(F4, c, d, a, b, in[14] + 0xab9423a7, 15);
.text:08001091                 mov     eax, [ebp+a]
.text:08001094                 xor     eax, 0FFFFFFFFh
.text:08001097                 mov     ecx, [ebp+c]
.text:0800109A                 or      ecx, eax
.text:0800109C                 mov     eax, [ebp+d]
.text:0800109F                 xor     eax, ecx
.text:080010A1                 mov     ecx, [ebp+in]
.text:080010A4                 add     ecx, 20
.text:080010A7                 mov     edx, [ecx]
.text:080010A9                 add     eax, edx
.text:080010AB                 add     eax, 0FC93A039h
.text:080010B1                 mov     ecx, [ebp+b]
.text:080010B4                 add     ecx, eax
.text:080010B6                 mov     [ebp+b], ecx
.text:080010B9                 mov     eax, [ebp+b]
.text:080010BC                 shl     eax, 21
.text:080010BF                 mov     ecx, [ebp+b]
.text:080010C2                 shr     ecx, 11
.text:080010C5                 or      eax, ecx
.text:080010C7                 mov     [ebp+b], eax
.text:080010CA                 mov     eax, [ebp+b]
.text:080010CD                 mov     ecx, [ebp+c]
.text:080010D0                 add     eax, ecx
.text:080010D2                 mov     [ebp+b], eax    ; MD5STEP(F4, b, c, d, a, in[5] + 0xfc93a039, 21);
.text:080010D5                 mov     eax, [ebp+d]
.text:080010D8                 xor     eax, 0FFFFFFFFh
.text:080010DB                 mov     ecx, [ebp+b]
.text:080010DE                 or      ecx, eax
.text:080010E0                 mov     eax, [ebp+c]
.text:080010E3                 xor     eax, ecx
.text:080010E5                 mov     ecx, [ebp+in]
.text:080010E8                 add     ecx, 48
.text:080010EB                 mov     edx, [ecx]
.text:080010ED                 add     eax, edx
.text:080010EF                 add     eax, 655B59C3h
.text:080010F5                 mov     ecx, [ebp+a]
.text:080010F8                 add     ecx, eax
.text:080010FA                 mov     [ebp+a], ecx
.text:080010FD                 mov     eax, [ebp+a]
.text:08001100                 shl     eax, 6
.text:08001103                 mov     ecx, [ebp+a]
.text:08001106                 shr     ecx, 26
.text:08001109                 or      eax, ecx
.text:0800110B                 mov     [ebp+a], eax
.text:0800110E                 mov     eax, [ebp+a]
.text:08001111                 mov     ecx, [ebp+b]
.text:08001114                 add     eax, ecx
.text:08001116                 mov     [ebp+a], eax    ; MD5STEP(F4, a, b, c, d, in[12] + 0x655b59c3, 6);
.text:08001119                 mov     eax, [ebp+c]
.text:0800111C                 xor     eax, 0FFFFFFFFh
.text:0800111F                 mov     ecx, [ebp+a]
.text:08001122                 or      ecx, eax
.text:08001124                 mov     eax, [ebp+b]
.text:08001127                 xor     eax, ecx
.text:08001129                 mov     ecx, [ebp+in]
.text:0800112C                 add     ecx, 12
.text:0800112F                 mov     edx, [ecx]
.text:08001131                 add     eax, edx
.text:08001133                 add     eax, 8F0CCC92h
.text:08001139                 mov     ecx, [ebp+d]
.text:0800113C                 add     ecx, eax
.text:0800113E                 mov     [ebp+d], ecx
.text:08001141                 mov     eax, [ebp+d]
.text:08001144                 shl     eax, 10
.text:08001147                 mov     ecx, [ebp+d]
.text:0800114A                 shr     ecx, 22
.text:0800114D                 or      eax, ecx
.text:0800114F                 mov     [ebp+d], eax
.text:08001152                 mov     eax, [ebp+d]
.text:08001155                 mov     ecx, [ebp+a]
.text:08001158                 add     eax, ecx
.text:0800115A                 mov     [ebp+d], eax    ; MD5STEP(F4, d, a, b, c, in[3] + 0x8f0ccc92, 10);
.text:0800115D                 mov     eax, [ebp+b]
.text:08001160                 xor     eax, 0FFFFFFFFh
.text:08001163                 mov     ecx, [ebp+d]
.text:08001166                 or      ecx, eax
.text:08001168                 mov     eax, [ebp+a]
.text:0800116B                 xor     eax, ecx
.text:0800116D                 mov     ecx, [ebp+in]
.text:08001170                 add     ecx, 40
.text:08001173                 mov     edx, [ecx]
.text:08001175                 add     eax, edx
.text:08001177                 add     eax, 0FFEFF47Dh
.text:0800117D                 mov     ecx, [ebp+c]
.text:08001180                 add     ecx, eax
.text:08001182                 mov     [ebp+c], ecx
.text:08001185                 mov     eax, [ebp+c]
.text:08001188                 shl     eax, 15
.text:0800118B                 mov     ecx, [ebp+c]
.text:0800118E                 shr     ecx, 17
.text:08001191                 or      eax, ecx
.text:08001193                 mov     [ebp+c], eax
.text:08001196                 mov     eax, [ebp+c]
.text:08001199                 mov     ecx, [ebp+d]
.text:0800119C                 add     eax, ecx
.text:0800119E                 mov     [ebp+c], eax    ; MD5STEP(F4, c, d, a, b, in[10] + 0xffeff47d, 15);
.text:080011A1                 mov     eax, [ebp+a]
.text:080011A4                 xor     eax, 0FFFFFFFFh
.text:080011A7                 mov     ecx, [ebp+c]
.text:080011AA                 or      ecx, eax
.text:080011AC                 mov     eax, [ebp+d]
.text:080011AF                 xor     eax, ecx
.text:080011B1                 mov     ecx, [ebp+in]
.text:080011B4                 add     ecx, 4
.text:080011B7                 mov     edx, [ecx]
.text:080011B9                 add     eax, edx
.text:080011BB                 add     eax, 85845DD1h
.text:080011C1                 mov     ecx, [ebp+b]
.text:080011C4                 add     ecx, eax
.text:080011C6                 mov     [ebp+b], ecx    ; MD5STEP(F4, b, c, d, a, in[1] + 0x85845dd1, 21);
.text:080011C9                 mov     eax, [ebp+b]
.text:080011CC                 shl     eax, 21
.text:080011CF                 mov     ecx, [ebp+b]
.text:080011D2                 shr     ecx, 11
.text:080011D5                 or      eax, ecx
.text:080011D7                 mov     [ebp+b], eax
.text:080011DA                 mov     eax, [ebp+b]
.text:080011DD                 mov     ecx, [ebp+c]
.text:080011E0                 add     eax, ecx
.text:080011E2                 mov     [ebp+b], eax
.text:080011E5                 mov     eax, [ebp+d]
.text:080011E8                 xor     eax, 0FFFFFFFFh
.text:080011EB                 mov     ecx, [ebp+b]
.text:080011EE                 or      ecx, eax
.text:080011F0                 mov     eax, [ebp+c]
.text:080011F3                 xor     eax, ecx
.text:080011F5                 mov     ecx, [ebp+in]
.text:080011F8                 add     ecx, 32
.text:080011FB                 mov     edx, [ecx]
.text:080011FD                 add     eax, edx
.text:080011FF                 add     eax, 6FA87E4Fh
.text:08001205                 mov     ecx, [ebp+a]
.text:08001208                 add     ecx, eax
.text:0800120A                 mov     [ebp+a], ecx
.text:0800120D                 mov     eax, [ebp+a]
.text:08001210                 shl     eax, 6
.text:08001213                 mov     ecx, [ebp+a]
.text:08001216                 shr     ecx, 26
.text:08001219                 or      eax, ecx
.text:0800121B                 mov     [ebp+a], eax
.text:0800121E                 mov     eax, [ebp+a]
.text:08001221                 mov     ecx, [ebp+b]
.text:08001224                 add     eax, ecx
.text:08001226                 mov     [ebp+a], eax    ; MD5STEP(F4, a, b, c, d, in[8] + 0x6fa87e4f, 6);
.text:08001229                 mov     eax, [ebp+c]
.text:0800122C                 xor     eax, 0FFFFFFFFh
.text:0800122F                 mov     ecx, [ebp+a]
.text:08001232                 or      ecx, eax
.text:08001234                 mov     eax, [ebp+b]
.text:08001237                 xor     eax, ecx
.text:08001239                 mov     ecx, [ebp+in]
.text:0800123C                 add     ecx, 60
.text:0800123F                 mov     edx, [ecx]
.text:08001241                 add     eax, edx
.text:08001243                 add     eax, 0FE2CE6E0h
.text:08001249                 mov     ecx, [ebp+d]
.text:0800124C                 add     ecx, eax
.text:0800124E                 mov     [ebp+d], ecx
.text:08001251                 mov     eax, [ebp+d]
.text:08001254                 shl     eax, 10
.text:08001257                 mov     ecx, [ebp+d]
.text:0800125A                 shr     ecx, 22
.text:0800125D                 or      eax, ecx
.text:0800125F                 mov     [ebp+d], eax
.text:08001262                 mov     eax, [ebp+d]
.text:08001265                 mov     ecx, [ebp+a]
.text:08001268                 add     eax, ecx
.text:0800126A                 mov     [ebp+d], eax    ; MD5STEP(F4, d, a, b, c, in[15] + 0xfe2ce6e0, 10);
.text:0800126D                 mov     eax, [ebp+b]
.text:08001270                 xor     eax, 0FFFFFFFFh
.text:08001273                 mov     ecx, [ebp+d]
.text:08001276                 or      ecx, eax
.text:08001278                 mov     eax, [ebp+a]
.text:0800127B                 xor     eax, ecx
.text:0800127D                 mov     ecx, [ebp+in]
.text:08001280                 add     ecx, 24
.text:08001283                 mov     edx, [ecx]
.text:08001285                 add     eax, edx
.text:08001287                 add     eax, 0A3014314h
.text:0800128D                 mov     ecx, [ebp+c]
.text:08001290                 add     ecx, eax
.text:08001292                 mov     [ebp+c], ecx
.text:08001295                 mov     eax, [ebp+c]
.text:08001298                 shl     eax, 15
.text:0800129B                 mov     ecx, [ebp+c]
.text:0800129E                 shr     ecx, 17
.text:080012A1                 or      eax, ecx
.text:080012A3                 mov     [ebp+c], eax
.text:080012A6                 mov     eax, [ebp+c]
.text:080012A9                 mov     ecx, [ebp+d]
.text:080012AC                 add     eax, ecx
.text:080012AE                 mov     [ebp+c], eax    ; MD5STEP(F4, c, d, a, b, in[6] + 0xa3014314, 15);
.text:080012B1                 mov     eax, [ebp+a]
.text:080012B4                 xor     eax, 0FFFFFFFFh
.text:080012B7                 mov     ecx, [ebp+c]
.text:080012BA                 or      ecx, eax
.text:080012BC                 mov     eax, [ebp+d]
.text:080012BF                 xor     eax, ecx
.text:080012C1                 mov     ecx, [ebp+in]
.text:080012C4                 add     ecx, 52
.text:080012C7                 mov     edx, [ecx]
.text:080012C9                 add     eax, edx
.text:080012CB                 add     eax, 4E0811A1h
.text:080012D1                 mov     ecx, [ebp+b]
.text:080012D4                 add     ecx, eax
.text:080012D6                 mov     [ebp+b], ecx
.text:080012D9                 mov     eax, [ebp+b]
.text:080012DC                 shl     eax, 21
.text:080012DF                 mov     ecx, [ebp+b]
.text:080012E2                 shr     ecx, 11
.text:080012E5                 or      eax, ecx
.text:080012E7                 mov     [ebp+b], eax    ; MD5STEP(F4, b, c, d, a, in[13] + 0x4e0811a1, 21);
.text:080012EA                 mov     eax, [ebp+b]
.text:080012ED                 mov     ecx, [ebp+c]
.text:080012F0                 add     eax, ecx
.text:080012F2                 mov     [ebp+b], eax
.text:080012F5                 mov     eax, [ebp+d]
.text:080012F8                 xor     eax, 0FFFFFFFFh
.text:080012FB                 mov     ecx, [ebp+b]
.text:080012FE                 or      ecx, eax
.text:08001300                 mov     eax, [ebp+c]
.text:08001303                 xor     eax, ecx
.text:08001305                 mov     ecx, [ebp+in]
.text:08001308                 add     ecx, 16
.text:0800130B                 mov     edx, [ecx]
.text:0800130D                 add     eax, edx
.text:0800130F                 add     eax, 0F7537E82h
.text:08001315                 mov     ecx, [ebp+a]
.text:08001318                 add     ecx, eax
.text:0800131A                 mov     [ebp+a], ecx
.text:0800131D                 mov     eax, [ebp+a]
.text:08001320                 shl     eax, 6
.text:08001323                 mov     ecx, [ebp+a]
.text:08001326                 shr     ecx, 26
.text:08001329                 or      eax, ecx
.text:0800132B                 mov     [ebp+a], eax
.text:0800132E                 mov     eax, [ebp+a]
.text:08001331                 mov     ecx, [ebp+b]
.text:08001334                 add     eax, ecx
.text:08001336                 mov     [ebp+a], eax    ; MD5STEP(F4, a, b, c, d, in[4] + 0xf7537e82, 6);
.text:08001339                 mov     eax, [ebp+c]
.text:0800133C                 xor     eax, 0FFFFFFFFh
.text:0800133F                 mov     ecx, [ebp+a]
.text:08001342                 or      ecx, eax
.text:08001344                 mov     eax, [ebp+b]
.text:08001347                 xor     eax, ecx
.text:08001349                 mov     ecx, [ebp+in]
.text:0800134C                 add     ecx, 44         ; in[11]
.text:0800134F                 mov     edx, [ecx]
.text:08001351                 add     eax, edx
.text:08001353                 add     eax, 0BD3AF235h
.text:08001359                 mov     ecx, [ebp+d]
.text:0800135C                 add     ecx, eax
.text:0800135E                 mov     [ebp+d], ecx
.text:08001361                 mov     eax, [ebp+d]
.text:08001364                 shl     eax, 10
.text:08001367                 mov     ecx, [ebp+d]
.text:0800136A                 shr     ecx, 22
.text:0800136D                 or      eax, ecx
.text:0800136F                 mov     [ebp+d], eax
.text:08001372                 mov     eax, [ebp+d]
.text:08001375                 mov     ecx, [ebp+a]
.text:08001378                 add     eax, ecx
.text:0800137A                 mov     [ebp+d], eax    ; MD5STEP(F4, d, a, b, c, in[11] + 0xbd3af235, 10);
.text:0800137D                 mov     eax, [ebp+b]    ; F4(x, y, z) = (y ^ (x | ~z))
.text:08001380                 xor     eax, 0FFFFFFFFh ; ~z
.text:08001383                 mov     ecx, [ebp+d]    ; x
.text:08001386                 or      ecx, eax        ; |
.text:08001388                 mov     eax, [ebp+a]    ; y
.text:0800138B                 xor     eax, ecx        ; ^
.text:0800138D                 mov     ecx, [ebp+in]
.text:08001390                 add     ecx, 8          ; in[2]
.text:08001393                 mov     edx, [ecx]
.text:08001395                 add     eax, edx
.text:08001397                 add     eax, 2AD7D2BBh
.text:0800139D                 mov     ecx, [ebp+c]    ; w
.text:080013A0                 add     ecx, eax
.text:080013A2                 mov     [ebp+c], ecx    ; w += f(x, y, z) + data
.text:080013A5                 mov     eax, [ebp+c]
.text:080013A8                 shl     eax, 15         ; w = w<<s
.text:080013AB                 mov     ecx, [ebp+c]
.text:080013AE                 shr     ecx, 17         ; w>>(32-s) ; 32-15
.text:080013B1                 or      eax, ecx        ; w = w<<s | w>>(32-s)
.text:080013B3                 mov     [ebp+c], eax
.text:080013B6                 mov     eax, [ebp+c]
.text:080013B9                 mov     ecx, [ebp+d]
.text:080013BC                 add     eax, ecx        ; w += x
.text:080013BE                 mov     [ebp+c], eax    ; MD5STEP(F4, c, d, a, b, in[2] + 0x2ad7d2bb, 15);
.text:080013C1                 mov     eax, [ebp+a]
.text:080013C4                 xor     eax, 0FFFFFFFFh
.text:080013C7                 mov     ecx, [ebp+c]
.text:080013CA                 or      ecx, eax
.text:080013CC                 mov     eax, [ebp+d]
.text:080013CF                 xor     eax, ecx
.text:080013D1                 mov     ecx, [ebp+in]
.text:080013D4                 add     ecx, 36
.text:080013D7                 mov     edx, [ecx]
.text:080013D9                 add     eax, edx
.text:080013DB                 add     eax, 0EB86D391h
.text:080013E1                 mov     ecx, [ebp+b]
.text:080013E4                 add     ecx, eax
.text:080013E6                 mov     [ebp+b], ecx
.text:080013E9                 mov     eax, [ebp+b]
.text:080013EC                 shl     eax, 21
.text:080013EF                 mov     ecx, [ebp+b]
.text:080013F2                 shr     ecx, 11
.text:080013F5                 or      eax, ecx
.text:080013F7                 mov     [ebp+b], eax
.text:080013FA                 mov     eax, [ebp+b]
.text:080013FD                 mov     ecx, [ebp+c]
.text:08001400                 add     eax, ecx
.text:08001402                 mov     [ebp+b], eax    ; MD5STEP(F4, b, c, d, a, in[9] + 0xeb86d391, 21);
.text:08001405                 mov     eax, [ebp+buf]
.text:08001408                 mov     ecx, [eax]
.text:0800140A                 mov     edx, [ebp+a]
.text:0800140D                 add     ecx, edx
.text:0800140F                 mov     [eax], ecx      ; buf[0] += a;
.text:08001411                 mov     eax, [ebp+buf]
.text:08001414                 add     eax, 4
.text:08001417                 mov     ecx, [eax]
.text:08001419                 mov     edx, [ebp+b]
.text:0800141C                 add     ecx, edx
.text:0800141E                 mov     [eax], ecx      ; buf[1] += b;
.text:08001420                 mov     eax, [ebp+buf]
.text:08001423                 add     eax, 8
.text:08001426                 mov     ecx, [eax]
.text:08001428                 mov     edx, [ebp+c]
.text:0800142B                 add     ecx, edx
.text:0800142D                 mov     [eax], ecx      ; buf[2] += c;
.text:0800142F                 mov     eax, [ebp+buf]
.text:08001432                 add     eax, 12
.text:08001435                 mov     ecx, [eax]
.text:08001437                 mov     edx, [ebp+d]
.text:0800143A                 add     ecx, edx
.text:0800143C                 mov     [eax], ecx      ; buf[3] += d;
.text:0800143E                 leave
.text:0800143F                 retn
.text:0800143F MD5Transform    endp
.text:0800143F
.text:0800143F _text           ends
.text:0800143F
.data:08001440 ; ===========================================================================
.data:08001440
.data:08001440 ; Segment type: Zero-length
.data:08001440 ; Segment permissions: Read/Write
.data:08001440 _data           segment dword public 'DATA' use32
.data:08001440 _data           ends
.data:08001440
.bss:08001444 ; ===========================================================================
.bss:08001444
.bss:08001444 ; Segment type: Zero-length
.bss:08001444 ; Segment permissions: Read/Write
.bss:08001444 _bss            segment dword public 'BSS' use32
.bss:08001444 _bss            ends
.bss:08001444
extern:08001448 ; ===========================================================================
extern:08001448
extern:08001448 ; Segment type: Externs
extern:08001448 ; extern
extern:08001448                 extrn memcpy:near       ; ...
extern:0800144C                 extrn memset:near       ; ...
extern:0800144C
extern:0800144C
extern:0800144C                 end
