.text:08000000 ;
.text:08000000 ; +-------------------------------------------------------------------------+
.text:08000000 ; |   This file has been generated by The Interactive Disassembler (IDA)    |
.text:08000000 ; |           Copyright (c) 2018 Hex-Rays, <support@hex-rays.com>           |
.text:08000000 ; |                            Freeware version                             |
.text:08000000 ; +-------------------------------------------------------------------------+
.text:08000000 ;
.text:08000000 ; Input SHA256 : 68E64EE66650001AA23CCE83BDD1F437CE3A72ED3CFCB6ABC87D707335DF59B6
.text:08000000 ; Input MD5    : 50C68B68126BD0B59A4B9CBFD5D269CF
.text:08000000 ; Input CRC32  : 67FBD22D
.text:08000000
.text:08000000 ; File Name   : C:\Users\90542\OneDrive\Masaüstü\nasm_214_c_o\saa.o
.text:08000000 ; Format      : ELF for Intel 386 (Relocatable)
.text:08000000 ;
.text:08000000 ; Source File : 'saa.c'
.text:08000000
.text:08000000                 .686p
.text:08000000                 .mmx
.text:08000000                 .model flat
.text:08000000 .intel_syntax noprefix
.text:08000000
.text:08000000 ; ===========================================================================
.text:08000000
.text:08000000 ; Segment type: Pure code
.text:08000000 ; Segment permissions: Read/Execute
.text:08000000 _text           segment dword public 'CODE' use32
.text:08000000                 assume cs:_text
.text:08000000                 ;org 8000000h
.text:08000000                 assume es:nothing, ss:nothing, ds:_data, fs:nothing, gs:nothing
.text:08000000
.text:08000000 ; =============== S U B R O U T I N E =======================================
.text:08000000
.text:08000000 ; Attributes: bp-based frame
.text:08000000
.text:08000000 overflow_general proc near
.text:08000000
.text:08000000 var_18          = dword ptr -18h
.text:08000000 var_14          = dword ptr -14h
.text:08000000 var_10          = dword ptr -10h
.text:08000000 var_C           = dword ptr -0Ch
.text:08000000 var_4           = dword ptr -4
.text:08000000 arg_0           = dword ptr  8
.text:08000000 arg_4           = dword ptr  0Ch
.text:08000000 arg_8           = dword ptr  10h
.text:08000000
.text:08000000                 push    ebp
.text:08000001                 mov     ebp, esp
.text:08000003                 sub     esp, 18h
.text:08000009                 nop
.text:0800000A                 mov     eax, [ebp+arg_8]
.text:0800000D                 cmp     eax, 8
.text:08000010                 jl      loc_8000020
.text:08000016                 mov     eax, 0
.text:0800001B                 jmp     locret_80000D4
.text:08000020 ; ---------------------------------------------------------------------------
.text:08000020
.text:08000020 loc_8000020:                            ; ...
.text:08000020                 mov     eax, [ebp+arg_8]
.text:08000023                 shl     eax, 3
.text:08000026                 dec     eax
.text:08000027                 mov     [ebp+var_4], eax
.text:0800002A                 mov     eax, [ebp+var_4]
.text:0800002D                 push    eax
.text:0800002E                 mov     eax, 2
.text:08000033                 mov     ecx, 0
.text:08000038                 push    ecx
.text:08000039                 push    eax
.text:0800003A                 call    __ashldi3
.text:0800003F                 add     esp, 0Ch
.text:08000042                 sub     eax, 1
.text:08000045                 sbb     edx, 0
.text:08000048                 mov     [ebp+var_10], eax
.text:0800004B                 mov     [ebp+var_C], edx
.text:0800004E                 mov     eax, [ebp+var_4]
.text:08000051                 push    eax
.text:08000052                 mov     eax, 2
.text:08000057                 mov     ecx, 0
.text:0800005C                 push    ecx
.text:0800005D                 push    eax
.text:0800005E                 call    __ashldi3
.text:08000063                 add     esp, 0Ch
.text:08000066                 mov     ecx, 0
.text:0800006B                 sub     ecx, eax
.text:0800006D                 mov     eax, 0
.text:08000072                 sbb     eax, edx
.text:08000074                 mov     [ebp+var_18], ecx
.text:08000077                 mov     [ebp+var_14], eax
.text:0800007A                 mov     eax, [ebp+arg_4]
.text:0800007D                 mov     ecx, [ebp+var_14]
.text:08000080                 cmp     eax, ecx
.text:08000082                 jg      loc_80000A1
.text:08000088                 jnz     loc_800009C
.text:0800008E                 mov     eax, [ebp+arg_0]
.text:08000091                 mov     ecx, [ebp+var_18]
.text:08000094                 cmp     eax, ecx
.text:08000096                 jnb     loc_80000A1
.text:0800009C
.text:0800009C loc_800009C:                            ; ...
.text:0800009C                 jmp     loc_80000CF
.text:080000A1 ; ---------------------------------------------------------------------------
.text:080000A1
.text:080000A1 loc_80000A1:                            ; ...
.text:080000A1                 mov     eax, [ebp+arg_4]
.text:080000A4                 mov     ecx, [ebp+var_C]
.text:080000A7                 cmp     eax, ecx
.text:080000A9                 jl      loc_80000C8
.text:080000AF                 jnz     loc_80000C3
.text:080000B5                 mov     eax, [ebp+arg_0]
.text:080000B8                 mov     ecx, [ebp+var_10]
.text:080000BB                 cmp     eax, ecx
.text:080000BD                 jbe     loc_80000C8
.text:080000C3
.text:080000C3 loc_80000C3:                            ; ...
.text:080000C3                 jmp     loc_80000CF
.text:080000C8 ; ---------------------------------------------------------------------------
.text:080000C8
.text:080000C8 loc_80000C8:                            ; ...
.text:080000C8                 mov     eax, 0
.text:080000CD                 jmp     short locret_80000D4
.text:080000CF ; ---------------------------------------------------------------------------
.text:080000CF
.text:080000CF loc_80000CF:                            ; ...
.text:080000CF                 mov     eax, 1
.text:080000D4
.text:080000D4 locret_80000D4:                         ; ...
.text:080000D4                 leave
.text:080000D5                 retn
.text:080000D5 overflow_general endp
.text:080000D5
.text:080000D6
.text:080000D6 ; =============== S U B R O U T I N E =======================================
.text:080000D6
.text:080000D6 ; Attributes: bp-based frame
.text:080000D6
.text:080000D6 overflow_signed proc near
.text:080000D6
.text:080000D6 var_18          = dword ptr -18h
.text:080000D6 var_14          = dword ptr -14h
.text:080000D6 var_10          = dword ptr -10h
.text:080000D6 var_C           = dword ptr -0Ch
.text:080000D6 var_4           = dword ptr -4
.text:080000D6 arg_0           = dword ptr  8
.text:080000D6 arg_4           = dword ptr  0Ch
.text:080000D6 arg_8           = dword ptr  10h
.text:080000D6
.text:080000D6                 push    ebp
.text:080000D7                 mov     ebp, esp
.text:080000D9                 sub     esp, 18h
.text:080000DF                 nop
.text:080000E0                 mov     eax, [ebp+arg_8]
.text:080000E3                 cmp     eax, 8
.text:080000E6                 jl      loc_80000F6
.text:080000EC                 mov     eax, 0
.text:080000F1                 jmp     locret_80001AA
.text:080000F6 ; ---------------------------------------------------------------------------
.text:080000F6
.text:080000F6 loc_80000F6:                            ; ...
.text:080000F6                 mov     eax, [ebp+arg_8]
.text:080000F9                 shl     eax, 3
.text:080000FC                 dec     eax
.text:080000FD                 mov     [ebp+var_4], eax
.text:08000100                 mov     eax, [ebp+var_4]
.text:08000103                 push    eax
.text:08000104                 mov     eax, 1
.text:08000109                 mov     ecx, 0
.text:0800010E                 push    ecx
.text:0800010F                 push    eax
.text:08000110                 call    __ashldi3
.text:08000115                 add     esp, 0Ch
.text:08000118                 sub     eax, 1
.text:0800011B                 sbb     edx, 0
.text:0800011E                 mov     [ebp+var_10], eax
.text:08000121                 mov     [ebp+var_C], edx
.text:08000124                 mov     eax, [ebp+var_4]
.text:08000127                 push    eax
.text:08000128                 mov     eax, 1
.text:0800012D                 mov     ecx, 0
.text:08000132                 push    ecx
.text:08000133                 push    eax
.text:08000134                 call    __ashldi3
.text:08000139                 add     esp, 0Ch
.text:0800013C                 mov     ecx, 0
.text:08000141                 sub     ecx, eax
.text:08000143                 mov     eax, 0
.text:08000148                 sbb     eax, edx
.text:0800014A                 mov     [ebp+var_18], ecx
.text:0800014D                 mov     [ebp+var_14], eax
.text:08000150                 mov     eax, [ebp+arg_4]
.text:08000153                 mov     ecx, [ebp+var_14]
.text:08000156                 cmp     eax, ecx
.text:08000158                 jg      loc_8000177
.text:0800015E                 jnz     loc_8000172
.text:08000164                 mov     eax, [ebp+arg_0]
.text:08000167                 mov     ecx, [ebp+var_18]
.text:0800016A                 cmp     eax, ecx
.text:0800016C                 jnb     loc_8000177
.text:08000172
.text:08000172 loc_8000172:                            ; ...
.text:08000172                 jmp     loc_80001A5
.text:08000177 ; ---------------------------------------------------------------------------
.text:08000177
.text:08000177 loc_8000177:                            ; ...
.text:08000177                 mov     eax, [ebp+arg_4]
.text:0800017A                 mov     ecx, [ebp+var_C]
.text:0800017D                 cmp     eax, ecx
.text:0800017F                 jl      loc_800019E
.text:08000185                 jnz     loc_8000199
.text:0800018B                 mov     eax, [ebp+arg_0]
.text:0800018E                 mov     ecx, [ebp+var_10]
.text:08000191                 cmp     eax, ecx
.text:08000193                 jbe     loc_800019E
.text:08000199
.text:08000199 loc_8000199:                            ; ...
.text:08000199                 jmp     loc_80001A5
.text:0800019E ; ---------------------------------------------------------------------------
.text:0800019E
.text:0800019E loc_800019E:                            ; ...
.text:0800019E                 mov     eax, 0
.text:080001A3                 jmp     short locret_80001AA
.text:080001A5 ; ---------------------------------------------------------------------------
.text:080001A5
.text:080001A5 loc_80001A5:                            ; ...
.text:080001A5                 mov     eax, 1
.text:080001AA
.text:080001AA locret_80001AA:                         ; ...
.text:080001AA                 leave
.text:080001AB                 retn
.text:080001AB overflow_signed endp
.text:080001AB
.text:080001AC
.text:080001AC ; =============== S U B R O U T I N E =======================================
.text:080001AC
.text:080001AC ; Attributes: bp-based frame
.text:080001AC
.text:080001AC overflow_unsigned proc near
.text:080001AC
.text:080001AC var_18          = dword ptr -18h
.text:080001AC var_14          = dword ptr -14h
.text:080001AC var_10          = dword ptr -10h
.text:080001AC var_C           = dword ptr -0Ch
.text:080001AC var_4           = dword ptr -4
.text:080001AC arg_0           = dword ptr  8
.text:080001AC arg_4           = dword ptr  0Ch
.text:080001AC arg_8           = dword ptr  10h
.text:080001AC
.text:080001AC                 push    ebp
.text:080001AD                 mov     ebp, esp
.text:080001AF                 sub     esp, 18h
.text:080001B5                 nop
.text:080001B6                 mov     eax, [ebp+arg_8]
.text:080001B9                 cmp     eax, 8
.text:080001BC                 jl      loc_80001CC
.text:080001C2                 mov     eax, 0
.text:080001C7                 jmp     locret_8000264
.text:080001CC ; ---------------------------------------------------------------------------
.text:080001CC
.text:080001CC loc_80001CC:                            ; ...
.text:080001CC                 mov     eax, [ebp+arg_8]
.text:080001CF                 shl     eax, 3
.text:080001D2                 dec     eax
.text:080001D3                 mov     [ebp+var_4], eax
.text:080001D6                 mov     eax, [ebp+var_4]
.text:080001D9                 push    eax
.text:080001DA                 mov     eax, 2
.text:080001DF                 mov     ecx, 0
.text:080001E4                 push    ecx
.text:080001E5                 push    eax
.text:080001E6                 call    __ashldi3
.text:080001EB                 add     esp, 0Ch
.text:080001EE                 sub     eax, 1
.text:080001F1                 sbb     edx, 0
.text:080001F4                 mov     [ebp+var_10], eax
.text:080001F7                 mov     [ebp+var_C], edx
.text:080001FA                 mov     eax, 0
.text:080001FF                 mov     ecx, 0
.text:08000204                 mov     [ebp+var_18], eax
.text:08000207                 mov     [ebp+var_14], ecx
.text:0800020A                 mov     eax, [ebp+arg_4]
.text:0800020D                 mov     ecx, [ebp+var_14]
.text:08000210                 cmp     eax, ecx
.text:08000212                 jg      loc_8000231
.text:08000218                 jnz     loc_800022C
.text:0800021E                 mov     eax, [ebp+arg_0]
.text:08000221                 mov     ecx, [ebp+var_18]
.text:08000224                 cmp     eax, ecx
.text:08000226                 jnb     loc_8000231
.text:0800022C
.text:0800022C loc_800022C:                            ; ...
.text:0800022C                 jmp     loc_800025F
.text:08000231 ; ---------------------------------------------------------------------------
.text:08000231
.text:08000231 loc_8000231:                            ; ...
.text:08000231                 mov     eax, [ebp+arg_4]
.text:08000234                 mov     ecx, [ebp+var_C]
.text:08000237                 cmp     eax, ecx
.text:08000239                 jl      loc_8000258
.text:0800023F                 jnz     loc_8000253
.text:08000245                 mov     eax, [ebp+arg_0]
.text:08000248                 mov     ecx, [ebp+var_10]
.text:0800024B                 cmp     eax, ecx
.text:0800024D                 jbe     loc_8000258
.text:08000253
.text:08000253 loc_8000253:                            ; ...
.text:08000253                 jmp     loc_800025F
.text:08000258 ; ---------------------------------------------------------------------------
.text:08000258
.text:08000258 loc_8000258:                            ; ...
.text:08000258                 mov     eax, 0
.text:0800025D                 jmp     short locret_8000264
.text:0800025F ; ---------------------------------------------------------------------------
.text:0800025F
.text:0800025F loc_800025F:                            ; ...
.text:0800025F                 mov     eax, 1
.text:08000264
.text:08000264 locret_8000264:                         ; ...
.text:08000264                 leave
.text:08000265                 retn
.text:08000265 overflow_unsigned endp
.text:08000265
.text:08000266
.text:08000266 ; =============== S U B R O U T I N E =======================================
.text:08000266
.text:08000266 ; Attributes: bp-based frame
.text:08000266
.text:08000266 signed_bits     proc near
.text:08000266
.text:08000266 arg_0           = dword ptr  8
.text:08000266 arg_4           = dword ptr  0Ch
.text:08000266 arg_8           = dword ptr  10h
.text:08000266
.text:08000266                 push    ebp
.text:08000267                 mov     ebp, esp
.text:08000269                 sub     esp, 0
.text:0800026F                 nop
.text:08000270                 mov     eax, [ebp+arg_8]
.text:08000273                 cmp     eax, 40h
.text:08000276                 jge     loc_8000307
.text:0800027C                 mov     eax, [ebp+arg_8]
.text:0800027F                 push    eax
.text:08000280                 mov     eax, 1
.text:08000285                 mov     ecx, 0
.text:0800028A                 push    ecx
.text:0800028B                 push    eax
.text:0800028C                 call    __ashldi3
.text:08000291                 add     esp, 0Ch
.text:08000294                 sub     eax, 1
.text:08000297                 sbb     edx, 0
.text:0800029A                 mov     ecx, [ebp+arg_0]
.text:0800029D                 and     ecx, eax
.text:0800029F                 mov     eax, [ebp+arg_4]
.text:080002A2                 and     eax, edx
.text:080002A4                 mov     [ebp+arg_0], ecx
.text:080002A7                 mov     [ebp+arg_4], eax
.text:080002AA                 mov     eax, [ebp+arg_8]
.text:080002AD                 dec     eax
.text:080002AE                 push    eax
.text:080002AF                 mov     eax, 1
.text:080002B4                 mov     ecx, 0
.text:080002B9                 push    ecx
.text:080002BA                 push    eax
.text:080002BB                 call    __ashldi3
.text:080002C0                 add     esp, 0Ch
.text:080002C3                 mov     ecx, [ebp+arg_0]
.text:080002C6                 and     ecx, eax
.text:080002C8                 mov     eax, [ebp+arg_4]
.text:080002CB                 and     eax, edx
.text:080002CD                 cmp     eax, 0
.text:080002D0                 jnz     loc_80002DF
.text:080002D6                 cmp     ecx, 0
.text:080002D9                 jz      loc_8000307
.text:080002DF
.text:080002DF loc_80002DF:                            ; ...
.text:080002DF                 mov     eax, [ebp+arg_8]
.text:080002E2                 push    eax
.text:080002E3                 mov     eax, 0FFFFFFFFh
.text:080002E8                 mov     ecx, 0FFFFFFFFh
.text:080002ED                 push    ecx
.text:080002EE                 push    eax
.text:080002EF                 call    __ashldi3
.text:080002F4                 add     esp, 0Ch
.text:080002F7                 mov     ecx, [ebp+arg_0]
.text:080002FA                 or      ecx, eax
.text:080002FC                 mov     eax, [ebp+arg_4]
.text:080002FF                 or      eax, edx
.text:08000301                 mov     [ebp+arg_0], ecx
.text:08000304                 mov     [ebp+arg_4], eax
.text:08000307
.text:08000307 loc_8000307:                            ; ...
.text:08000307                 mov     eax, [ebp+arg_0]
.text:0800030A                 mov     edx, [ebp+arg_4]
.text:0800030D                 leave
.text:0800030E                 retn
.text:0800030E signed_bits     endp
.text:0800030E
.text:0800030F
.text:0800030F ; =============== S U B R O U T I N E =======================================
.text:0800030F
.text:0800030F ; Attributes: bp-based frame
.text:0800030F
.text:0800030F                 public saa_init
.text:0800030F saa_init        proc near
.text:0800030F
.text:0800030F tmp3            = dword ptr -14h
.text:0800030F tmp2            = dword ptr -10h
.text:0800030F tmp1            = dword ptr -0Ch
.text:0800030F data            = dword ptr -8
.text:0800030F s               = dword ptr -4
.text:0800030F elem_len        = dword ptr  8
.text:0800030F
.text:0800030F                 push    ebp             ; struct SAA *saa_init(size_t elem_len)
.text:08000310                 mov     ebp, esp        ; struct SAA *s;
.text:08000312                 sub     esp, 20         ; char *data;
.text:08000318                 nop
.text:08000319                 mov     eax, 52         ; sizeof(struct SAA)
.text:0800031E                 push    eax
.text:0800031F                 call    nasm_zalloc
.text:08000324                 add     esp, 4
.text:08000327                 mov     [ebp+s], eax    ; s = nasm_zalloc(sizeof(struct SAA));
.text:0800032A                 mov     eax, [ebp+elem_len] ; #define SAA_BLKSHIFT 16
.text:0800032A                                         ; #define SAA_BLKLEN ((size_t)1 << SAA_BLKSHIFT)
.text:0800032D                 cmp     eax, 10000h     ; if (elem_len >= SAA_BLKLEN)
.text:08000333                 jb      si_1
.text:08000339                 mov     eax, [ebp+s]
.text:0800033C                 add     eax, 4
.text:0800033F                 mov     ecx, [ebp+elem_len]
.text:08000342                 mov     [eax], ecx      ; s->blk_len = elem_len;
.text:08000344                 jmp     si_2
.text:08000349 ; ---------------------------------------------------------------------------
.text:08000349
.text:08000349 si_1:                                   ; ...
.text:08000349                 mov     eax, [ebp+s]    ; s->blk_len = SAA_BLKLEN - (SAA_BLKLEN % elem_len);
.text:0800034C                 add     eax, 4
.text:0800034F                 mov     [ebp+tmp1], eax
.text:08000352                 mov     eax, 10000h     ; SAA_BLKLEN = 65536
.text:08000357                 mov     ecx, [ebp+elem_len]
.text:0800035A                 xor     edx, edx
.text:0800035C                 div     ecx
.text:0800035E                 mov     eax, 10000h
.text:08000363                 sub     eax, edx
.text:08000365                 mov     ecx, [ebp+tmp1]
.text:08000368                 mov     [ecx], eax
.text:0800036A
.text:0800036A si_2:                                   ; ...
.text:0800036A                 mov     eax, [ebp+s]
.text:0800036D                 mov     ecx, [ebp+elem_len]
.text:08000370                 mov     [eax], ecx      ; s->elem_len = elem_len;
.text:08000372                 mov     eax, [ebp+s]
.text:08000375                 add     eax, 16         ; s->length address
.text:08000378                 mov     ecx, [ebp+s]
.text:0800037B                 add     ecx, 4
.text:0800037E                 mov     edx, [ecx]      ; s->blk_len
.text:08000380                 mov     [eax], edx      ; s->length = s->blk_len;
.text:08000382                 mov     eax, [ebp+s]
.text:08000385                 add     eax, 4
.text:08000388                 mov     ecx, [eax]
.text:0800038A                 push    ecx
.text:0800038B                 call    nasm_malloc
.text:08000390                 add     esp, 4
.text:08000393                 mov     [ebp+data], eax ; data = nasm_malloc(s->blk_len);
.text:08000396                 mov     eax, [ebp+s]
.text:08000399                 add     eax, 12
.text:0800039C                 mov     ecx, [ebp+s]
.text:0800039F                 add     ecx, 8
.text:080003A2                 mov     edx, 1
.text:080003A7                 mov     [ecx], edx      ; s->nblkptrs = s->nblks = 1;
.text:080003A9                 mov     [eax], edx
.text:080003AB                 mov     eax, [ebp+s]
.text:080003AE                 add     eax, 48
.text:080003B1                 mov     ecx, 4          ; sizeof(char *)
.text:080003B6                 push    ecx
.text:080003B7                 mov     [ebp+tmp2], eax ; s->blk_ptrs address
.text:080003BA                 call    nasm_malloc
.text:080003BF                 add     esp, 4
.text:080003C2                 mov     ecx, [ebp+tmp2]
.text:080003C5                 mov     [ecx], eax      ; s->blk_ptrs = nasm_malloc(sizeof(char *));
.text:080003C7                 mov     eax, [ebp+s]
.text:080003CA                 add     eax, 48
.text:080003CD                 mov     ecx, [eax]
.text:080003CF                 mov     eax, [ebp+data]
.text:080003D2                 mov     [ecx], eax      ; s->blk_ptrs[0] = data;
.text:080003D4                 mov     eax, [ebp+s]
.text:080003D7                 add     eax, 24
.text:080003DA                 mov     ecx, [ebp+s]
.text:080003DD                 add     ecx, 36
.text:080003E0                 mov     edx, [ebp+s]
.text:080003E3                 add     edx, 48
.text:080003E6                 mov     [ebp+tmp3], eax
.text:080003E9                 mov     eax, [edx]
.text:080003EB                 mov     [ecx], eax
.text:080003ED                 mov     ecx, [ebp+tmp3]
.text:080003F0                 mov     [ecx], eax      ; s->wblk = s->rblk = &s->blk_ptrs[0];
.text:080003F2                 mov     eax, [ebp+s]    ; return s;
.text:080003F5                 leave
.text:080003F6                 retn
.text:080003F6 saa_init        endp
.text:080003F6
.text:080003F7
.text:080003F7 ; =============== S U B R O U T I N E =======================================
.text:080003F7
.text:080003F7 ; Attributes: bp-based frame
.text:080003F7
.text:080003F7                 public saa_free
.text:080003F7 saa_free        proc near
.text:080003F7
.text:080003F7 n               = dword ptr -8
.text:080003F7 p               = dword ptr -4
.text:080003F7 s               = dword ptr  8
.text:080003F7
.text:080003F7                 push    ebp             ; void saa_free(struct SAA *s)
.text:080003F8                 mov     ebp, esp        ; char **p;
.text:080003FA                 sub     esp, 8          ; size_t n;
.text:08000400                 nop
.text:08000401                 mov     eax, [ebp+s]    ; for (p = s->blk_ptrs, n = s->nblks; n; p++, n--)
.text:08000404                 add     eax, 48
.text:08000407                 mov     ecx, [eax]      ; s->blk_ptrs
.text:08000409                 mov     [ebp+p], ecx    ; p = s->blk_ptrs
.text:0800040C                 mov     eax, [ebp+s]
.text:0800040F                 add     eax, 8
.text:08000412                 mov     ecx, [eax]      ; s->nblks
.text:08000414                 mov     [ebp+n], ecx    ; n = s->nblks
.text:08000417
.text:08000417 sf_1:                                   ; ...
.text:08000417                 mov     eax, [ebp+n]    ; (if) n
.text:0800041A                 cmp     eax, 0
.text:0800041D                 jz      sf_4
.text:08000423                 jmp     sf_3
.text:08000428 ; ---------------------------------------------------------------------------
.text:08000428
.text:08000428 sf_2:                                   ; ...
.text:08000428                 mov     eax, [ebp+p]    ; (next)
.text:0800042B                 mov     ecx, eax
.text:0800042D                 add     eax, 4          ; p++
.text:08000430                 mov     [ebp+p], eax
.text:08000433                 mov     eax, [ebp+n]
.text:08000436                 mov     ecx, eax
.text:08000438                 add     eax, -1
.text:0800043B                 mov     [ebp+n], eax    ; n--
.text:0800043E                 jmp     short sf_1
.text:08000440 ; ---------------------------------------------------------------------------
.text:08000440
.text:08000440 sf_3:                                   ; ...
.text:08000440                 mov     eax, [ebp+p]
.text:08000443                 mov     ecx, [eax]
.text:08000445                 push    ecx
.text:08000446                 call    nasm_free       ; nasm_free(*p);
.text:0800044B                 add     esp, 4
.text:0800044E                 jmp     short sf_2
.text:08000450 ; ---------------------------------------------------------------------------
.text:08000450
.text:08000450 sf_4:                                   ; ...
.text:08000450                 mov     eax, [ebp+s]
.text:08000453                 add     eax, 48
.text:08000456                 mov     ecx, [eax]
.text:08000458                 push    ecx
.text:08000459                 call    nasm_free       ; nasm_free(s->blk_ptrs);
.text:0800045E                 add     esp, 4
.text:08000461                 mov     eax, [ebp+s]
.text:08000464                 push    eax
.text:08000465                 call    nasm_free       ; nasm_free(s);
.text:0800046A                 add     esp, 4
.text:0800046D                 leave
.text:0800046E                 retn
.text:0800046E saa_free        endp
.text:0800046E
.text:0800046F
.text:0800046F ; =============== S U B R O U T I N E =======================================
.text:0800046F
.text:0800046F ; Attributes: bp-based frame
.text:0800046F
.text:0800046F saa_extend      proc near               ; ...
.text:0800046F
.text:0800046F tmp5            = dword ptr -20h
.text:0800046F tmp4            = dword ptr -1Ch
.text:0800046F tmp3            = dword ptr -18h
.text:0800046F tmp2            = dword ptr -14h
.text:0800046F tmp1            = dword ptr -10h
.text:0800046F windex          = dword ptr -0Ch
.text:0800046F rindex          = dword ptr -8
.text:0800046F blkn            = dword ptr -4
.text:0800046F s               = dword ptr  8
.text:0800046F
.text:0800046F                 push    ebp             ; /* Add one allocation block to an SAA */
.text:0800046F                                         ; static void saa_extend(struct SAA *s)
.text:08000470                 mov     ebp, esp
.text:08000472                 sub     esp, 32
.text:08000478                 nop
.text:08000479                 mov     eax, [ebp+s]
.text:0800047C                 add     eax, 8
.text:0800047F                 mov     ecx, [eax]
.text:08000481                 mov     edx, ecx
.text:08000483                 inc     ecx
.text:08000484                 mov     [eax], ecx
.text:08000486                 mov     [ebp+blkn], edx ; size_t blkn = s->nblks++;
.text:08000489                 mov     eax, [ebp+s]
.text:0800048C                 add     eax, 12         ; s->nblkptrs address
.text:0800048F                 mov     ecx, [ebp+blkn]
.text:08000492                 mov     edx, [eax]
.text:08000494                 cmp     ecx, edx        ; if (blkn >= s->nblkptrs) {
.text:08000496                 jb      se_1
.text:0800049C                 mov     eax, [ebp+s]
.text:0800049F                 add     eax, 36
.text:080004A2                 mov     ecx, [ebp+s]
.text:080004A5                 add     ecx, 48
.text:080004A8                 mov     edx, [eax]
.text:080004AA                 mov     eax, [ecx]
.text:080004AC                 sub     edx, eax
.text:080004AE                 sar     edx, 2
.text:080004B1                 mov     [ebp+rindex], edx ; size_t rindex = s->rblk - s->blk_ptrs;
.text:080004B4                 mov     eax, [ebp+s]
.text:080004B7                 add     eax, 24
.text:080004BA                 mov     ecx, [ebp+s]
.text:080004BD                 add     ecx, 48
.text:080004C0                 mov     edx, [eax]
.text:080004C2                 mov     eax, [ecx]
.text:080004C4                 sub     edx, eax
.text:080004C6                 sar     edx, 2
.text:080004C9                 mov     [ebp+windex], edx ; size_t windex = s->wblk - s->blk_ptrs;
.text:080004CC                 mov     eax, [ebp+s]
.text:080004CF                 add     eax, 12
.text:080004D2                 mov     ecx, [eax]
.text:080004D4                 shl     ecx, 1
.text:080004D7                 mov     [eax], ecx      ; s->nblkptrs <<= 1;
.text:080004D9                 mov     eax, [ebp+s]
.text:080004DC                 add     eax, 48
.text:080004DF                 mov     ecx, [ebp+s]
.text:080004E2                 add     ecx, 48         ; s->blk_ptrs address
.text:080004E5                 mov     edx, [ebp+s]
.text:080004E8                 add     edx, 12         ; s->nblkptrs address
.text:080004EB                 mov     [ebp+tmp1], eax ; s->blk_ptrs address
.text:080004EE                 mov     eax, [edx]
.text:080004F0                 shl     eax, 2          ; * sizeof(char *)
.text:080004F3                 push    eax
.text:080004F4                 mov     eax, [ecx]      ; s->blk_ptrs
.text:080004F6                 push    eax
.text:080004F7                 call    nasm_realloc
.text:080004FC                 add     esp, 8
.text:080004FF                 mov     ecx, [ebp+tmp1]
.text:08000502                 mov     [ecx], eax      ; s->blk_ptrs =
.text:08000502                                         ; nasm_realloc(s->blk_ptrs, s->nblkptrs * sizeof(char *));
.text:08000504                 mov     eax, [ebp+s]
.text:08000507                 add     eax, 36
.text:0800050A                 mov     ecx, [ebp+s]
.text:0800050D                 add     ecx, 48
.text:08000510                 mov     edx, [ebp+rindex]
.text:08000513                 shl     edx, 2
.text:08000516                 mov     [ebp+tmp2], eax
.text:08000519                 mov     eax, [ecx]      ; s->blk_ptrs
.text:0800051B                 add     eax, edx
.text:0800051D                 mov     ecx, [ebp+tmp2]
.text:08000520                 mov     [ecx], eax      ; s->rblk = s->blk_ptrs + rindex;
.text:08000522                 mov     eax, [ebp+s]
.text:08000525                 add     eax, 24
.text:08000528                 mov     ecx, [ebp+s]
.text:0800052B                 add     ecx, 48
.text:0800052E                 mov     edx, [ebp+windex]
.text:08000531                 shl     edx, 2
.text:08000534                 mov     [ebp+tmp3], eax
.text:08000537                 mov     eax, [ecx]      ; s->blk_ptrs
.text:08000539                 add     eax, edx
.text:0800053B                 mov     ecx, [ebp+tmp3]
.text:0800053E                 mov     [ecx], eax      ; s->wblk = s->blk_ptrs + windex;
.text:08000540
.text:08000540 se_1:                                   ; ...
.text:08000540                 mov     eax, [ebp+s]
.text:08000543                 add     eax, 48
.text:08000546                 mov     ecx, [ebp+blkn]
.text:08000549                 shl     ecx, 2
.text:0800054C                 mov     edx, [eax]
.text:0800054E                 add     edx, ecx
.text:08000550                 mov     eax, [ebp+s]
.text:08000553                 add     eax, 4
.text:08000556                 mov     ecx, [eax]      ; s->blk_len
.text:08000558                 push    ecx
.text:08000559                 mov     [ebp+tmp4], edx ; s->blk_ptrs[blkn]
.text:0800055C                 call    nasm_malloc
.text:08000561                 add     esp, 4
.text:08000564                 mov     ecx, [ebp+tmp4]
.text:08000567                 mov     [ecx], eax      ; s->blk_ptrs[blkn] = nasm_malloc(s->blk_len)
.text:08000569                 mov     eax, [ebp+s]
.text:0800056C                 add     eax, 16
.text:0800056F                 mov     ecx, [ebp+s]
.text:08000572                 add     ecx, 4          ; s->blk_len address
.text:08000575                 mov     edx, [eax]      ; s->length
.text:08000577                 mov     [ebp+tmp5], eax ; s->length address
.text:0800057A                 mov     eax, [ecx]      ; s->blk_len
.text:0800057C                 add     edx, eax
.text:0800057E                 mov     eax, [ebp+tmp5]
.text:08000581                 mov     [eax], edx      ; s->length += s->blk_len;
.text:08000583                 leave
.text:08000584                 retn
.text:08000584 saa_extend      endp
.text:08000584
.text:08000585
.text:08000585 ; =============== S U B R O U T I N E =======================================
.text:08000585
.text:08000585 ; Attributes: bp-based frame
.text:08000585
.text:08000585                 public saa_wstruct
.text:08000585 saa_wstruct     proc near
.text:08000585
.text:08000585 tmp4            = dword ptr -14h
.text:08000585 tmp3            = dword ptr -10h
.text:08000585 tmp2            = dword ptr -0Ch
.text:08000585 tmp1            = dword ptr -8
.text:08000585 p               = dword ptr -4
.text:08000585 s               = dword ptr  8
.text:08000585
.text:08000585                 push    ebp             ; void *saa_wstruct(struct SAA *s)
.text:08000586                 mov     ebp, esp
.text:08000588                 sub     esp, 20         ; void *p;
.text:0800058E                 nop
.text:0800058F                 mov     eax, [ebp+s]    ; nasm_assert((s->wpos % s->elem_len) == 0);
.text:08000592                 add     eax, 28
.text:08000595                 mov     ecx, [ebp+s]
.text:08000598                 mov     [ebp+tmp1], eax
.text:0800059B                 mov     eax, [ebp+tmp1]
.text:0800059E                 mov     eax, [eax]      ; s->wpos
.text:080005A0                 mov     [ebp+tmp2], ecx
.text:080005A3                 mov     ecx, [ebp+tmp2]
.text:080005A6                 mov     ecx, [ecx]
.text:080005A8                 xor     edx, edx
.text:080005AA                 div     ecx             ; s->wpos % s->elem_len
.text:080005AC                 cmp     edx, 0          ; s->elem_len
.text:080005AF                 jz      sw_1
.text:080005B5                 mov     eax, offset L_200 ; "(s->wpos % s->elem_len) == 0"
.text:080005BA                 push    eax
.text:080005BB                 mov     eax, 102        ; (saa.c line 102)
.text:080005C0                 push    eax
.text:080005C1                 mov     eax, offset L_199 ; "saa.c"
.text:080005C6                 push    eax
.text:080005C7                 call    nasm_assert_failed
.text:080005CC                 add     esp, 12
.text:080005CF
.text:080005CF sw_1:                                   ; ...
.text:080005CF                 mov     eax, [ebp+s]    ; if (s->wpos + s->elem_len > s->blk_len) {
.text:080005D2                 add     eax, 28
.text:080005D5                 mov     ecx, [ebp+s]
.text:080005D8                 mov     edx, [eax]      ; s->wpos
.text:080005DA                 mov     eax, [ecx]
.text:080005DC                 add     edx, eax        ; s->wpos + s->elem_len
.text:080005DE                 mov     eax, [ebp+s]
.text:080005E1                 add     eax, 4
.text:080005E4                 mov     ecx, [eax]      ; s->blk_len
.text:080005E6                 cmp     edx, ecx
.text:080005E8                 jbe     sw_4
.text:080005EE                 mov     eax, [ebp+s]    ; nasm_assert(s->wpos == s->blk_len);
.text:080005F1                 add     eax, 28
.text:080005F4                 mov     ecx, [ebp+s]
.text:080005F7                 add     ecx, 4
.text:080005FA                 mov     edx, [eax]
.text:080005FC                 mov     eax, [ecx]
.text:080005FE                 cmp     edx, eax
.text:08000600                 jz      sw_2
.text:08000606                 mov     eax, offset L_202 ; "s->wpos == s->blk_len"
.text:0800060B                 push    eax
.text:0800060C                 mov     eax, 105        ; (saa.c line 105)
.text:08000611                 push    eax
.text:08000612                 mov     eax, offset L_201 ; "saa.c"
.text:08000617                 push    eax
.text:08000618                 call    nasm_assert_failed
.text:0800061D                 add     esp, 12
.text:08000620
.text:08000620 sw_2:                                   ; ...
.text:08000620                 mov     eax, [ebp+s]    ; if (s->wptr + s->elem_len > s->length)
.text:08000623                 add     eax, 32
.text:08000626                 mov     ecx, [ebp+s]
.text:08000629                 mov     edx, [eax]      ; s->wptr
.text:0800062B                 mov     eax, [ecx]      ; s->elem_len
.text:0800062D                 add     edx, eax
.text:0800062F                 mov     eax, [ebp+s]
.text:08000632                 add     eax, 16
.text:08000635                 mov     ecx, [eax]      ; s->length
.text:08000637                 cmp     edx, ecx
.text:08000639                 jbe     sw_3
.text:0800063F                 mov     eax, [ebp+s]
.text:08000642                 push    eax
.text:08000643                 call    saa_extend      ; saa_extend(s);
.text:08000648                 add     esp, 4
.text:0800064B
.text:0800064B sw_3:                                   ; ...
.text:0800064B                 mov     eax, [ebp+s]    ; s->wblk++;
.text:0800064E                 add     eax, 24
.text:08000651                 mov     ecx, [eax]
.text:08000653                 mov     edx, ecx
.text:08000655                 add     ecx, 4
.text:08000658                 mov     [eax], ecx
.text:0800065A                 mov     eax, [ebp+s]
.text:0800065D                 add     eax, 28
.text:08000660                 mov     ecx, 0
.text:08000665                 mov     [eax], ecx      ; s->wpos = 0;
.text:08000667
.text:08000667 sw_4:                                   ; ...
.text:08000667                 mov     eax, [ebp+s]
.text:0800066A                 add     eax, 24
.text:0800066D                 mov     ecx, [eax]      ; s->wblk
.text:0800066F                 mov     eax, [ebp+s]
.text:08000672                 add     eax, 28
.text:08000675                 mov     edx, [eax]      ; s->wpos
.text:08000677                 mov     eax, [ecx]      ; *s->wblk
.text:08000679                 add     eax, edx
.text:0800067B                 mov     [ebp+p], eax    ; p = *s->wblk + s->wpos;
.text:0800067E                 mov     eax, [ebp+s]
.text:08000681                 add     eax, 28
.text:08000684                 mov     ecx, [ebp+s]
.text:08000687                 mov     edx, [eax]
.text:08000689                 mov     [ebp+tmp3], eax ; s->wpos
.text:0800068C                 mov     eax, [ecx]      ; s->elem_len
.text:0800068E                 add     edx, eax
.text:08000690                 mov     eax, [ebp+tmp3]
.text:08000693                 mov     [eax], edx      ; s->wpos += s->elem_len;
.text:08000695                 mov     eax, [ebp+s]
.text:08000698                 add     eax, 32
.text:0800069B                 mov     ecx, [ebp+s]
.text:0800069E                 mov     edx, [eax]      ; s->wptr
.text:080006A0                 mov     [ebp+tmp4], eax
.text:080006A3                 mov     eax, [ecx]      ; s->elem_len
.text:080006A5                 add     edx, eax
.text:080006A7                 mov     eax, [ebp+tmp4]
.text:080006AA                 mov     [eax], edx      ; s->wptr += s->elem_len;
.text:080006AC                 mov     eax, [ebp+s]
.text:080006AF                 add     eax, 32         ; s->wptr address
.text:080006B2                 mov     ecx, [ebp+s]
.text:080006B5                 add     ecx, 20         ; s->datalen address
.text:080006B8                 mov     edx, [eax]      ; s->wptr
.text:080006BA                 mov     eax, [ecx]      ; s->datalen
.text:080006BC                 cmp     edx, eax        ; if (s->wptr > s->datalen)
.text:080006BE                 jbe     sw_5
.text:080006C4                 mov     eax, [ebp+s]
.text:080006C7                 add     eax, 20
.text:080006CA                 mov     ecx, [ebp+s]
.text:080006CD                 add     ecx, 32
.text:080006D0                 mov     edx, [ecx]
.text:080006D2                 mov     [eax], edx      ; s->datalen = s->wptr;
.text:080006D4
.text:080006D4 sw_5:                                   ; ...
.text:080006D4                 mov     eax, [ebp+p]    ; return p;
.text:080006D7                 leave
.text:080006D8                 retn
.text:080006D8 saa_wstruct     endp
.text:080006D8
.text:080006D9
.text:080006D9 ; =============== S U B R O U T I N E =======================================
.text:080006D9
.text:080006D9 ; Attributes: bp-based frame
.text:080006D9
.text:080006D9                 public saa_wbytes
.text:080006D9 saa_wbytes      proc near               ; ...
.text:080006D9
.text:080006D9 l               = dword ptr -8
.text:080006D9 d               = dword ptr -4
.text:080006D9 s               = dword ptr  8
.text:080006D9 data            = dword ptr  0Ch
.text:080006D9 len             = dword ptr  10h
.text:080006D9
.text:080006D9                 push    ebp             ; void saa_wbytes(struct SAA *s, const void *data, size_t len)
.text:080006DA                 mov     ebp, esp
.text:080006DC                 sub     esp, 8
.text:080006E2                 nop
.text:080006E3                 mov     eax, [ebp+data]
.text:080006E6                 mov     [ebp+d], eax    ; const char *d = data;
.text:080006E9
.text:080006E9 swb_1:                                  ; ...
.text:080006E9                 mov     eax, [ebp+len]
.text:080006EC                 cmp     eax, 0          ; while (len) {
.text:080006EF                 jz      swb_8
.text:080006F5                 mov     eax, [ebp+s]
.text:080006F8                 add     eax, 4
.text:080006FB                 mov     ecx, [ebp+s]
.text:080006FE                 add     ecx, 28
.text:08000701                 mov     edx, [eax]
.text:08000703                 mov     eax, [ecx]
.text:08000705                 sub     edx, eax
.text:08000707                 mov     [ebp+l], edx    ; size_t l = s->blk_len - s->wpos;
.text:0800070A                 mov     eax, [ebp+l]
.text:0800070D                 mov     ecx, [ebp+len]
.text:08000710                 cmp     eax, ecx        ; if (l > len)
.text:08000712                 jbe     swb_2
.text:08000718                 mov     eax, [ebp+len]
.text:0800071B                 mov     [ebp+l], eax    ; l = len;
.text:0800071E
.text:0800071E swb_2:                                  ; ...
.text:0800071E                 mov     eax, [ebp+l]    ; if (l) {
.text:08000721                 cmp     eax, 0
.text:08000724                 jz      swb_5
.text:0800072A                 mov     eax, [ebp+d]    ; if (d) {
.text:0800072D                 cmp     eax, 0
.text:08000730                 jz      swb_3
.text:08000736                 mov     eax, [ebp+s]    ; memcpy(*s->wblk + s->wpos, d, l);
.text:08000739                 add     eax, 24
.text:0800073C                 mov     ecx, [eax]
.text:0800073E                 mov     eax, [ebp+s]
.text:08000741                 add     eax, 28
.text:08000744                 mov     edx, [eax]
.text:08000746                 mov     eax, [ecx]
.text:08000748                 add     eax, edx
.text:0800074A                 mov     ecx, [ebp+l]
.text:0800074D                 push    ecx
.text:0800074E                 mov     ecx, [ebp+d]
.text:08000751                 push    ecx
.text:08000752                 push    eax
.text:08000753                 call    memcpy
.text:08000758                 add     esp, 12
.text:0800075B                 mov     eax, [ebp+l]
.text:0800075E                 mov     ecx, [ebp+d]
.text:08000761                 add     ecx, eax
.text:08000763                 mov     [ebp+d], ecx    ; d += l;
.text:08000766                 jmp     swb_4
.text:0800076B ; ---------------------------------------------------------------------------
.text:0800076B
.text:0800076B swb_3:                                  ; ...
.text:0800076B                 mov     eax, [ebp+s]    ; } else
.text:0800076E                 add     eax, 24         ; memset(*s->wblk + s->wpos, 0, l);
.text:08000771                 mov     ecx, [eax]
.text:08000773                 mov     eax, [ebp+s]
.text:08000776                 add     eax, 28
.text:08000779                 mov     edx, [eax]
.text:0800077B                 mov     eax, [ecx]
.text:0800077D                 add     eax, edx
.text:0800077F                 mov     ecx, [ebp+l]
.text:08000782                 push    ecx
.text:08000783                 mov     ecx, 0
.text:08000788                 push    ecx
.text:08000789                 push    eax
.text:0800078A                 call    memset
.text:0800078F                 add     esp, 12
.text:08000792
.text:08000792 swb_4:                                  ; ...
.text:08000792                 mov     eax, [ebp+s]
.text:08000795                 add     eax, 28
.text:08000798                 mov     ecx, [eax]
.text:0800079A                 mov     edx, [ebp+l]
.text:0800079D                 add     ecx, edx
.text:0800079F                 mov     [eax], ecx      ; s->wpos += l;
.text:080007A1                 mov     eax, [ebp+s]
.text:080007A4                 add     eax, 32
.text:080007A7                 mov     ecx, [eax]
.text:080007A9                 mov     edx, [ebp+l]
.text:080007AC                 add     ecx, edx
.text:080007AE                 mov     [eax], ecx      ; s->wptr += l;
.text:080007B0                 mov     eax, [ebp+len]
.text:080007B3                 mov     ecx, [ebp+l]
.text:080007B6                 sub     eax, ecx
.text:080007B8                 mov     [ebp+len], eax  ; len -= l;
.text:080007BB                 mov     eax, [ebp+s]
.text:080007BE                 add     eax, 20
.text:080007C1                 mov     ecx, [ebp+s]
.text:080007C4                 add     ecx, 32
.text:080007C7                 mov     edx, [eax]
.text:080007C9                 mov     eax, [ecx]
.text:080007CB                 cmp     edx, eax        ; if (s->datalen < s->wptr)
.text:080007CD                 jnb     swb_5
.text:080007D3                 mov     eax, [ebp+s]
.text:080007D6                 add     eax, 20
.text:080007D9                 mov     ecx, [ebp+s]
.text:080007DC                 add     ecx, 32
.text:080007DF                 mov     edx, [ecx]
.text:080007E1                 mov     [eax], edx      ; s->datalen = s->wptr;
.text:080007E3
.text:080007E3 swb_5:                                  ; ...
.text:080007E3                 mov     eax, [ebp+len]
.text:080007E6                 cmp     eax, 0          ; if (len) {
.text:080007E9                 jz      swb_7
.text:080007EF                 mov     eax, [ebp+s]
.text:080007F2                 add     eax, 32
.text:080007F5                 mov     ecx, [ebp+s]
.text:080007F8                 add     ecx, 16
.text:080007FB                 mov     edx, [eax]
.text:080007FD                 mov     eax, [ecx]
.text:080007FF                 cmp     edx, eax        ; if (s->wptr >= s->length)
.text:08000801                 jb      swb_6
.text:08000807                 mov     eax, [ebp+s]
.text:0800080A                 push    eax
.text:0800080B                 call    saa_extend      ; saa_extend(s);
.text:08000810                 add     esp, 4
.text:08000813
.text:08000813 swb_6:                                  ; ...
.text:08000813                 mov     eax, [ebp+s]
.text:08000816                 add     eax, 24
.text:08000819                 mov     ecx, [eax]
.text:0800081B                 mov     edx, ecx
.text:0800081D                 add     ecx, 4
.text:08000820                 mov     [eax], ecx      ; s->wblk++;
.text:08000822                 mov     eax, [ebp+s]
.text:08000825                 add     eax, 28
.text:08000828                 mov     ecx, 0
.text:0800082D                 mov     [eax], ecx      ; s->wpos = 0;
.text:0800082F
.text:0800082F swb_7:                                  ; ...
.text:0800082F                 jmp     swb_1
.text:08000834 ; ---------------------------------------------------------------------------
.text:08000834
.text:08000834 swb_8:                                  ; ...
.text:08000834                 leave
.text:08000835                 retn
.text:08000835 saa_wbytes      endp
.text:08000835
.text:08000836
.text:08000836 ; =============== S U B R O U T I N E =======================================
.text:08000836
.text:08000836 ; Attributes: bp-based frame
.text:08000836
.text:08000836                 public saa_wcstring
.text:08000836 saa_wcstring    proc near
.text:08000836
.text:08000836 bytes           = dword ptr -4
.text:08000836 s               = dword ptr  8
.text:08000836 str             = dword ptr  0Ch
.text:08000836
.text:08000836                 push    ebp             ; /* Writes a string, *including* the final null, to the specified SAA,
.text:08000836                                         ;    and return the number of bytes written. */
.text:08000836                                         ;
.text:08000836                                         ; size_t saa_wcstring(struct SAA *s, const char *str)
.text:08000837                 mov     ebp, esp
.text:08000839                 sub     esp, 4
.text:0800083F                 nop
.text:08000840                 mov     eax, [ebp+str]
.text:08000843                 push    eax
.text:08000844                 call    strlen
.text:08000849                 add     esp, 4
.text:0800084C                 inc     eax
.text:0800084D                 mov     [ebp+bytes], eax ; size_t bytes = strlen(str) + 1;
.text:08000850                 mov     eax, [ebp+bytes]
.text:08000853                 push    eax
.text:08000854                 mov     eax, [ebp+str]
.text:08000857                 push    eax
.text:08000858                 mov     eax, [ebp+s]
.text:0800085B                 push    eax
.text:0800085C                 call    saa_wbytes      ; saa_wbytes(s, str, bytes);
.text:08000861                 add     esp, 12
.text:08000864                 mov     eax, [ebp+bytes] ; return bytes;
.text:08000867                 leave
.text:08000868                 retn
.text:08000868 saa_wcstring    endp
.text:08000868
.text:08000869
.text:08000869 ; =============== S U B R O U T I N E =======================================
.text:08000869
.text:08000869 ; Attributes: bp-based frame
.text:08000869
.text:08000869                 public saa_rewind
.text:08000869 saa_rewind      proc near               ; ...
.text:08000869
.text:08000869 s               = dword ptr  8
.text:08000869
.text:08000869                 push    ebp             ; void saa_rewind(struct SAA *s)
.text:0800086A                 mov     ebp, esp
.text:0800086C                 sub     esp, 0
.text:08000872                 nop
.text:08000873                 mov     eax, [ebp+s]
.text:08000876                 add     eax, 36
.text:08000879                 mov     ecx, [ebp+s]
.text:0800087C                 add     ecx, 48
.text:0800087F                 mov     edx, [ecx]
.text:08000881                 mov     [eax], edx
.text:08000883                 mov     eax, [ebp+s]
.text:08000886                 add     eax, 40
.text:08000889                 mov     ecx, [ebp+s]
.text:0800088C                 add     ecx, 44
.text:0800088F                 mov     edx, 0
.text:08000894                 mov     [ecx], edx      ; s->rblk = s->blk_ptrs;
.text:08000896                 mov     [eax], edx      ; s->rpos = s->rptr = 0;
.text:08000898                 leave
.text:08000899                 retn
.text:08000899 saa_rewind      endp
.text:08000899
.text:0800089A
.text:0800089A ; =============== S U B R O U T I N E =======================================
.text:0800089A
.text:0800089A ; Attributes: bp-based frame
.text:0800089A
.text:0800089A                 public saa_rstruct
.text:0800089A saa_rstruct     proc near
.text:0800089A
.text:0800089A tmp4            = dword ptr -14h
.text:0800089A tmp3            = dword ptr -10h
.text:0800089A tmp2            = dword ptr -0Ch
.text:0800089A tmp1            = dword ptr -8
.text:0800089A p               = dword ptr -4
.text:0800089A s               = dword ptr  8
.text:0800089A
.text:0800089A                 push    ebp             ; void *saa_rstruct(struct SAA *s)
.text:0800089B                 mov     ebp, esp
.text:0800089D                 sub     esp, 20         ; void *p;
.text:080008A3                 nop
.text:080008A4                 mov     eax, [ebp+s]    ; if (s->rptr + s->elem_len > s->datalen)
.text:080008A7                 add     eax, 44
.text:080008AA                 mov     ecx, [ebp+s]
.text:080008AD                 mov     edx, [eax]
.text:080008AF                 mov     eax, [ecx]
.text:080008B1                 add     edx, eax
.text:080008B3                 mov     eax, [ebp+s]
.text:080008B6                 add     eax, 20
.text:080008B9                 mov     ecx, [eax]
.text:080008BB                 cmp     edx, ecx
.text:080008BD                 jbe     sr_1
.text:080008C3                 mov     eax, 0          ; return NULL;
.text:080008C8                 jmp     sr_4
.text:080008CD ; ---------------------------------------------------------------------------
.text:080008CD
.text:080008CD sr_1:                                   ; ...
.text:080008CD                 mov     eax, [ebp+s]    ; nasm_assert((s->rpos % s->elem_len) == 0);
.text:080008D0                 add     eax, 40
.text:080008D3                 mov     ecx, [ebp+s]
.text:080008D6                 mov     [ebp+tmp1], eax
.text:080008D9                 mov     eax, [ebp+tmp1]
.text:080008DC                 mov     eax, [eax]      ; s->rpos
.text:080008DE                 mov     [ebp+tmp2], ecx
.text:080008E1                 mov     ecx, [ebp+tmp2]
.text:080008E4                 mov     ecx, [ecx]      ; s->elem_len
.text:080008E6                 xor     edx, edx
.text:080008E8                 div     ecx
.text:080008EA                 cmp     edx, 0
.text:080008ED                 jz      sr_2
.text:080008F3                 mov     eax, offset L_204 ; "(s->rpos % s->elem_len) == 0"
.text:080008F8                 push    eax
.text:080008F9                 mov     eax, 178
.text:080008FE                 push    eax
.text:080008FF                 mov     eax, offset L_203 ; "saa.c"
.text:08000904                 push    eax
.text:08000905                 call    nasm_assert_failed
.text:0800090A                 add     esp, 0Ch
.text:0800090D
.text:0800090D sr_2:                                   ; ...
.text:0800090D                 mov     eax, [ebp+s]    ; if (s->rpos + s->elem_len > s->blk_len) {
.text:08000910                 add     eax, 40
.text:08000913                 mov     ecx, [ebp+s]
.text:08000916                 mov     edx, [eax]      ; s->rpos
.text:08000918                 mov     eax, [ecx]      ; s->elem_len
.text:0800091A                 add     edx, eax
.text:0800091C                 mov     eax, [ebp+s]
.text:0800091F                 add     eax, 4
.text:08000922                 mov     ecx, [eax]      ; s->blk_len
.text:08000924                 cmp     edx, ecx
.text:08000926                 jbe     sr_3
.text:0800092C                 mov     eax, [ebp+s]
.text:0800092F                 add     eax, 36
.text:08000932                 mov     ecx, [eax]
.text:08000934                 mov     edx, ecx
.text:08000936                 add     ecx, 4
.text:08000939                 mov     [eax], ecx      ; s->rblk++;
.text:0800093B                 mov     eax, [ebp+s]
.text:0800093E                 add     eax, 40
.text:08000941                 mov     ecx, 0
.text:08000946                 mov     [eax], ecx      ; s->rpos = 0;
.text:08000948
.text:08000948 sr_3:                                   ; ...
.text:08000948                 mov     eax, [ebp+s]
.text:0800094B                 add     eax, 36
.text:0800094E                 mov     ecx, [eax]      ; s->rblk
.text:08000950                 mov     eax, [ebp+s]
.text:08000953                 add     eax, 40
.text:08000956                 mov     edx, [eax]      ; s->rpos
.text:08000958                 mov     eax, [ecx]      ; *s->rblk
.text:0800095A                 add     eax, edx
.text:0800095C                 mov     [ebp+p], eax    ; p = *s->rblk + s->rpos;
.text:0800095F                 mov     eax, [ebp+s]
.text:08000962                 add     eax, 40
.text:08000965                 mov     ecx, [ebp+s]
.text:08000968                 mov     edx, [eax]
.text:0800096A                 mov     [ebp+tmp3], eax
.text:0800096D                 mov     eax, [ecx]
.text:0800096F                 add     edx, eax
.text:08000971                 mov     eax, [ebp+tmp3]
.text:08000974                 mov     [eax], edx
.text:08000976                 mov     eax, [ebp+s]
.text:08000979                 add     eax, 44
.text:0800097C                 mov     ecx, [ebp+s]
.text:0800097F                 mov     edx, [eax]      ; s->rptr
.text:08000981                 mov     [ebp+tmp4], eax
.text:08000984                 mov     eax, [ecx]      ; s->elem_len
.text:08000986                 add     edx, eax
.text:08000988                 mov     eax, [ebp+tmp4]
.text:0800098B                 mov     [eax], edx      ; s->rptr += s->elem_len;
.text:0800098D                 mov     eax, [ebp+p]    ; return p;
.text:08000990
.text:08000990 sr_4:                                   ; ...
.text:08000990                 leave
.text:08000991                 retn
.text:08000991 saa_rstruct     endp
.text:08000991
.text:08000992
.text:08000992 ; =============== S U B R O U T I N E =======================================
.text:08000992
.text:08000992 ; Attributes: bp-based frame
.text:08000992
.text:08000992                 public saa_rbytes
.text:08000992 saa_rbytes      proc near               ; ...
.text:08000992
.text:08000992 len             = dword ptr -8
.text:08000992 p               = dword ptr -4
.text:08000992 s               = dword ptr  8
.text:08000992 lenp            = dword ptr  0Ch
.text:08000992
.text:08000992                 push    ebp             ; const void *saa_rbytes(struct SAA *s, size_t * lenp)
.text:08000993                 mov     ebp, esp
.text:08000995                 sub     esp, 8          ; const void *p;
.text:0800099B                 nop                     ; size_t len;
.text:0800099C                 mov     eax, [ebp+s]
.text:0800099F                 add     eax, 44
.text:080009A2                 mov     ecx, [ebp+s]
.text:080009A5                 add     ecx, 20
.text:080009A8                 mov     edx, [eax]
.text:080009AA                 mov     eax, [ecx]
.text:080009AC                 cmp     edx, eax        ; if (s->rptr >= s->datalen) {
.text:080009AE                 jb      srb_1
.text:080009B4                 mov     eax, [ebp+lenp]
.text:080009B7                 mov     ecx, 0
.text:080009BC                 mov     [eax], ecx      ; *lenp = 0;
.text:080009BE                 mov     eax, 0
.text:080009C3                 jmp     srb_5           ; return NULL;
.text:080009C8 ; ---------------------------------------------------------------------------
.text:080009C8
.text:080009C8 srb_1:                                  ; ...
.text:080009C8                 mov     eax, [ebp+s]
.text:080009CB                 add     eax, 40
.text:080009CE                 mov     ecx, [ebp+s]
.text:080009D1                 add     ecx, 4
.text:080009D4                 mov     edx, [eax]
.text:080009D6                 mov     eax, [ecx]
.text:080009D8                 cmp     edx, eax        ; if (s->rpos >= s->blk_len) {
.text:080009DA                 jb      srb_2
.text:080009E0                 mov     eax, [ebp+s]
.text:080009E3                 add     eax, 36
.text:080009E6                 mov     ecx, [eax]
.text:080009E8                 mov     edx, ecx
.text:080009EA                 add     ecx, 4
.text:080009ED                 mov     [eax], ecx      ; s->rblk++;
.text:080009EF                 mov     eax, [ebp+s]
.text:080009F2                 add     eax, 40
.text:080009F5                 mov     ecx, 0
.text:080009FA                 mov     [eax], ecx      ; s->rpos = 0;
.text:080009FC
.text:080009FC srb_2:                                  ; ...
.text:080009FC                 mov     eax, [ebp+lenp]
.text:080009FF                 mov     ecx, [eax]
.text:08000A01                 mov     [ebp+len], ecx  ; len = *lenp;
.text:08000A04                 mov     eax, [ebp+s]
.text:08000A07                 add     eax, 20
.text:08000A0A                 mov     ecx, [ebp+s]
.text:08000A0D                 add     ecx, 44
.text:08000A10                 mov     edx, [eax]      ; s->datalen
.text:08000A12                 mov     eax, [ecx]      ; s->rptr
.text:08000A14                 sub     edx, eax
.text:08000A16                 mov     eax, [ebp+len]
.text:08000A19                 cmp     eax, edx        ; if (len > s->datalen - s->rptr)
.text:08000A1B                 jbe     srb_3
.text:08000A21                 mov     eax, [ebp+s]
.text:08000A24                 add     eax, 20
.text:08000A27                 mov     ecx, [ebp+s]
.text:08000A2A                 add     ecx, 44
.text:08000A2D                 mov     edx, [eax]
.text:08000A2F                 mov     eax, [ecx]
.text:08000A31                 sub     edx, eax
.text:08000A33                 mov     [ebp+len], edx
.text:08000A36
.text:08000A36 srb_3:                                  ; ...
.text:08000A36                 mov     eax, [ebp+s]    ; if (len > s->blk_len - s->rpos)
.text:08000A39                 add     eax, 4
.text:08000A3C                 mov     ecx, [ebp+s]
.text:08000A3F                 add     ecx, 40
.text:08000A42                 mov     edx, [eax]
.text:08000A44                 mov     eax, [ecx]
.text:08000A46                 sub     edx, eax
.text:08000A48                 mov     eax, [ebp+len]
.text:08000A4B                 cmp     eax, edx
.text:08000A4D                 jbe     srb_4
.text:08000A53                 mov     eax, [ebp+s]
.text:08000A56                 add     eax, 4
.text:08000A59                 mov     ecx, [ebp+s]
.text:08000A5C                 add     ecx, 40
.text:08000A5F                 mov     edx, [eax]
.text:08000A61                 mov     eax, [ecx]
.text:08000A63                 sub     edx, eax
.text:08000A65                 mov     [ebp+len], edx  ; len = s->blk_len - s->rpos;
.text:08000A68
.text:08000A68 srb_4:                                  ; ...
.text:08000A68                 mov     eax, [ebp+lenp]
.text:08000A6B                 mov     ecx, [ebp+len]
.text:08000A6E                 mov     [eax], ecx      ; *lenp = len;
.text:08000A70                 mov     eax, [ebp+s]
.text:08000A73                 add     eax, 36
.text:08000A76                 mov     ecx, [eax]
.text:08000A78                 mov     eax, [ebp+s]
.text:08000A7B                 add     eax, 40
.text:08000A7E                 mov     edx, [eax]
.text:08000A80                 mov     eax, [ecx]
.text:08000A82                 add     eax, edx
.text:08000A84                 mov     [ebp+p], eax    ; p = *s->rblk + s->rpos;
.text:08000A87                 mov     eax, [ebp+s]
.text:08000A8A                 add     eax, 40
.text:08000A8D                 mov     ecx, [eax]
.text:08000A8F                 mov     edx, [ebp+len]
.text:08000A92                 add     ecx, edx
.text:08000A94                 mov     [eax], ecx      ; s->rpos += len;
.text:08000A96                 mov     eax, [ebp+s]
.text:08000A99                 add     eax, 44
.text:08000A9C                 mov     ecx, [eax]
.text:08000A9E                 mov     edx, [ebp+len]
.text:08000AA1                 add     ecx, edx
.text:08000AA3                 mov     [eax], ecx      ; s->rptr += len;
.text:08000AA5                 mov     eax, [ebp+p]    ; return p;
.text:08000AA8
.text:08000AA8 srb_5:                                  ; ...
.text:08000AA8                 leave
.text:08000AA9                 retn
.text:08000AA9 saa_rbytes      endp
.text:08000AA9
.text:08000AAA
.text:08000AAA ; =============== S U B R O U T I N E =======================================
.text:08000AAA
.text:08000AAA ; Attributes: bp-based frame
.text:08000AAA
.text:08000AAA                 public saa_rnbytes
.text:08000AAA saa_rnbytes     proc near               ; ...
.text:08000AAA
.text:08000AAA p               = dword ptr -0Ch
.text:08000AAA l               = dword ptr -8
.text:08000AAA d               = dword ptr -4
.text:08000AAA s               = dword ptr  8
.text:08000AAA data            = dword ptr  0Ch
.text:08000AAA len             = dword ptr  10h
.text:08000AAA
.text:08000AAA                 push    ebp             ; void saa_rnbytes(struct SAA *s, void *data, size_t len)
.text:08000AAB                 mov     ebp, esp
.text:08000AAD                 sub     esp, 12
.text:08000AB3                 nop
.text:08000AB4                 mov     eax, [ebp+data]
.text:08000AB7                 mov     [ebp+d], eax    ; char *d = data;
.text:08000ABA                 mov     eax, [ebp+s]    ; nasm_assert(s->rptr + len <= s->datalen);
.text:08000ABD                 add     eax, 44
.text:08000AC0                 mov     ecx, [eax]
.text:08000AC2                 mov     eax, [ebp+len]
.text:08000AC5                 add     ecx, eax
.text:08000AC7                 mov     eax, [ebp+s]
.text:08000ACA                 add     eax, 20
.text:08000ACD                 mov     edx, [eax]
.text:08000ACF                 cmp     ecx, edx
.text:08000AD1                 jbe     srnb_1
.text:08000AD7                 mov     eax, offset L_206 ; "s->rptr + len <= s->datalen"
.text:08000ADC                 push    eax
.text:08000ADD                 mov     eax, 226        ; (saa.c line 226)
.text:08000AE2                 push    eax
.text:08000AE3                 mov     eax, offset L_205 ; "saa.c"
.text:08000AE8                 push    eax
.text:08000AE9                 call    nasm_assert_failed
.text:08000AEE                 add     esp, 12
.text:08000AF1
.text:08000AF1 srnb_1:                                 ; ...
.text:08000AF1                 mov     eax, [ebp+len]  ; while (len) {
.text:08000AF4                 cmp     eax, 0
.text:08000AF7                 jz      srnb_2
.text:08000AFD                 mov     eax, [ebp+len]  ; size_t l;
.text:08000B00                 mov     [ebp+l], eax    ; l = len;
.text:08000B03                 lea     eax, [ebp+l]
.text:08000B06                 push    eax
.text:08000B07                 mov     eax, [ebp+s]
.text:08000B0A                 push    eax
.text:08000B0B                 call    saa_rbytes
.text:08000B10                 add     esp, 8          ; const void *p;
.text:08000B13                 mov     [ebp+p], eax    ; p = saa_rbytes(s, &l);
.text:08000B16                 mov     eax, [ebp+l]
.text:08000B19                 push    eax
.text:08000B1A                 mov     eax, [ebp+p]
.text:08000B1D                 push    eax
.text:08000B1E                 mov     eax, [ebp+d]
.text:08000B21                 push    eax
.text:08000B22                 call    memcpy          ; memcpy(d, p, l);
.text:08000B27                 add     esp, 12
.text:08000B2A                 mov     eax, [ebp+l]
.text:08000B2D                 mov     ecx, [ebp+d]
.text:08000B30                 add     ecx, eax
.text:08000B32                 mov     [ebp+d], ecx    ; d += l;
.text:08000B35                 mov     eax, [ebp+len]
.text:08000B38                 mov     ecx, [ebp+l]
.text:08000B3B                 sub     eax, ecx
.text:08000B3D                 mov     [ebp+len], eax  ; len -= l;
.text:08000B40                 jmp     short srnb_1
.text:08000B42 ; ---------------------------------------------------------------------------
.text:08000B42
.text:08000B42 srnb_2:                                 ; ...
.text:08000B42                 leave
.text:08000B43                 retn
.text:08000B43 saa_rnbytes     endp
.text:08000B43
.text:08000B44
.text:08000B44 ; =============== S U B R O U T I N E =======================================
.text:08000B44
.text:08000B44 ; Attributes: bp-based frame
.text:08000B44
.text:08000B44                 public saa_fread
.text:08000B44 saa_fread       proc near
.text:08000B44
.text:08000B44 tmp4            = dword ptr -14h
.text:08000B44 tmp3            = dword ptr -10h
.text:08000B44 tmp2            = dword ptr -0Ch
.text:08000B44 tmp1            = dword ptr -8
.text:08000B44 ix              = dword ptr -4
.text:08000B44 s               = dword ptr  8
.text:08000B44 posn            = dword ptr  0Ch
.text:08000B44 data            = dword ptr  10h
.text:08000B44 len             = dword ptr  14h
.text:08000B44
.text:08000B44                 push    ebp             ; /* Same as saa_rnbytes, except position the counter first */
.text:08000B44                                         ; void saa_fread(struct SAA *s, size_t posn, void *data, size_t len)
.text:08000B45                 mov     ebp, esp
.text:08000B47                 sub     esp, 20
.text:08000B4D                 nop                     ; size_t ix;
.text:08000B4E                 mov     eax, [ebp+posn] ; nasm_assert(posn + len <= s->datalen);
.text:08000B51                 mov     ecx, [ebp+len]
.text:08000B54                 add     eax, ecx
.text:08000B56                 mov     ecx, [ebp+s]
.text:08000B59                 add     ecx, 20
.text:08000B5C                 mov     edx, [ecx]      ; s->datalen
.text:08000B5E                 cmp     eax, edx
.text:08000B60                 jbe     sfr_1
.text:08000B66                 mov     eax, offset L_208 ; "posn + len <= s->datalen"
.text:08000B6B                 push    eax
.text:08000B6C                 mov     eax, 246        ; (saa.c line 246)
.text:08000B71                 push    eax
.text:08000B72                 mov     eax, offset L_207 ; "saa.c"
.text:08000B77                 push    eax
.text:08000B78                 call    nasm_assert_failed
.text:08000B7D                 add     esp, 12
.text:08000B80
.text:08000B80 sfr_1:                                  ; ...
.text:08000B80                 mov     eax, [ebp+s]    ; if (likely(s->blk_len == SAA_BLKLEN)) {
.text:08000B83                 add     eax, 4
.text:08000B86                 mov     ecx, [eax]
.text:08000B88                 cmp     ecx, 10000h     ; SAA_BLKLEN = 65536
.text:08000B8E                 jnz     sfr_2
.text:08000B94                 mov     eax, [ebp+posn]
.text:08000B97                 shr     eax, 16         ; SAA_BLKSHIFT
.text:08000B9A                 mov     [ebp+ix], eax   ; ix = posn >> SAA_BLKSHIFT;
.text:08000B9D                 mov     eax, [ebp+s]
.text:08000BA0                 add     eax, 40         ; s->rpos
.text:08000BA3                 mov     ecx, [ebp+posn]
.text:08000BA6                 and     ecx, 0FFFFh     ; 65535
.text:08000BAC                 mov     [eax], ecx      ; s->rpos = posn & (SAA_BLKLEN - 1);
.text:08000BAE                 jmp     sfr_3
.text:08000BB3 ; ---------------------------------------------------------------------------
.text:08000BB3
.text:08000BB3 sfr_2:                                  ; ...
.text:08000BB3                 mov     eax, [ebp+s]    ; } else {
.text:08000BB6                 add     eax, 4
.text:08000BB9                 mov     [ebp+tmp1], eax
.text:08000BBC                 mov     eax, [ebp+posn]
.text:08000BBF                 mov     ecx, [ebp+tmp1]
.text:08000BC2                 mov     ecx, [ecx]
.text:08000BC4                 xor     edx, edx
.text:08000BC6                 div     ecx
.text:08000BC8                 mov     [ebp+ix], eax   ; ix = posn / s->blk_len;
.text:08000BCB                 mov     eax, [ebp+s]
.text:08000BCE                 add     eax, 40
.text:08000BD1                 mov     ecx, [ebp+s]
.text:08000BD4                 add     ecx, 4
.text:08000BD7                 mov     [ebp+tmp2], eax ; s->rpos address
.text:08000BDA                 mov     eax, [ebp+posn]
.text:08000BDD                 mov     [ebp+tmp3], ecx ; s->blk_len address
.text:08000BE0                 mov     ecx, [ebp+tmp3]
.text:08000BE3                 mov     ecx, [ecx]      ; s->blk_len
.text:08000BE5                 xor     edx, edx
.text:08000BE7                 div     ecx
.text:08000BE9                 mov     eax, [ebp+tmp2]
.text:08000BEC                 mov     [eax], edx      ; s->rpos = posn % s->blk_len;
.text:08000BEE
.text:08000BEE sfr_3:                                  ; ...
.text:08000BEE                 mov     eax, [ebp+s]
.text:08000BF1                 add     eax, 44
.text:08000BF4                 mov     ecx, [ebp+posn]
.text:08000BF7                 mov     [eax], ecx      ; s->rptr = posn;
.text:08000BF9                 mov     eax, [ebp+s]
.text:08000BFC                 add     eax, 36
.text:08000BFF                 mov     ecx, [ebp+s]
.text:08000C02                 add     ecx, 48
.text:08000C05                 mov     edx, [ebp+ix]
.text:08000C08                 shl     edx, 2
.text:08000C0B                 mov     [ebp+tmp4], eax ; s->rblk
.text:08000C0E                 mov     eax, [ecx]
.text:08000C10                 add     eax, edx        ; s->blk_ptrs[ix] address
.text:08000C12                 mov     ecx, [ebp+tmp4]
.text:08000C15                 mov     [ecx], eax      ; s->rblk = &s->blk_ptrs[ix];
.text:08000C17                 mov     eax, [ebp+len]
.text:08000C1A                 push    eax
.text:08000C1B                 mov     eax, [ebp+data]
.text:08000C1E                 push    eax
.text:08000C1F                 mov     eax, [ebp+s]
.text:08000C22                 push    eax
.text:08000C23                 call    saa_rnbytes
.text:08000C28                 add     esp, 12
.text:08000C2B                 leave
.text:08000C2C                 retn
.text:08000C2C saa_fread       endp
.text:08000C2C
.text:08000C2D
.text:08000C2D ; =============== S U B R O U T I N E =======================================
.text:08000C2D
.text:08000C2D ; Attributes: bp-based frame
.text:08000C2D
.text:08000C2D                 public saa_fwrite
.text:08000C2D saa_fwrite      proc near
.text:08000C2D
.text:08000C2D tmp4            = dword ptr -14h
.text:08000C2D tmp3            = dword ptr -10h
.text:08000C2D tmp2            = dword ptr -0Ch
.text:08000C2D tmp1            = dword ptr -8
.text:08000C2D ix              = dword ptr -4
.text:08000C2D s               = dword ptr  8
.text:08000C2D posn            = dword ptr  0Ch
.text:08000C2D data            = dword ptr  10h
.text:08000C2D len             = dword ptr  14h
.text:08000C2D
.text:08000C2D                 push    ebp             ; /* Same as saa_wbytes, except position the counter first */
.text:08000C2D                                         ; void saa_fwrite(struct SAA *s, size_t posn, const void *data, size_t len)
.text:08000C2E                 mov     ebp, esp
.text:08000C30                 sub     esp, 20         ; size_t ix;
.text:08000C36                 nop
.text:08000C37                 mov     eax, [ebp+s]    ; /* Seek beyond the end of the existing array not supported */
.text:08000C37                                         ; nasm_assert(posn <= s->datalen);
.text:08000C3A                 add     eax, 20
.text:08000C3D                 mov     ecx, [ebp+posn]
.text:08000C40                 mov     edx, [eax]
.text:08000C42                 cmp     ecx, edx
.text:08000C44                 jbe     sfw_1
.text:08000C4A                 mov     eax, offset L_210 ; "posn <= s->datalen"
.text:08000C4F                 push    eax
.text:08000C50                 mov     eax, 267        ; (saa.c line 267)
.text:08000C55                 push    eax
.text:08000C56                 mov     eax, offset L_209 ; "saa.c"
.text:08000C5B                 push    eax
.text:08000C5C                 call    nasm_assert_failed
.text:08000C61                 add     esp, 12
.text:08000C64
.text:08000C64 sfw_1:                                  ; ...
.text:08000C64                 mov     eax, [ebp+s]    ; if (likely(s->blk_len == SAA_BLKLEN)) {
.text:08000C67                 add     eax, 4
.text:08000C6A                 mov     ecx, [eax]
.text:08000C6C                 cmp     ecx, 10000h     ; SAA_BLKLEN = 65536
.text:08000C72                 jnz     sfw_2
.text:08000C78                 mov     eax, [ebp+posn]
.text:08000C7B                 shr     eax, 16         ; SAA_BLKSHIFT
.text:08000C7E                 mov     [ebp+ix], eax   ; ix = posn >> SAA_BLKSHIFT;
.text:08000C81                 mov     eax, [ebp+s]
.text:08000C84                 add     eax, 28
.text:08000C87                 mov     ecx, [ebp+posn]
.text:08000C8A                 and     ecx, 0FFFFh     ; 65535
.text:08000C90                 mov     [eax], ecx      ; s->wpos = posn & (SAA_BLKLEN - 1);
.text:08000C92                 jmp     sfw_3
.text:08000C97 ; ---------------------------------------------------------------------------
.text:08000C97
.text:08000C97 sfw_2:                                  ; ...
.text:08000C97                 mov     eax, [ebp+s]    ; } else {
.text:08000C9A                 add     eax, 4
.text:08000C9D                 mov     [ebp+tmp1], eax
.text:08000CA0                 mov     eax, [ebp+posn]
.text:08000CA3                 mov     ecx, [ebp+tmp1]
.text:08000CA6                 mov     ecx, [ecx]      ; s->blk_len
.text:08000CA8                 xor     edx, edx
.text:08000CAA                 div     ecx
.text:08000CAC                 mov     [ebp+ix], eax   ; ix = posn / s->blk_len;
.text:08000CAF                 mov     eax, [ebp+s]
.text:08000CB2                 add     eax, 28
.text:08000CB5                 mov     ecx, [ebp+s]
.text:08000CB8                 add     ecx, 4
.text:08000CBB                 mov     [ebp+tmp2], eax
.text:08000CBE                 mov     eax, [ebp+posn]
.text:08000CC1                 mov     [ebp+tmp3], ecx
.text:08000CC4                 mov     ecx, [ebp+tmp3]
.text:08000CC7                 mov     ecx, [ecx]      ; s->blk_len
.text:08000CC9                 xor     edx, edx
.text:08000CCB                 div     ecx
.text:08000CCD                 mov     eax, [ebp+tmp2]
.text:08000CD0                 mov     [eax], edx      ; s->wpos = posn % s->blk_len;
.text:08000CD2
.text:08000CD2 sfw_3:                                  ; ...
.text:08000CD2                 mov     eax, [ebp+s]
.text:08000CD5                 add     eax, 32
.text:08000CD8                 mov     ecx, [ebp+posn]
.text:08000CDB                 mov     [eax], ecx      ; s->wptr = posn;
.text:08000CDD                 mov     eax, [ebp+s]
.text:08000CE0                 add     eax, 24
.text:08000CE3                 mov     ecx, [ebp+s]
.text:08000CE6                 add     ecx, 48
.text:08000CE9                 mov     edx, [ebp+ix]
.text:08000CEC                 shl     edx, 2
.text:08000CEF                 mov     [ebp+tmp4], eax ; s->wblk address
.text:08000CF2                 mov     eax, [ecx]
.text:08000CF4                 add     eax, edx        ; s->blk_ptrs[ix] address
.text:08000CF6                 mov     ecx, [ebp+tmp4]
.text:08000CF9                 mov     [ecx], eax      ; s->wblk = &s->blk_ptrs[ix];
.text:08000CFB                 mov     eax, [ebp+s]
.text:08000CFE                 add     eax, 28
.text:08000D01                 mov     ecx, [eax]
.text:08000D03                 cmp     ecx, 0
.text:08000D06                 jz      sfw_4
.text:08000D0C                 jmp     sfw_5
.text:08000D11 ; ---------------------------------------------------------------------------
.text:08000D11
.text:08000D11 sfw_4:                                  ; ...
.text:08000D11                 mov     eax, [ebp+s]    ; if (!s->wpos) {
.text:08000D14                 add     eax, 28
.text:08000D17                 mov     ecx, [ebp+s]
.text:08000D1A                 add     ecx, 4
.text:08000D1D                 mov     edx, [ecx]
.text:08000D1F                 mov     [eax], edx      ; s->wpos = s->blk_len;
.text:08000D21                 mov     eax, [ebp+s]
.text:08000D24                 add     eax, 24
.text:08000D27                 mov     ecx, [eax]
.text:08000D29                 mov     edx, ecx
.text:08000D2B                 add     ecx, -4
.text:08000D2E                 mov     [eax], ecx      ; s->wblk--;
.text:08000D30
.text:08000D30 sfw_5:                                  ; ...
.text:08000D30                 mov     eax, [ebp+len]
.text:08000D33                 push    eax
.text:08000D34                 mov     eax, [ebp+data]
.text:08000D37                 push    eax
.text:08000D38                 mov     eax, [ebp+s]
.text:08000D3B                 push    eax
.text:08000D3C                 call    saa_wbytes      ; saa_wbytes(s, data, len);
.text:08000D41                 add     esp, 12
.text:08000D44                 leave
.text:08000D45                 retn
.text:08000D45 saa_fwrite      endp
.text:08000D45
.text:08000D46
.text:08000D46 ; =============== S U B R O U T I N E =======================================
.text:08000D46
.text:08000D46 ; Attributes: bp-based frame
.text:08000D46
.text:08000D46                 public saa_fpwrite
.text:08000D46 saa_fpwrite     proc near
.text:08000D46
.text:08000D46 len             = dword ptr -8
.text:08000D46 data            = dword ptr -4
.text:08000D46 s               = dword ptr  8
.text:08000D46 fp              = dword ptr  0Ch
.text:08000D46
.text:08000D46                 push    ebp             ; void saa_fpwrite(struct SAA *s, FILE * fp)
.text:08000D47                 mov     ebp, esp
.text:08000D49                 sub     esp, 8          ; const char *data;
.text:08000D4F                 nop                     ; size_t len;
.text:08000D50                 mov     eax, [ebp+s]
.text:08000D53                 push    eax
.text:08000D54                 call    saa_rewind      ; saa_rewind(s);
.text:08000D59                 add     esp, 4
.text:08000D5C
.text:08000D5C sfpw_1:                                 ; ...
.text:08000D5C                 mov     eax, [ebp+s]    ; while (len = s->datalen, (data = saa_rbytes(s, &len)) != NULL)
.text:08000D5F                 add     eax, 20
.text:08000D62                 mov     ecx, [eax]
.text:08000D64                 mov     [ebp+len], ecx
.text:08000D67                 lea     eax, [ebp+len]
.text:08000D6A                 push    eax
.text:08000D6B                 mov     eax, [ebp+s]
.text:08000D6E                 push    eax
.text:08000D6F                 call    saa_rbytes      ; saa_rbytes(s, &len)
.text:08000D74                 add     esp, 8
.text:08000D77                 mov     [ebp+data], eax
.text:08000D7A                 cmp     eax, 0
.text:08000D7D                 jz      sfpw_2
.text:08000D83                 mov     eax, [ebp+fp]
.text:08000D86                 push    eax
.text:08000D87                 mov     eax, [ebp+len]
.text:08000D8A                 push    eax
.text:08000D8B                 mov     eax, [ebp+data]
.text:08000D8E                 push    eax
.text:08000D8F                 call    nasm_write      ; nasm_write(data, len, fp);
.text:08000D94                 add     esp, 12
.text:08000D97                 jmp     short sfpw_1
.text:08000D99 ; ---------------------------------------------------------------------------
.text:08000D99
.text:08000D99 sfpw_2:                                 ; ...
.text:08000D99                 leave
.text:08000D9A                 retn
.text:08000D9A saa_fpwrite     endp
.text:08000D9A
.text:08000D9B
.text:08000D9B ; =============== S U B R O U T I N E =======================================
.text:08000D9B
.text:08000D9B ; Attributes: bp-based frame
.text:08000D9B
.text:08000D9B                 public saa_write8
.text:08000D9B saa_write8      proc near
.text:08000D9B
.text:08000D9B s               = dword ptr  8
.text:08000D9B v               = byte ptr  0Ch
.text:08000D9B
.text:08000D9B                 push    ebp             ; void saa_write8(struct SAA *s, uint8_t v)
.text:08000D9C                 mov     ebp, esp
.text:08000D9E                 sub     esp, 0
.text:08000DA4                 nop
.text:08000DA5                 mov     eax, 1
.text:08000DAA                 push    eax
.text:08000DAB                 lea     eax, [ebp+v]
.text:08000DAE                 push    eax
.text:08000DAF                 mov     eax, [ebp+s]
.text:08000DB2                 push    eax
.text:08000DB3                 call    saa_wbytes      ; saa_wbytes(s, &v, 1);
.text:08000DB8                 add     esp, 12
.text:08000DBB                 leave
.text:08000DBC                 retn
.text:08000DBC saa_write8      endp
.text:08000DBC
.text:08000DBD
.text:08000DBD ; =============== S U B R O U T I N E =======================================
.text:08000DBD
.text:08000DBD ; Attributes: bp-based frame
.text:08000DBD
.text:08000DBD                 public saa_write16
.text:08000DBD saa_write16     proc near
.text:08000DBD
.text:08000DBD s               = dword ptr  8
.text:08000DBD v               = word ptr  0Ch
.text:08000DBD
.text:08000DBD                 push    ebp             ; void saa_write16(struct SAA *s, uint16_t v)
.text:08000DBE                 mov     ebp, esp
.text:08000DC0                 sub     esp, 0
.text:08000DC6                 nop
.text:08000DC7                 movzx   eax, [ebp+v]
.text:08000DCB                 mov     [ebp+v], ax     ; v = cpu_to_le16(v);
.text:08000DCF                 mov     eax, 2
.text:08000DD4                 push    eax
.text:08000DD5                 lea     eax, [ebp+v]
.text:08000DD8                 push    eax
.text:08000DD9                 mov     eax, [ebp+s]
.text:08000DDC                 push    eax
.text:08000DDD                 call    saa_wbytes      ; saa_wbytes(s, &v, 2);
.text:08000DE2                 add     esp, 12
.text:08000DE5                 leave
.text:08000DE6                 retn
.text:08000DE6 saa_write16     endp
.text:08000DE6
.text:08000DE7
.text:08000DE7 ; =============== S U B R O U T I N E =======================================
.text:08000DE7
.text:08000DE7 ; Attributes: bp-based frame
.text:08000DE7
.text:08000DE7                 public saa_write32
.text:08000DE7 saa_write32     proc near
.text:08000DE7
.text:08000DE7 s               = dword ptr  8
.text:08000DE7 v               = dword ptr  0Ch
.text:08000DE7
.text:08000DE7                 push    ebp             ; void saa_write32(struct SAA *s, uint32_t v)
.text:08000DE8                 mov     ebp, esp
.text:08000DEA                 sub     esp, 0
.text:08000DF0                 nop
.text:08000DF1                 mov     eax, [ebp+v]
.text:08000DF4                 mov     [ebp+v], eax    ; v = cpu_to_le32(v);
.text:08000DF7                 mov     eax, 4
.text:08000DFC                 push    eax
.text:08000DFD                 lea     eax, [ebp+v]
.text:08000E00                 push    eax
.text:08000E01                 mov     eax, [ebp+s]
.text:08000E04                 push    eax
.text:08000E05                 call    saa_wbytes      ; saa_wbytes(s, &v, 4);
.text:08000E0A                 add     esp, 12
.text:08000E0D                 leave
.text:08000E0E                 retn
.text:08000E0E saa_write32     endp
.text:08000E0E
.text:08000E0F
.text:08000E0F ; =============== S U B R O U T I N E =======================================
.text:08000E0F
.text:08000E0F ; Attributes: bp-based frame
.text:08000E0F
.text:08000E0F                 public saa_write64
.text:08000E0F saa_write64     proc near
.text:08000E0F
.text:08000E0F s               = dword ptr  8
.text:08000E0F v               = dword ptr  0Ch
.text:08000E0F v_h             = dword ptr  10h
.text:08000E0F
.text:08000E0F                 push    ebp             ; void saa_write64(struct SAA *s, uint64_t v)
.text:08000E10                 mov     ebp, esp
.text:08000E12                 sub     esp, 0
.text:08000E18                 nop
.text:08000E19                 mov     eax, [ebp+v]
.text:08000E1C                 mov     ecx, [ebp+v_h]
.text:08000E1F                 mov     [ebp+v], eax    ; v = cpu_to_le64(v);
.text:08000E22                 mov     [ebp+v_h], ecx
.text:08000E25                 mov     eax, 8
.text:08000E2A                 push    eax
.text:08000E2B                 lea     eax, [ebp+v]
.text:08000E2E                 push    eax
.text:08000E2F                 mov     eax, [ebp+s]
.text:08000E32                 push    eax
.text:08000E33                 call    saa_wbytes      ; saa_wbytes(s, &v, 8);
.text:08000E38                 add     esp, 12
.text:08000E3B                 leave
.text:08000E3C                 retn
.text:08000E3C saa_write64     endp
.text:08000E3C
.text:08000E3D
.text:08000E3D ; =============== S U B R O U T I N E =======================================
.text:08000E3D
.text:08000E3D ; Attributes: bp-based frame
.text:08000E3D
.text:08000E3D                 public saa_writeaddr
.text:08000E3D saa_writeaddr   proc near
.text:08000E3D
.text:08000E3D s               = dword ptr  8
.text:08000E3D v               = dword ptr  0Ch
.text:08000E3D v_h             = dword ptr  10h
.text:08000E3D len             = dword ptr  14h
.text:08000E3D
.text:08000E3D                 push    ebp             ; void saa_writeaddr(struct SAA *s, uint64_t v, size_t len)
.text:08000E3E                 mov     ebp, esp
.text:08000E40                 sub     esp, 0
.text:08000E46                 nop
.text:08000E47                 mov     eax, [ebp+v]
.text:08000E4A                 mov     ecx, [ebp+v_h]
.text:08000E4D                 mov     [ebp+v], eax    ; v = cpu_to_le64(v);
.text:08000E50                 mov     [ebp+v_h], ecx
.text:08000E53                 mov     eax, [ebp+len]
.text:08000E56                 push    eax
.text:08000E57                 lea     eax, [ebp+v]
.text:08000E5A                 push    eax
.text:08000E5B                 mov     eax, [ebp+s]
.text:08000E5E                 push    eax
.text:08000E5F                 call    saa_wbytes      ; saa_wbytes(s, &v, len);
.text:08000E64                 add     esp, 12
.text:08000E67                 leave
.text:08000E68                 retn
.text:08000E68 saa_writeaddr   endp
.text:08000E68
.text:08000E69
.text:08000E69 ; =============== S U B R O U T I N E =======================================
.text:08000E69
.text:08000E69 ; Attributes: bp-based frame
.text:08000E69
.text:08000E69                 public saa_wleb128u
.text:08000E69 saa_wleb128u    proc near
.text:08000E69
.text:08000E69 len             = dword ptr -4Ch
.text:08000E69 byte            = byte ptr -45h
.text:08000E69 ptemp           = dword ptr -44h
.text:08000E69 temp            = byte ptr -40h
.text:08000E69 psaa            = dword ptr  8
.text:08000E69 value           = dword ptr  0Ch
.text:08000E69
.text:08000E69                 push    ebp             ; /* write unsigned LEB128 value to SAA */
.text:08000E69                                         ; void saa_wleb128u(struct SAA *psaa, int value)
.text:08000E6A                 mov     ebp, esp
.text:08000E6C                 sub     esp, 76
.text:08000E72                 nop                     ; char temp[64], *ptemp;
.text:08000E73                 lea     eax, [ebp+temp] ; uint8_t byte;
.text:08000E76                 mov     [ebp+ptemp], eax ; ptemp = temp;
.text:08000E79                 mov     eax, 0          ; int len;
.text:08000E7E                 mov     [ebp+len], eax  ; len = 0;
.text:08000E81
.text:08000E81 swlu_1:                                 ; ...
.text:08000E81                 mov     eax, [ebp+value] ; do {
.text:08000E84                 and     eax, 7Fh
.text:08000E87                 mov     [ebp+byte], al  ; byte = value & 127;
.text:08000E8A                 mov     eax, [ebp+value]
.text:08000E8D                 sar     eax, 7
.text:08000E90                 mov     [ebp+value], eax ; value >>= 7;
.text:08000E93                 mov     eax, [ebp+value]
.text:08000E96                 cmp     eax, 0          ; if (value != 0) /* more bytes to come */
.text:08000E99                 jz      swlu_2
.text:08000E9F                 movzx   eax, [ebp+byte]
.text:08000EA3                 or      eax, 80h        ; byte |= 0x80;
.text:08000EA9                 mov     [ebp+byte], al
.text:08000EAC
.text:08000EAC swlu_2:                                 ; ...
.text:08000EAC                 mov     eax, [ebp+ptemp]
.text:08000EAF                 movzx   ecx, [ebp+byte]
.text:08000EB3                 shl     ecx, 24
.text:08000EB6                 sar     ecx, 24
.text:08000EB9                 mov     [eax], cl       ; *ptemp = byte;
.text:08000EBB                 mov     eax, [ebp+ptemp]
.text:08000EBE                 mov     ecx, eax
.text:08000EC0                 inc     eax
.text:08000EC1                 mov     [ebp+ptemp], eax ; ptemp++;
.text:08000EC4                 mov     eax, [ebp+len]
.text:08000EC7                 mov     ecx, eax
.text:08000EC9                 inc     eax
.text:08000ECA                 mov     [ebp+len], eax  ; len++;
.text:08000ECD                 mov     eax, [ebp+value]
.text:08000ED0                 cmp     eax, 0
.text:08000ED3                 jnz     swlu_1          ; } while (value != 0);
.text:08000ED9                 mov     eax, [ebp+len]
.text:08000EDC                 push    eax
.text:08000EDD                 lea     eax, [ebp+temp]
.text:08000EE0                 push    eax
.text:08000EE1                 mov     eax, [ebp+psaa]
.text:08000EE4                 push    eax
.text:08000EE5                 call    saa_wbytes      ; saa_wbytes(psaa, temp, len);
.text:08000EEA                 add     esp, 12
.text:08000EED                 leave
.text:08000EEE                 retn
.text:08000EEE saa_wleb128u    endp
.text:08000EEE
.text:08000EEF
.text:08000EEF ; =============== S U B R O U T I N E =======================================
.text:08000EEF
.text:08000EEF ; Attributes: bp-based frame
.text:08000EEF
.text:08000EEF                 public saa_wleb128s
.text:08000EEF saa_wleb128s    proc near
.text:08000EEF
.text:08000EEF tmp             = dword ptr -5Ch
.text:08000EEF len             = dword ptr -58h
.text:08000EEF size            = dword ptr -54h
.text:08000EEF negative        = dword ptr -50h
.text:08000EEF more            = dword ptr -4Ch
.text:08000EEF byte            = byte ptr -45h
.text:08000EEF ptemp           = dword ptr -44h
.text:08000EEF temp            = byte ptr -40h
.text:08000EEF psaa            = dword ptr  8
.text:08000EEF value           = dword ptr  0Ch
.text:08000EEF
.text:08000EEF                 push    ebp             ; /* write signed LEB128 value to SAA */
.text:08000EEF                                         ; void saa_wleb128s(struct SAA *psaa, int value)
.text:08000EF0                 mov     ebp, esp
.text:08000EF2                 sub     esp, 92         ; char temp[64], *ptemp;
.text:08000EF8                 nop                     ; uint8_t byte;
.text:08000EF9                 lea     eax, [ebp+temp]
.text:08000EFC                 mov     [ebp+ptemp], eax ; ptemp = temp;
.text:08000EFF                 mov     eax, 1          ; bool more, negative;
.text:08000F04                 mov     [ebp+more], eax ; more = 1;
.text:08000F07                 mov     eax, [ebp+value] ; int size, len;
.text:08000F0A                 cmp     eax, 0
.text:08000F0D                 mov     eax, 0
.text:08000F12                 setl    al
.text:08000F15                 mov     [ebp+negative], eax ; negative = (value < 0);
.text:08000F18                 mov     eax, 32         ; sizeof(int) * 8 = 32
.text:08000F1D                 mov     [ebp+size], eax ; size = sizeof(int) * 8;
.text:08000F20                 mov     eax, 0
.text:08000F25                 mov     [ebp+len], eax  ; len = 0;
.text:08000F28
.text:08000F28 swls_1:                                 ; ...
.text:08000F28                 mov     eax, [ebp+more] ; while (more) {
.text:08000F2B                 cmp     eax, 0
.text:08000F2E                 jz      swls_9
.text:08000F34                 mov     eax, [ebp+value]
.text:08000F37                 and     eax, 7Fh        ; byte = value & 0x7f;
.text:08000F3A                 mov     [ebp+byte], al
.text:08000F3D                 mov     eax, [ebp+value]
.text:08000F40                 sar     eax, 7
.text:08000F43                 mov     [ebp+value], eax ; value >>= 7;
.text:08000F46                 mov     eax, [ebp+negative]
.text:08000F49                 cmp     eax, 0          ; if (negative)
.text:08000F4C                 jz      swls_2
.text:08000F52                 mov     eax, [ebp+size] ; /* sign extend */
.text:08000F55                 sub     eax, 7          ; (size - 7)
.text:08000F58                 mov     ecx, 1
.text:08000F5D                 mov     [ebp+tmp], ecx
.text:08000F60                 mov     ecx, eax
.text:08000F62                 mov     eax, [ebp+tmp]
.text:08000F65                 shl     eax, cl
.text:08000F67                 mov     ecx, 0
.text:08000F6C                 sub     ecx, eax        ; neg
.text:08000F6E                 mov     eax, [ebp+value]
.text:08000F71                 or      eax, ecx
.text:08000F73                 mov     [ebp+value], eax ; value |= -(1 << (size - 7));
.text:08000F76
.text:08000F76 swls_2:                                 ; ...
.text:08000F76                 mov     eax, [ebp+value] ; /* sign bit of byte is second high order bit (0x40) */
.text:08000F79                 cmp     eax, 0          ; if ((value == 0 && !(byte & 0x40)) ||
.text:08000F79                                         ;             ((value == -1) && (byte & 0x40)))
.text:08000F7C                 jnz     swls_4
.text:08000F82                 movzx   eax, [ebp+byte]
.text:08000F86                 and     eax, 40h
.text:08000F89                 cmp     eax, 0
.text:08000F8C                 jz      swls_3
.text:08000F92                 jmp     swls_4
.text:08000F97 ; ---------------------------------------------------------------------------
.text:08000F97
.text:08000F97 swls_3:                                 ; ...
.text:08000F97                 jmp     swls_6
.text:08000F9C ; ---------------------------------------------------------------------------
.text:08000F9C
.text:08000F9C swls_4:                                 ; ...
.text:08000F9C                 mov     eax, [ebp+value]
.text:08000F9F                 cmp     eax, -1
.text:08000FA2                 jnz     swls_5
.text:08000FA8                 movzx   eax, [ebp+byte]
.text:08000FAC                 and     eax, 40h
.text:08000FAF                 cmp     eax, 0
.text:08000FB2                 jz      swls_5
.text:08000FB8                 jmp     swls_6
.text:08000FBD ; ---------------------------------------------------------------------------
.text:08000FBD
.text:08000FBD swls_5:                                 ; ...
.text:08000FBD                 jmp     swls_7
.text:08000FC2 ; ---------------------------------------------------------------------------
.text:08000FC2
.text:08000FC2 swls_6:                                 ; ...
.text:08000FC2                 mov     eax, 0
.text:08000FC7                 mov     [ebp+more], eax ; more = 0;
.text:08000FCA                 jmp     swls_8
.text:08000FCF ; ---------------------------------------------------------------------------
.text:08000FCF
.text:08000FCF swls_7:                                 ; ...
.text:08000FCF                 movzx   eax, [ebp+byte] ; else
.text:08000FD3                 or      eax, 80h
.text:08000FD9                 mov     [ebp+byte], al  ; byte |= 0x80;
.text:08000FDC
.text:08000FDC swls_8:                                 ; ...
.text:08000FDC                 mov     eax, [ebp+ptemp]
.text:08000FDF                 movzx   ecx, [ebp+byte]
.text:08000FE3                 shl     ecx, 24
.text:08000FE6                 sar     ecx, 24
.text:08000FE9                 mov     [eax], cl       ; *ptemp = byte;
.text:08000FEB                 mov     eax, [ebp+ptemp]
.text:08000FEE                 mov     ecx, eax
.text:08000FF0                 inc     eax
.text:08000FF1                 mov     [ebp+ptemp], eax ; ptemp++;
.text:08000FF4                 mov     eax, [ebp+len]
.text:08000FF7                 mov     ecx, eax
.text:08000FF9                 inc     eax
.text:08000FFA                 mov     [ebp+len], eax  ; len++;
.text:08000FFD                 jmp     swls_1
.text:08001002 ; ---------------------------------------------------------------------------
.text:08001002
.text:08001002 swls_9:                                 ; ...
.text:08001002                 mov     eax, [ebp+len]
.text:08001005                 push    eax
.text:08001006                 lea     eax, [ebp+temp]
.text:08001009                 push    eax
.text:0800100A                 mov     eax, [ebp+psaa]
.text:0800100D                 push    eax
.text:0800100E                 call    saa_wbytes      ; saa_wbytes(psaa, temp, len);
.text:08001013                 add     esp, 12
.text:08001016                 leave
.text:08001017                 retn
.text:08001017 saa_wleb128s    endp
.text:08001017
.text:08001017 _text           ends
.text:08001017
.data:08001018 ; ===========================================================================
.data:08001018
.data:08001018 ; Segment type: Pure data
.data:08001018 ; Segment permissions: Read/Write
.data:08001018 _data           segment dword public 'DATA' use32
.data:08001018                 assume cs:_data
.data:08001018                 ;org 8001018h
.data:08001018 L_199           db 'saa.c',0            ; ...
.data:0800101E L_200           db '(s->wpos % s->elem_len) == 0',0 ; ...
.data:0800103B L_201           db 'saa.c',0            ; ...
.data:08001041 L_202           db 's->wpos == s->blk_len',0 ; ...
.data:08001057 L_203           db 'saa.c',0            ; ...
.data:0800105D L_204           db '(s->rpos % s->elem_len) == 0',0 ; ...
.data:0800107A L_205           db 'saa.c',0            ; ...
.data:08001080 L_206           db 's->rptr + len <= s->datalen',0 ; ...
.data:0800109C L_207           db 'saa.c',0            ; ...
.data:080010A2 L_208           db 'posn + len <= s->datalen',0 ; ...
.data:080010BB L_209           db 'saa.c',0            ; ...
.data:080010C1 L_210           db 'posn <= s->datalen',0 ; ...
.data:080010C1 _data           ends
.data:080010C1
.bss:080010D4 ; ===========================================================================
.bss:080010D4
.bss:080010D4 ; Segment type: Zero-length
.bss:080010D4 ; Segment permissions: Read/Write
.bss:080010D4 _bss            segment dword public 'BSS' use32
.bss:080010D4 _bss            ends
.bss:080010D4
extern:080010D8 ; ===========================================================================
extern:080010D8
extern:080010D8 ; Segment type: Externs
extern:080010D8 ; extern
extern:080010D8                 extrn __ashldi3:near    ; ...
extern:080010DC                 extrn nasm_zalloc:near  ; ...
extern:080010E0                 extrn nasm_malloc:near  ; ...
extern:080010E4                 extrn nasm_free:near    ; ...
extern:080010E8                 extrn nasm_realloc:near ; ...
extern:080010EC                 extrn nasm_assert_failed:near ; ...
extern:080010F0                 extrn memcpy:near       ; ...
extern:080010F4                 extrn memset:near       ; ...
extern:080010F8                 extrn strlen:near       ; ...
extern:080010FC                 extrn nasm_write:near   ; ...
extern:080010FC
extern:080010FC
extern:080010FC                 end
